63432 1638147.758237
63431 1638147.758237
63430 1638147.758237
63429 1638147.758237
63428 1638147.758237
63425 1638147.758237
63422 1638147.758237
63420 1638147.758237
63418 1638147.758237
63416 1638147.758237
63411 1638147.758237
63408 1638147.758237
63407 1638147.758237
63374 1638147.758237
63367 1638147.758237
63366 1638147.758237
63365 1638147.758237
63364 1638147.758237
63363 1638147.758237
63362 1638147.758237
63349 1638147.758237
63348 1638147.758237
63330 1638147.758237
63313 1638147.758237
63310 1638147.758237
63308 1638147.758237
63306 1638147.758237
63300 1638147.758237
63298 1638147.758237
63297 1638147.758237
63293 1638147.758237
63279 1638147.758237
63270 1638147.758237
63261 1638147.758237
63256 1638147.758237
63255 1638147.758237
63254 1638147.758237
63251 1638147.758237
63250 1638147.758237
63248 1638147.758237
63244 1638147.758237
63238 1638147.758237
63237 1638147.758237
63234 1638147.758237
63233 1638147.758237
63230 1638147.758237
63228 1638147.758237
63222 1638147.758237
63213 1638147.758237
63212 1638147.758237
63211 1638147.758237
63209 1638147.758237
63207 1638147.758237
63205 1638147.758237
63204 1638147.758237
63203 1638147.758237
63201 1638147.758237
63182 1638147.758237
63181 1638147.758237
63176 1638147.758237
63175 1638147.758237
63172 1638147.758237
63168 1638147.758237
63166 1638147.758237
63165 1638147.758237
63164 1638147.758237
63163 1638147.758237
63162 1638147.758237
63161 1638147.758237
63158 1638147.758237
63156 1638147.758237
63151 1638147.758237
63150 1638147.758237
63149 1638147.758237
63148 1638147.758237
63147 1638147.758237
63143 1638147.758237
63141 1638147.758237
63134 1638147.758237
63127 1638147.758237
63126 1638147.758237
63125 1638147.758237
63124 1638147.758237
63119 1638147.758237
63118 1638147.758237
63116 1638147.758237
63111 1638147.758237
63110 1638147.758237
63103 1638147.758237
63102 1638147.758237
63101 1638147.758237
63099 1638147.758237
63098 1638147.758237
63095 1638147.758237
63092 1638147.758237
63089 1638147.758237
63088 1638147.758237
63087 1638147.758237
63086 1638147.758237
63084 1638147.758237
63069 1638147.758237
63067 1638147.758237
63065 1638147.758237
63064 1638147.758237
63062 1638147.758237
63061 1638147.758237
63058 1638147.758237
63055 1638147.758237
63052 1638147.758237
63051 1638147.758237
63036 1638147.758237
63034 1638147.758237
63032 1638147.758237
63031 1638147.758237
63028 1638147.758237
63018 1638147.758237
63010 1638147.758237
63008 1638147.758237
63007 1638147.758237
62998 1638147.758237
62997 1638147.758237
62996 1638147.758237
62995 1638147.758237
62987 1638147.758237
62985 1638147.758237
62977 1638147.758237
62976 1638147.758237
62972 1638147.758237
62968 1638147.758237
62964 1638147.758237
62963 1638147.758237
62945 1638147.758237
62944 1638147.758237
62942 1638147.758237
62937 1638147.758237
62920 1638147.758237
62911 1638147.758237
62910 1638147.758237
62905 1638147.758237
62903 1638147.758237
62901 1638147.758237
62900 1638147.758237
62882 1638147.758237
62881 1638147.758237
62880 1638147.758237
62877 1638147.758237
62875 1638147.758237
62873 1638147.758237
62871 1638147.758237
62869 1638147.758237
62868 1638147.758237
62867 1638147.758237
62866 1638147.758237
62865 1638147.758237
62864 1638147.758237
62847 1638147.758237
62846 1638147.758237
62845 1638147.758237
62843 1638147.758237
62842 1638147.758237
62839 1638147.758237
62834 1638147.758237
62829 1638147.758237
62828 1638147.758237
62815 1638147.758237
62813 1638147.758237
62808 1638147.758237
62807 1638147.758237
62806 1638147.758237
62790 1638147.758237
62788 1638147.758237
62786 1638147.758237
62784 1638147.758237
62782 1638147.758237
62779 1638147.758237
62771 1638147.758237
62770 1638147.758237
62769 1638147.758237
62768 1638147.758237
62767 1638147.758237
62764 1638147.758237
62762 1638147.758237
62760 1638147.758237
62758 1638147.758237
62745 1638147.758237
62732 1638147.758237
62730 1638147.758237
62711 1638147.758237
62702 1638147.758237
62695 1638147.758237
62690 1638147.758237
62688 1638147.758237
62684 1638147.758237
62680 1638147.758237
62663 1638147.758237
62660 1638147.758237
62657 1638147.758237
62604 1638147.758237
62571 1638147.758237
62516 1638147.758237
62513 1638147.758237
62512 1638147.758237
62496 1638147.758237
62490 1638147.758237
62473 1638147.758237
62472 1638147.758237
62465 1638147.758237
62455 1638147.758237
62448 1638147.758237
62441 1638147.758237
62420 1638147.758237
62418 1638147.758237
62415 1638147.758237
62414 1638147.758237
62412 1638147.758237
62411 1638147.758237
62409 1638147.758237
62408 1638147.758237
62407 1638147.758237
62406 1638147.758237
62404 1638147.758237
62402 1638147.758237
62400 1638147.758237
62399 1638147.758237
62366 1638147.758237
62364 1638147.758237
62362 1638147.758237
62358 1638147.758237
62356 1638147.758237
62347 1638147.758237
62342 1638147.758237
62337 1638147.758237
62333 1638147.758237
62332 1638147.758237
62330 1638147.758237
62328 1638147.758237
62325 1638147.758237
62320 1638147.758237
62319 1638147.758237
62308 1638147.758237
62297 1638147.758237
62295 1638147.758237
62294 1638147.758237
62288 1638147.758237
62285 1638147.758237
62283 1638147.758237
62274 1638147.758237
62270 1638147.758237
62269 1638147.758237
62268 1638147.758237
62267 1638147.758237
62266 1638147.758237
62236 1638147.758237
62233 1638147.758237
62231 1638147.758237
62230 1638147.758237
62229 1638147.758237
62223 1638147.758237
62212 1638147.758237
62211 1638147.758237
62209 1638147.758237
62208 1638147.758237
62205 1638147.758237
62202 1638147.758237
62199 1638147.758237
62196 1638147.758237
62195 1638147.758237
62194 1638147.758237
62192 1638147.758237
62191 1638147.758237
62190 1638147.758237
62189 1638147.758237
62188 1638147.758237
62184 1638147.758237
62180 1638147.758237
62177 1638147.758237
62165 1638147.758237
62164 1638147.758237
62163 1638147.758237
62162 1638147.758237
62142 1638147.758237
62133 1638147.758237
62129 1638147.758237
62125 1638147.758237
62121 1638147.758237
62114 1638147.758237
62110 1638147.758237
62106 1638147.758237
62105 1638147.758237
62102 1638147.758237
62096 1638147.758237
62095 1638147.758237
62094 1638147.758237
62089 1638147.758237
62087 1638147.758237
62086 1638147.758237
62085 1638147.758237
62084 1638147.758237
62082 1638147.758237
62081 1638147.758237
62079 1638147.758237
62078 1638147.758237
62077 1638147.758237
62076 1638147.758237
62075 1638147.758237
62074 1638147.758237
62062 1638147.758237
62061 1638147.758237
62056 1638147.758237
62054 1638147.758237
62052 1638147.758237
62051 1638147.758237
62050 1638147.758237
62049 1638147.758237
62039 1638147.758237
62037 1638147.758237
62026 1638147.758237
62025 1638147.758237
62024 1638147.758237
62023 1638147.758237
62022 1638147.758237
62018 1638147.758237
62014 1638147.758237
62013 1638147.758237
62012 1638147.758237
62009 1638147.758237
62006 1638147.758237
62005 1638147.758237
62002 1638147.758237
61999 1638147.758237
61996 1638147.758237
61994 1638147.758237
61976 1638147.758237
61975 1638147.758237
61974 1638147.758237
61970 1638147.758237
61962 1638147.758237
61958 1638147.758237
61957 1638147.758237
61953 1638147.758237
61952 1638147.758237
61951 1638147.758237
61942 1638147.758237
61941 1638147.758237
61940 1638147.758237
61939 1638147.758237
61938 1638147.758237
61936 1638147.758237
61931 1638147.758237
61922 1638147.758237
61921 1638147.758237
61920 1638147.758237
61919 1638147.758237
61879 1638147.758237
61878 1638147.758237
61877 1638147.758237
61876 1638147.758237
61875 1638147.758237
61868 1638147.758237
61866 1638147.758237
61862 1638147.758237
61860 1638147.758237
61857 1638147.758237
61854 1638147.758237
61853 1638147.758237
61850 1638147.758237
61832 1638147.758237
61830 1638147.758237
61828 1638147.758237
61827 1638147.758237
61825 1638147.758237
61824 1638147.758237
61823 1638147.758237
61819 1638147.758237
61815 1638147.758237
61814 1638147.758237
61813 1638147.758237
61812 1638147.758237
61808 1638147.758237
61807 1638147.758237
61806 1638147.758237
61805 1638147.758237
61802 1638147.758237
61801 1638147.758237
61800 1638147.758237
61798 1638147.758237
61797 1638147.758237
61796 1638147.758237
61795 1638147.758237
61788 1638147.758237
61781 1638147.758237
61769 1638147.758237
61764 1638147.758237
61762 1638147.758237
61760 1638147.758237
61759 1638147.758237
61757 1638147.758237
61756 1638147.758237
61750 1638147.758237
61746 1638147.758237
61742 1638147.758237
61740 1638147.758237
61739 1638147.758237
61738 1638147.758237
61733 1638147.758237
61732 1638147.758237
61731 1638147.758237
61730 1638147.758237
61728 1638147.758237
61725 1638147.758237
61707 1638147.758237
61699 1638147.758237
61696 1638147.758237
61695 1638147.758237
61689 1638147.758237
61688 1638147.758237
61668 1638147.758237
61644 1638147.758237
61633 1638147.758237
61630 1638147.758237
61610 1638147.758237
61569 1638147.758237
61549 1638147.758237
61544 1638147.758237
61543 1638147.758237
61540 1638147.758237
61530 1638147.758237
61529 1638147.758237
61528 1638147.758237
61523 1638147.758237
61521 1638147.758237
61519 1638147.758237
61514 1638147.758237
61502 1638147.758237
61500 1638147.758237
61492 1638147.758237
61491 1638147.758237
61483 1638147.758237
61481 1638147.758237
61480 1638147.758237
61479 1638147.758237
61477 1638147.758237
61472 1638147.758237
61467 1638147.758237
61466 1638147.758237
61465 1638147.758237
61463 1638147.758237
61460 1638147.758237
61459 1638147.758237
61458 1638147.758237
61442 1638147.758237
61438 1638147.758237
61437 1638147.758237
61431 1638147.758237
61424 1638147.758237
61417 1638147.758237
61410 1638147.758237
61407 1638147.758237
61404 1638147.758237
61402 1638147.758237
61401 1638147.758237
61385 1638147.758237
61381 1638147.758237
61368 1638147.758237
61358 1638147.758237
61355 1638147.758237
61342 1638147.758237
61334 1638147.758237
61332 1638147.758237
61330 1638147.758237
61329 1638147.758237
61328 1638147.758237
61324 1638147.758237
61304 1638147.758237
61303 1638147.758237
61286 1638147.758237
61285 1638147.758237
61281 1638147.758237
61280 1638147.758237
61277 1638147.758237
61266 1638147.758237
61265 1638147.758237
61262 1638147.758237
61256 1638147.758237
61252 1638147.758237
61249 1638147.758237
61240 1638147.758237
61239 1638147.758237
61234 1638147.758237
61232 1638147.758237
61228 1638147.758237
61227 1638147.758237
61224 1638147.758237
61223 1638147.758237
61221 1638147.758237
61219 1638147.758237
61217 1638147.758237
61212 1638147.758237
61210 1638147.758237
61208 1638147.758237
61199 1638147.758237
61190 1638147.758237
61189 1638147.758237
61188 1638147.758237
61187 1638147.758237
61185 1638147.758237
61181 1638147.758237
61179 1638147.758237
61162 1638147.758237
61161 1638147.758237
61159 1638147.758237
61158 1638147.758237
61157 1638147.758237
61147 1638147.758237
61140 1638147.758237
61138 1638147.758237
61134 1638147.758237
61132 1638147.758237
61131 1638147.758237
61130 1638147.758237
61125 1638147.758237
61124 1638147.758237
61123 1638147.758237
61122 1638147.758237
61115 1638147.758237
61114 1638147.758237
61112 1638147.758237
61111 1638147.758237
61109 1638147.758237
61108 1638147.758237
61107 1638147.758237
61106 1638147.758237
61102 1638147.758237
61101 1638147.758237
61098 1638147.758237
61097 1638147.758237
61096 1638147.758237
61093 1638147.758237
61092 1638147.758237
61087 1638147.758237
61081 1638147.758237
61080 1638147.758237
61075 1638147.758237
61069 1638147.758237
61064 1638147.758237
61059 1638147.758237
61054 1638147.758237
61044 1638147.758237
61034 1638147.758237
61029 1638147.758237
61019 1638147.758237
61014 1638147.758237
61013 1638147.758237
61011 1638147.758237
61010 1638147.758237
61008 1638147.758237
61006 1638147.758237
61005 1638147.758237
61002 1638147.758237
61001 1638147.758237
61000 1638147.758237
60999 1638147.758237
60997 1638147.758237
60996 1638147.758237
60995 1638147.758237
60994 1638147.758237
60978 1638147.758237
60977 1638147.758237
60975 1638147.758237
60973 1638147.758237
60967 1638147.758237
60958 1638147.758237
60949 1638147.758237
60940 1638147.758237
60939 1638147.758237
60938 1638147.758237
60937 1638147.758237
60935 1638147.758237
60934 1638147.758237
60924 1638147.758237
60915 1638147.758237
60913 1638147.758237
60911 1638147.758237
60910 1638147.758237
60907 1638147.758237
60905 1638147.758237
60903 1638147.758237
60886 1638147.758237
60884 1638147.758237
60881 1638147.758237
60878 1638147.758237
60877 1638147.758237
60876 1638147.758237
60869 1638147.758237
60867 1638147.758237
60863 1638147.758237
60855 1638147.758237
60851 1638147.758237
60850 1638147.758237
60849 1638147.758237
60847 1638147.758237
60845 1638147.758237
60844 1638147.758237
60843 1638147.758237
60838 1638147.758237
60837 1638147.758237
60836 1638147.758237
60833 1638147.758237
60830 1638147.758237
60827 1638147.758237
60813 1638147.758237
60812 1638147.758237
60808 1638147.758237
60807 1638147.758237
60803 1638147.758237
60799 1638147.758237
60790 1638147.758237
60752 1638147.758237
60748 1638147.758237
60742 1638147.758237
60740 1638147.758237
60739 1638147.758237
60737 1638147.758237
60729 1638147.758237
60725 1638147.758237
60721 1638147.758237
60720 1638147.758237
60719 1638147.758237
60718 1638147.758237
60715 1638147.758237
60714 1638147.758237
60694 1638147.758237
60692 1638147.758237
60691 1638147.758237
60688 1638147.758237
60685 1638147.758237
60674 1638147.758237
60656 1638147.758237
60655 1638147.758237
60654 1638147.758237
60651 1638147.758237
60643 1638147.758237
60640 1638147.758237
60638 1638147.758237
60636 1638147.758237
60634 1638147.758237
60632 1638147.758237
60605 1638147.758237
60602 1638147.758237
60594 1638147.758237
60593 1638147.758237
60590 1638147.758237
60589 1638147.758237
60569 1638147.758237
60551 1638147.758237
60546 1638147.758237
60545 1638147.758237
60544 1638147.758237
60542 1638147.758237
60541 1638147.758237
60538 1638147.758237
60535 1638147.758237
60534 1638147.758237
60532 1638147.758237
60531 1638147.758237
60526 1638147.758237
60515 1638147.758237
60510 1638147.758237
60508 1638147.758237
60506 1638147.758237
60503 1638147.758237
60490 1638147.758237
60486 1638147.758237
60479 1638147.758237
60477 1638147.758237
60475 1638147.758237
60472 1638147.758237
60468 1638147.758237
60467 1638147.758237
60456 1638147.758237
60439 1638147.758237
60436 1638147.758237
60419 1638147.758237
60416 1638147.758237
60414 1638147.758237
60412 1638147.758237
60408 1638147.758237
60402 1638147.758237
60401 1638147.758237
60399 1638147.758237
60398 1638147.758237
60395 1638147.758237
60391 1638147.758237
60389 1638147.758237
60387 1638147.758237
60382 1638147.758237
60378 1638147.758237
60377 1638147.758237
60376 1638147.758237
60374 1638147.758237
60372 1638147.758237
60370 1638147.758237
60367 1638147.758237
60364 1638147.758237
60361 1638147.758237
60344 1638147.758237
60343 1638147.758237
60342 1638147.758237
60341 1638147.758237
60340 1638147.758237
60327 1638147.758237
60326 1638147.758237
60325 1638147.758237
60302 1638147.758237
60279 1638147.758237
60256 1638147.758237
60255 1638147.758237
60232 1638147.758237
60149 1638147.758237
60139 1638147.758237
60127 1638147.758237
60115 1638147.758237
60113 1638147.758237
60110 1638147.758237
60107 1638147.758237
60104 1638147.758237
60102 1638147.758237
60101 1638147.758237
60099 1638147.758237
60098 1638147.758237
60075 1638147.758237
60050 1638147.758237
60025 1638147.758237
60000 1638147.758237
59990 1638147.758237
59927 1638147.758237
59917 1638147.758237
59869 1638147.758237
59867 1638147.758237
59839 1638147.758237
59834 1638147.758237
59830 1638147.758237
59829 1638147.758237
59828 1638147.758237
59827 1638147.758237
59826 1638147.758237
59824 1638147.758237
59819 1638147.758237
59818 1638147.758237
59817 1638147.758237
59809 1638147.758237
59801 1638147.758237
59800 1638147.758237
59798 1638147.758237
59794 1638147.758237
59787 1638147.758237
59785 1638147.758237
59780 1638147.758237
59779 1638147.758237
59772 1638147.758237
59767 1638147.758237
59762 1638147.758237
59757 1638147.758237
59756 1638147.758237
59755 1638147.758237
59754 1638147.758237
59753 1638147.758237
59752 1638147.758237
59749 1638147.758237
59746 1638147.758237
59745 1638147.758237
59744 1638147.758237
59740 1638147.758237
59739 1638147.758237
59722 1638147.758237
59721 1638147.758237
59720 1638147.758237
59714 1638147.758237
59713 1638147.758237
59711 1638147.758237
59709 1638147.758237
59708 1638147.758237
59704 1638147.758237
59701 1638147.758237
59700 1638147.758237
59698 1638147.758237
59697 1638147.758237
59696 1638147.758237
59695 1638147.758237
59694 1638147.758237
59674 1638147.758237
59654 1638147.758237
59634 1638147.758237
59620 1638147.758237
59619 1638147.758237
59617 1638147.758237
59616 1638147.758237
59614 1638147.758237
59609 1638147.758237
59604 1638147.758237
59603 1638147.758237
59602 1638147.758237
59601 1638147.758237
59600 1638147.758237
59599 1638147.758237
59597 1638147.758237
59596 1638147.758237
59591 1638147.758237
59589 1638147.758237
59582 1638147.758237
59580 1638147.758237
59577 1638147.758237
59574 1638147.758237
59571 1638147.758237
59567 1638147.758237
59565 1638147.758237
59557 1638147.758237
59556 1638147.758237
59555 1638147.758237
59550 1638147.758237
59543 1638147.758237
59532 1638147.758237
59530 1638147.758237
59528 1638147.758237
59525 1638147.758237
59507 1638147.758237
59501 1638147.758237
59496 1638147.758237
59488 1638147.758237
59480 1638147.758237
59472 1638147.758237
59464 1638147.758237
59449 1638147.758237
59441 1638147.758237
59438 1638147.758237
59436 1638147.758237
59433 1638147.758237
59432 1638147.758237
59429 1638147.758237
59426 1638147.758237
59425 1638147.758237
59423 1638147.758237
59405 1638147.758237
59398 1638147.758237
59397 1638147.758237
59391 1638147.758237
59390 1638147.758237
59388 1638147.758237
59387 1638147.758237
59386 1638147.758237
59385 1638147.758237
59384 1638147.758237
59383 1638147.758237
59380 1638147.758237
59379 1638147.758237
59377 1638147.758237
59360 1638147.758237
59358 1638147.758237
59348 1638147.758237
59346 1638147.758237
59345 1638147.758237
59344 1638147.758237
59343 1638147.758237
59337 1638147.758237
59336 1638147.758237
59335 1638147.758237
59333 1638147.758237
59330 1638147.758237
59315 1638147.758237
59308 1638147.758237
59306 1638147.758237
59305 1638147.758237
59304 1638147.758237
59303 1638147.758237
59294 1638147.758237
59293 1638147.758237
59291 1638147.758237
59289 1638147.758237
59288 1638147.758237
59274 1638147.758237
59270 1638147.758237
59265 1638147.758237
59263 1638147.758237
59246 1638147.758237
59244 1638147.758237
59240 1638147.758237
59238 1638147.758237
59235 1638147.758237
59233 1638147.758237
59226 1638147.758237
59219 1638147.758237
59217 1638147.758237
59205 1638147.758237
59193 1638147.758237
59191 1638147.758237
59189 1638147.758237
59186 1638147.758237
59184 1638147.758237
59182 1638147.758237
59181 1638147.758237
59160 1638147.758237
59158 1638147.758237
59156 1638147.758237
59154 1638147.758237
59151 1638147.758237
59149 1638147.758237
59147 1638147.758237
59144 1638147.758237
59143 1638147.758237
59141 1638147.758237
59138 1638147.758237
59136 1638147.758237
59133 1638147.758237
59127 1638147.758237
59125 1638147.758237
59124 1638147.758237
59117 1638147.758237
59115 1638147.758237
59096 1638147.758237
59077 1638147.758237
59058 1638147.758237
59057 1638147.758237
59050 1638147.758237
59049 1638147.758237
59048 1638147.758237
59046 1638147.758237
59045 1638147.758237
59044 1638147.758237
59032 1638147.758237
59031 1638147.758237
59025 1638147.758237
59024 1638147.758237
59008 1638147.758237
58992 1638147.758237
58991 1638147.758237
58987 1638147.758237
58986 1638147.758237
58984 1638147.758237
58969 1638147.758237
58968 1638147.758237
58965 1638147.758237
58963 1638147.758237
58960 1638147.758237
58957 1638147.758237
58956 1638147.758237
58954 1638147.758237
58935 1638147.758237
58918 1638147.758237
58916 1638147.758237
58912 1638147.758237
58907 1638147.758237
58905 1638147.758237
58902 1638147.758237
58899 1638147.758237
58895 1638147.758237
58890 1638147.758237
58871 1638147.758237
58835 1638147.758237
58799 1638147.758237
58798 1638147.758237
58795 1638147.758237
58784 1638147.758237
58779 1638147.758237
58776 1638147.758237
58775 1638147.758237
58772 1638147.758237
58770 1638147.758237
58768 1638147.758237
58767 1638147.758237
58765 1638147.758237
58764 1638147.758237
58763 1638147.758237
58760 1638147.758237
58754 1638147.758237
58748 1638147.758237
58743 1638147.758237
58742 1638147.758237
58738 1638147.758237
58735 1638147.758237
58729 1638147.758237
58728 1638147.758237
58727 1638147.758237
58726 1638147.758237
58723 1638147.758237
58720 1638147.758237
58713 1638147.758237
58711 1638147.758237
58707 1638147.758237
58705 1638147.758237
58701 1638147.758237
58691 1638147.758237
58664 1638147.758237
58654 1638147.758237
58652 1638147.758237
58651 1638147.758237
58650 1638147.758237
58649 1638147.758237
58635 1638147.758237
58623 1638147.758237
58610 1638147.758237
58609 1638147.758237
58587 1638147.758237
58583 1638147.758237
58582 1638147.758237
58581 1638147.758237
58580 1638147.758237
58579 1638147.758237
58578 1638147.758237
58572 1638147.758237
58569 1638147.758237
58566 1638147.758237
58563 1638147.758237
58560 1638147.758237
58557 1638147.758237
58555 1638147.758237
58553 1638147.758237
58551 1638147.758237
58550 1638147.758237
58544 1638147.758237
58543 1638147.758237
58542 1638147.758237
58541 1638147.758237
58539 1638147.758237
58537 1638147.758237
58536 1638147.758237
58534 1638147.758237
58533 1638147.758237
58531 1638147.758237
58529 1638147.758237
58528 1638147.758237
58527 1638147.758237
58526 1638147.758237
58520 1638147.758237
58518 1638147.758237
58517 1638147.758237
58514 1638147.758237
58513 1638147.758237
58504 1638147.758237
58500 1638147.758237
58499 1638147.758237
58498 1638147.758237
58497 1638147.758237
58493 1638147.758237
58492 1638147.758237
58483 1638147.758237
58481 1638147.758237
58479 1638147.758237
58478 1638147.758237
58477 1638147.758237
58475 1638147.758237
58473 1638147.758237
58471 1638147.758237
58470 1638147.758237
58469 1638147.758237
58468 1638147.758237
58464 1638147.758237
58463 1638147.758237
58462 1638147.758237
58461 1638147.758237
58459 1638147.758237
58457 1638147.758237
58454 1638147.758237
58448 1638147.758237
58446 1638147.758237
58443 1638147.758237
58442 1638147.758237
58441 1638147.758237
58440 1638147.758237
58439 1638147.758237
58414 1638147.758237
58390 1638147.758237
58389 1638147.758237
58387 1638147.758237
58384 1638147.758237
58383 1638147.758237
58382 1638147.758237
58381 1638147.758237
58378 1638147.758237
58375 1638147.758237
58374 1638147.758237
58372 1638147.758237
58368 1638147.758237
58366 1638147.758237
58363 1638147.758237
58356 1638147.758237
58345 1638147.758237
58344 1638147.758237
58324 1638147.758237
58323 1638147.758237
58322 1638147.758237
58321 1638147.758237
58317 1638147.758237
58291 1638147.758237
58290 1638147.758237
58287 1638147.758237
58284 1638147.758237
58281 1638147.758237
58279 1638147.758237
58275 1638147.758237
58274 1638147.758237
58273 1638147.758237
58269 1638147.758237
58265 1638147.758237
58261 1638147.758237
58260 1638147.758237
58259 1638147.758237
58258 1638147.758237
58248 1638147.758237
58246 1638147.758237
58243 1638147.758237
58240 1638147.758237
58239 1638147.758237
58232 1638147.758237
58230 1638147.758237
58228 1638147.758237
58226 1638147.758237
58219 1638147.758237
58215 1638147.758237
58214 1638147.758237
58209 1638147.758237
58206 1638147.758237
58197 1638147.758237
58188 1638147.758237
58178 1638147.758237
58173 1638147.758237
58160 1638147.758237
58147 1638147.758237
58146 1638147.758237
58143 1638147.758237
58132 1638147.758237
58107 1638147.758237
58082 1638147.758237
58071 1638147.758237
58047 1638147.758237
58024 1638147.758237
58023 1638147.758237
58015 1638147.758237
58008 1638147.758237
58007 1638147.758237
58006 1638147.758237
58004 1638147.758237
58002 1638147.758237
57992 1638147.758237
57990 1638147.758237
57978 1638147.758237
57976 1638147.758237
57975 1638147.758237
57974 1638147.758237
57969 1638147.758237
57966 1638147.758237
57964 1638147.758237
57960 1638147.758237
57959 1638147.758237
57955 1638147.758237
57952 1638147.758237
57951 1638147.758237
57950 1638147.758237
57948 1638147.758237
57947 1638147.758237
57946 1638147.758237
57939 1638147.758237
57935 1638147.758237
57928 1638147.758237
57927 1638147.758237
57925 1638147.758237
57923 1638147.758237
57922 1638147.758237
57919 1638147.758237
57918 1638147.758237
57915 1638147.758237
57912 1638147.758237
57857 1638147.758237
57856 1638147.758237
57852 1638147.758237
57850 1638147.758237
57848 1638147.758237
57845 1638147.758237
57844 1638147.758237
57834 1638147.758237
57826 1638147.758237
57824 1638147.758237
57821 1638147.758237
57815 1638147.758237
57812 1638147.758237
57809 1638147.758237
57808 1638147.758237
57801 1638147.758237
57793 1638147.758237
57788 1638147.758237
57768 1638147.758237
57756 1638147.758237
57752 1638147.758237
57748 1638147.758237
57747 1638147.758237
57742 1638147.758237
57737 1638147.758237
57735 1638147.758237
57734 1638147.758237
57733 1638147.758237
57727 1638147.758237
57721 1638147.758237
57715 1638147.758237
57714 1638147.758237
57713 1638147.758237
57711 1638147.758237
57705 1638147.758237
57704 1638147.758237
57703 1638147.758237
57698 1638147.758237
57695 1638147.758237
57687 1638147.758237
57686 1638147.758237
57675 1638147.758237
57674 1638147.758237
57673 1638147.758237
57672 1638147.758237
57669 1638147.758237
57663 1638147.758237
57660 1638147.758237
57656 1638147.758237
57645 1638147.758237
57637 1638147.758237
57626 1638147.758237
57622 1638147.758237
57618 1638147.758237
57617 1638147.758237
57616 1638147.758237
57613 1638147.758237
57612 1638147.758237
57611 1638147.758237
57610 1638147.758237
57594 1638147.758237
57593 1638147.758237
57585 1638147.758237
57579 1638147.758237
57578 1638147.758237
57575 1638147.758237
57574 1638147.758237
57563 1638147.758237
57562 1638147.758237
57559 1638147.758237
57556 1638147.758237
57550 1638147.758237
57548 1638147.758237
57539 1638147.758237
57527 1638147.758237
57517 1638147.758237
57516 1638147.758237
57514 1638147.758237
57511 1638147.758237
57510 1638147.758237
57509 1638147.758237
57504 1638147.758237
57503 1638147.758237
57496 1638147.758237
57489 1638147.758237
57488 1638147.758237
57487 1638147.758237
57478 1638147.758237
57469 1638147.758237
57468 1638147.758237
57467 1638147.758237
57466 1638147.758237
57465 1638147.758237
57464 1638147.758237
57463 1638147.758237
57462 1638147.758237
57461 1638147.758237
57459 1638147.758237
57457 1638147.758237
57453 1638147.758237
57451 1638147.758237
57450 1638147.758237
57445 1638147.758237
57438 1638147.758237
57437 1638147.758237
57435 1638147.758237
57434 1638147.758237
57406 1638147.758237
57400 1638147.758237
57372 1638147.758237
57359 1638147.758237
57358 1638147.758237
57357 1638147.758237
57355 1638147.758237
57354 1638147.758237
57351 1638147.758237
57350 1638147.758237
57342 1638147.758237
57340 1638147.758237
57339 1638147.758237
57336 1638147.758237
57335 1638147.758237
57332 1638147.758237
57331 1638147.758237
57318 1638147.758237
57317 1638147.758237
57314 1638147.758237
57310 1638147.758237
57309 1638147.758237
57307 1638147.758237
57305 1638147.758237
57303 1638147.758237
57302 1638147.758237
57301 1638147.758237
57299 1638147.758237
57295 1638147.758237
57292 1638147.758237
57289 1638147.758237
57286 1638147.758237
57279 1638147.758237
57276 1638147.758237
57256 1638147.758237
57247 1638147.758237
57244 1638147.758237
57243 1638147.758237
57242 1638147.758237
57241 1638147.758237
57240 1638147.758237
57239 1638147.758237
57238 1638147.758237
57237 1638147.758237
57236 1638147.758237
57235 1638147.758237
57232 1638147.758237
57231 1638147.758237
57230 1638147.758237
57229 1638147.758237
57228 1638147.758237
57227 1638147.758237
57224 1638147.758237
57217 1638147.758237
57210 1638147.758237
57207 1638147.758237
57202 1638147.758237
57197 1638147.758237
57195 1638147.758237
57191 1638147.758237
57184 1638147.758237
57174 1638147.758237
57169 1638147.758237
57165 1638147.758237
57163 1638147.758237
57161 1638147.758237
57158 1638147.758237
57157 1638147.758237
57155 1638147.758237
57154 1638147.758237
57153 1638147.758237
57145 1638147.758237
57112 1638147.758237
57080 1638147.758237
57053 1638147.758237
57026 1638147.758237
57010 1638147.758237
57008 1638147.758237
57007 1638147.758237
57004 1638147.758237
57001 1638147.758237
56998 1638147.758237
56994 1638147.758237
56987 1638147.758237
56969 1638147.758237
56961 1638147.758237
56924 1638147.758237
56916 1638147.758237
56908 1638147.758237
56900 1638147.758237
56873 1638147.758237
56871 1638147.758237
56870 1638147.758237
56868 1638147.758237
56867 1638147.758237
56865 1638147.758237
56847 1638147.758237
56846 1638147.758237
56845 1638147.758237
56844 1638147.758237
56843 1638147.758237
56841 1638147.758237
56832 1638147.758237
56820 1638147.758237
56814 1638147.758237
56813 1638147.758237
56811 1638147.758237
56806 1638147.758237
56804 1638147.758237
56803 1638147.758237
56802 1638147.758237
56800 1638147.758237
56799 1638147.758237
56797 1638147.758237
56784 1638147.758237
56771 1638147.758237
56770 1638147.758237
56764 1638147.758237
56762 1638147.758237
56759 1638147.758237
56724 1638147.758237
56721 1638147.758237
56686 1638147.758237
56671 1638147.758237
56662 1638147.758237
56651 1638147.758237
56650 1638147.758237
56649 1638147.758237
56646 1638147.758237
56642 1638147.758237
56641 1638147.758237
56638 1638147.758237
56629 1638147.758237
56618 1638147.758237
56607 1638147.758237
56606 1638147.758237
56605 1638147.758237
56604 1638147.758237
56600 1638147.758237
56593 1638147.758237
56582 1638147.758237
56581 1638147.758237
56578 1638147.758237
56577 1638147.758237
56576 1638147.758237
56575 1638147.758237
56574 1638147.758237
56570 1638147.758237
56569 1638147.758237
56566 1638147.758237
56565 1638147.758237
56564 1638147.758237
56561 1638147.758237
56560 1638147.758237
56559 1638147.758237
56557 1638147.758237
56554 1638147.758237
56553 1638147.758237
56552 1638147.758237
56550 1638147.758237
56548 1638147.758237
56544 1638147.758237
56540 1638147.758237
56530 1638147.758237
56529 1638147.758237
56528 1638147.758237
56524 1638147.758237
56520 1638147.758237
56519 1638147.758237
56518 1638147.758237
56517 1638147.758237
56515 1638147.758237
56511 1638147.758237
56509 1638147.758237
56506 1638147.758237
56504 1638147.758237
56501 1638147.758237
56495 1638147.758237
56494 1638147.758237
56493 1638147.758237
56491 1638147.758237
56489 1638147.758237
56488 1638147.758237
56486 1638147.758237
56481 1638147.758237
56479 1638147.758237
56475 1638147.758237
56474 1638147.758237
56472 1638147.758237
56470 1638147.758237
56468 1638147.758237
56462 1638147.758237
56456 1638147.758237
56454 1638147.758237
56446 1638147.758237
56444 1638147.758237
56439 1638147.758237
56430 1638147.758237
56429 1638147.758237
56427 1638147.758237
56424 1638147.758237
56422 1638147.758237
56421 1638147.758237
56419 1638147.758237
56417 1638147.758237
56415 1638147.758237
56414 1638147.758237
56413 1638147.758237
56411 1638147.758237
56410 1638147.758237
56408 1638147.758237
56405 1638147.758237
56401 1638147.758237
56397 1638147.758237
56390 1638147.758237
56388 1638147.758237
56387 1638147.758237
56374 1638147.758237
56366 1638147.758237
56365 1638147.758237
56364 1638147.758237
56363 1638147.758237
56355 1638147.758237
56310 1638147.758237
56308 1638147.758237
56306 1638147.758237
56299 1638147.758237
56298 1638147.758237
56297 1638147.758237
56296 1638147.758237
56295 1638147.758237
56292 1638147.758237
56279 1638147.758237
56278 1638147.758237
56277 1638147.758237
56276 1638147.758237
56271 1638147.758237
56268 1638147.758237
56264 1638147.758237
56261 1638147.758237
56260 1638147.758237
56259 1638147.758237
56256 1638147.758237
56250 1638147.758237
56247 1638147.758237
56242 1638147.758237
56240 1638147.758237
56238 1638147.758237
56202 1638147.758237
56200 1638147.758237
56196 1638147.758237
56195 1638147.758237
56193 1638147.758237
56191 1638147.758237
56190 1638147.758237
56189 1638147.758237
56188 1638147.758237
56186 1638147.758237
56185 1638147.758237
56184 1638147.758237
56163 1638147.758237
56142 1638147.758237
56141 1638147.758237
56140 1638147.758237
56137 1638147.758237
56132 1638147.758237
56131 1638147.758237
56130 1638147.758237
56125 1638147.758237
56121 1638147.758237
56117 1638147.758237
56111 1638147.758237
56109 1638147.758237
56107 1638147.758237
56105 1638147.758237
56103 1638147.758237
56100 1638147.758237
56098 1638147.758237
56097 1638147.758237
56096 1638147.758237
56095 1638147.758237
56094 1638147.758237
56093 1638147.758237
56084 1638147.758237
56083 1638147.758237
56071 1638147.758237
56057 1638147.758237
56055 1638147.758237
56054 1638147.758237
56044 1638147.758237
56041 1638147.758237
56039 1638147.758237
56037 1638147.758237
56036 1638147.758237
56034 1638147.758237
56027 1638147.758237
56026 1638147.758237
56024 1638147.758237
56023 1638147.758237
56022 1638147.758237
56019 1638147.758237
56015 1638147.758237
56014 1638147.758237
56009 1638147.758237
56002 1638147.758237
55995 1638147.758237
55994 1638147.758237
55991 1638147.758237
55988 1638147.758237
55980 1638147.758237
55962 1638147.758237
55945 1638147.758237
55937 1638147.758237
55935 1638147.758237
55928 1638147.758237
55924 1638147.758237
55920 1638147.758237
55919 1638147.758237
55917 1638147.758237
55915 1638147.758237
55913 1638147.758237
55909 1638147.758237
55905 1638147.758237
55904 1638147.758237
55903 1638147.758237
55902 1638147.758237
55901 1638147.758237
55899 1638147.758237
55895 1638147.758237
55892 1638147.758237
55890 1638147.758237
55886 1638147.758237
55882 1638147.758237
55873 1638147.758237
55872 1638147.758237
55871 1638147.758237
55870 1638147.758237
55868 1638147.758237
55867 1638147.758237
55866 1638147.758237
55865 1638147.758237
55864 1638147.758237
55863 1638147.758237
55861 1638147.758237
55860 1638147.758237
55856 1638147.758237
55855 1638147.758237
55853 1638147.758237
55838 1638147.758237
55837 1638147.758237
55836 1638147.758237
55831 1638147.758237
55829 1638147.758237
55826 1638147.758237
55824 1638147.758237
55822 1638147.758237
55821 1638147.758237
55820 1638147.758237
55815 1638147.758237
55811 1638147.758237
55799 1638147.758237
55797 1638147.758237
55793 1638147.758237
55791 1638147.758237
55789 1638147.758237
55787 1638147.758237
55783 1638147.758237
55782 1638147.758237
55766 1638147.758237
55765 1638147.758237
55764 1638147.758237
55763 1638147.758237
55761 1638147.758237
55760 1638147.758237
55758 1638147.758237
55755 1638147.758237
55754 1638147.758237
55752 1638147.758237
55751 1638147.758237
55750 1638147.758237
55749 1638147.758237
55743 1638147.758237
55737 1638147.758237
55735 1638147.758237
55730 1638147.758237
55723 1638147.758237
55720 1638147.758237
55718 1638147.758237
55717 1638147.758237
55716 1638147.758237
55714 1638147.758237
55712 1638147.758237
55711 1638147.758237
55707 1638147.758237
55705 1638147.758237
55701 1638147.758237
55696 1638147.758237
55695 1638147.758237
55692 1638147.758237
55690 1638147.758237
55689 1638147.758237
55688 1638147.758237
55685 1638147.758237
55682 1638147.758237
55679 1638147.758237
55674 1638147.758237
55669 1638147.758237
55664 1638147.758237
55657 1638147.758237
55643 1638147.758237
55641 1638147.758237
55640 1638147.758237
55639 1638147.758237
55637 1638147.758237
55630 1638147.758237
55629 1638147.758237
55628 1638147.758237
55627 1638147.758237
55626 1638147.758237
55625 1638147.758237
55624 1638147.758237
55623 1638147.758237
55622 1638147.758237
55621 1638147.758237
55611 1638147.758237
55598 1638147.758237
55581 1638147.758237
55564 1638147.758237
55561 1638147.758237
55558 1638147.758237
55557 1638147.758237
55555 1638147.758237
55552 1638147.758237
55545 1638147.758237
55544 1638147.758237
55541 1638147.758237
55537 1638147.758237
55529 1638147.758237
55507 1638147.758237
55506 1638147.758237
55505 1638147.758237
55504 1638147.758237
55503 1638147.758237
55496 1638147.758237
55491 1638147.758237
55484 1638147.758237
55483 1638147.758237
55481 1638147.758237
55479 1638147.758237
55478 1638147.758237
55477 1638147.758237
55470 1638147.758237
55469 1638147.758237
55467 1638147.758237
55466 1638147.758237
55464 1638147.758237
55461 1638147.758237
55460 1638147.758237
55459 1638147.758237
55458 1638147.758237
55452 1638147.758237
55449 1638147.758237
55446 1638147.758237
55445 1638147.758237
55443 1638147.758237
55441 1638147.758237
55439 1638147.758237
55437 1638147.758237
55434 1638147.758237
55433 1638147.758237
55432 1638147.758237
55428 1638147.758237
55427 1638147.758237
55422 1638147.758237
55417 1638147.758237
55416 1638147.758237
55415 1638147.758237
55413 1638147.758237
55412 1638147.758237
55408 1638147.758237
55407 1638147.758237
55397 1638147.758237
55396 1638147.758237
55395 1638147.758237
55394 1638147.758237
55391 1638147.758237
55384 1638147.758237
55383 1638147.758237
55382 1638147.758237
55378 1638147.758237
55377 1638147.758237
55376 1638147.758237
55375 1638147.758237
55374 1638147.758237
55373 1638147.758237
55372 1638147.758237
55369 1638147.758237
55367 1638147.758237
55366 1638147.758237
55361 1638147.758237
55359 1638147.758237
55356 1638147.758237
55353 1638147.758237
55350 1638147.758237
55348 1638147.758237
55345 1638147.758237
55344 1638147.758237
55343 1638147.758237
55342 1638147.758237
55341 1638147.758237
55332 1638147.758237
55331 1638147.758237
55330 1638147.758237
55320 1638147.758237
55310 1638147.758237
55306 1638147.758237
55304 1638147.758237
55299 1638147.758237
55294 1638147.758237
55291 1638147.758237
55289 1638147.758237
55286 1638147.758237
55285 1638147.758237
55283 1638147.758237
55281 1638147.758237
55280 1638147.758237
55276 1638147.758237
55272 1638147.758237
55271 1638147.758237
55258 1638147.758237
55257 1638147.758237
55256 1638147.758237
55254 1638147.758237
55253 1638147.758237
55252 1638147.758237
55251 1638147.758237
55250 1638147.758237
55248 1638147.758237
55245 1638147.758237
55244 1638147.758237
55239 1638147.758237
55235 1638147.758237
55233 1638147.758237
55231 1638147.758237
55230 1638147.758237
55229 1638147.758237
55227 1638147.758237
55225 1638147.758237
55224 1638147.758237
55223 1638147.758237
55222 1638147.758237
55221 1638147.758237
55213 1638147.758237
55212 1638147.758237
55209 1638147.758237
55208 1638147.758237
55204 1638147.758237
55203 1638147.758237
55193 1638147.758237
55191 1638147.758237
55189 1638147.758237
55179 1638147.758237
55177 1638147.758237
55176 1638147.758237
55175 1638147.758237
55173 1638147.758237
55172 1638147.758237
55162 1638147.758237
55160 1638147.758237
55150 1638147.758237
55149 1638147.758237
55147 1638147.758237
55143 1638147.758237
55141 1638147.758237
55140 1638147.758237
55138 1638147.758237
55137 1638147.758237
55136 1638147.758237
55131 1638147.758237
55130 1638147.758237
55115 1638147.758237
55100 1638147.758237
55097 1638147.758237
55093 1638147.758237
55092 1638147.758237
55086 1638147.758237
55085 1638147.758237
55082 1638147.758237
55079 1638147.758237
55078 1638147.758237
55076 1638147.758237
55072 1638147.758237
55068 1638147.758237
55067 1638147.758237
55054 1638147.758237
55046 1638147.758237
55042 1638147.758237
55037 1638147.758237
55032 1638147.758237
55030 1638147.758237
55029 1638147.758237
55028 1638147.758237
55027 1638147.758237
55025 1638147.758237
55021 1638147.758237
55020 1638147.758237
55018 1638147.758237
55016 1638147.758237
55014 1638147.758237
55013 1638147.758237
55012 1638147.758237
55010 1638147.758237
55007 1638147.758237
55005 1638147.758237
55002 1638147.758237
54998 1638147.758237
54997 1638147.758237
54994 1638147.758237
54992 1638147.758237
54983 1638147.758237
54980 1638147.758237
54979 1638147.758237
54976 1638147.758237
54973 1638147.758237
54971 1638147.758237
54970 1638147.758237
54967 1638147.758237
54966 1638147.758237
54965 1638147.758237
54964 1638147.758237
54963 1638147.758237
54962 1638147.758237
54960 1638147.758237
54957 1638147.758237
54951 1638147.758237
54949 1638147.758237
54947 1638147.758237
54946 1638147.758237
54939 1638147.758237
54938 1638147.758237
54934 1638147.758237
54932 1638147.758237
54931 1638147.758237
54930 1638147.758237
54929 1638147.758237
54927 1638147.758237
54925 1638147.758237
54923 1638147.758237
54922 1638147.758237
54921 1638147.758237
54920 1638147.758237
54919 1638147.758237
54917 1638147.758237
54915 1638147.758237
54913 1638147.758237
54912 1638147.758237
54905 1638147.758237
54904 1638147.758237
54902 1638147.758237
54898 1638147.758237
54896 1638147.758237
54895 1638147.758237
54894 1638147.758237
54893 1638147.758237
54892 1638147.758237
54891 1638147.758237
54886 1638147.758237
54881 1638147.758237
54877 1638147.758237
54871 1638147.758237
54870 1638147.758237
54868 1638147.758237
54867 1638147.758237
54852 1638147.758237
54831 1638147.758237
54830 1638147.758237
54829 1638147.758237
54828 1638147.758237
54827 1638147.758237
54825 1638147.758237
54823 1638147.758237
54808 1638147.758237
54806 1638147.758237
54805 1638147.758237
54804 1638147.758237
54794 1638147.758237
54793 1638147.758237
54789 1638147.758237
54776 1638147.758237
54763 1638147.758237
54760 1638147.758237
54758 1638147.758237
54756 1638147.758237
54754 1638147.758237
54750 1638147.758237
54746 1638147.758237
54731 1638147.758237
54725 1638147.758237
54698 1638147.758237
54683 1638147.758237
54655 1638147.758237
54626 1638147.758237
54625 1638147.758237
54620 1638147.758237
54609 1638147.758237
54595 1638147.758237
54581 1638147.758237
54576 1638147.758237
54572 1638147.758237
54569 1638147.758237
54568 1638147.758237
54564 1638147.758237
54561 1638147.758237
54560 1638147.758237
54556 1638147.758237
54555 1638147.758237
54552 1638147.758237
54548 1638147.758237
54546 1638147.758237
54543 1638147.758237
54541 1638147.758237
54539 1638147.758237
54538 1638147.758237
54536 1638147.758237
54535 1638147.758237
54533 1638147.758237
54532 1638147.758237
54531 1638147.758237
54530 1638147.758237
54529 1638147.758237
54528 1638147.758237
54527 1638147.758237
54523 1638147.758237
54521 1638147.758237
54520 1638147.758237
54518 1638147.758237
54517 1638147.758237
54516 1638147.758237
54513 1638147.758237
54511 1638147.758237
54510 1638147.758237
54509 1638147.758237
54506 1638147.758237
54493 1638147.758237
54490 1638147.758237
54488 1638147.758237
54485 1638147.758237
54482 1638147.758237
54481 1638147.758237
54480 1638147.758237
54479 1638147.758237
54478 1638147.758237
54476 1638147.758237
54471 1638147.758237
54467 1638147.758237
54466 1638147.758237
54465 1638147.758237
54463 1638147.758237
54462 1638147.758237
54461 1638147.758237
54460 1638147.758237
54457 1638147.758237
54455 1638147.758237
54453 1638147.758237
54451 1638147.758237
54449 1638147.758237
54447 1638147.758237
54445 1638147.758237
54438 1638147.758237
54436 1638147.758237
54434 1638147.758237
54433 1638147.758237
54431 1638147.758237
54424 1638147.758237
54422 1638147.758237
54421 1638147.758237
54418 1638147.758237
54413 1638147.758237
54408 1638147.758237
54407 1638147.758237
54406 1638147.758237
54401 1638147.758237
54398 1638147.758237
54397 1638147.758237
54396 1638147.758237
54394 1638147.758237
54393 1638147.758237
54392 1638147.758237
54391 1638147.758237
54390 1638147.758237
54388 1638147.758237
54387 1638147.758237
54386 1638147.758237
54385 1638147.758237
54384 1638147.758237
54382 1638147.758237
54381 1638147.758237
54379 1638147.758237
54377 1638147.758237
54376 1638147.758237
54375 1638147.758237
54368 1638147.758237
54365 1638147.758237
54361 1638147.758237
54360 1638147.758237
54359 1638147.758237
54358 1638147.758237
54357 1638147.758237
54356 1638147.758237
54355 1638147.758237
54354 1638147.758237
54353 1638147.758237
54350 1638147.758237
54348 1638147.758237
54347 1638147.758237
54346 1638147.758237
54338 1638147.758237
54337 1638147.758237
54336 1638147.758237
54335 1638147.758237
54334 1638147.758237
54333 1638147.758237
54332 1638147.758237
54329 1638147.758237
54328 1638147.758237
54324 1638147.758237
54323 1638147.758237
54322 1638147.758237
54321 1638147.758237
54320 1638147.758237
54318 1638147.758237
54316 1638147.758237
54315 1638147.758237
54314 1638147.758237
54308 1638147.758237
54307 1638147.758237
54306 1638147.758237
54302 1638147.758237
54301 1638147.758237
54300 1638147.758237
54299 1638147.758237
54291 1638147.758237
54290 1638147.758237
54277 1638147.758237
54274 1638147.758237
54273 1638147.758237
54271 1638147.758237
54270 1638147.758237
54269 1638147.758237
54267 1638147.758237
54266 1638147.758237
54265 1638147.758237
54264 1638147.758237
54262 1638147.758237
54261 1638147.758237
54260 1638147.758237
54252 1638147.758237
54248 1638147.758237
54241 1638147.758237
54225 1638147.758237
54224 1638147.758237
54220 1638147.758237
54216 1638147.758237
54214 1638147.758237
54212 1638147.758237
54209 1638147.758237
54201 1638147.758237
54199 1638147.758237
54197 1638147.758237
54195 1638147.758237
54193 1638147.758237
54190 1638147.758237
54184 1638147.758237
54178 1638147.758237
54171 1638147.758237
54164 1638147.758237
54163 1638147.758237
54158 1638147.758237
54149 1638147.758237
54139 1638147.758237
54136 1638147.758237
54135 1638147.758237
54133 1638147.758237
54128 1638147.758237
54125 1638147.758237
54116 1638147.758237
54112 1638147.758237
54104 1638147.758237
54103 1638147.758237
54070 1638147.758237
54056 1638147.758237
54039 1638147.758237
54022 1638147.758237
54005 1638147.758237
54004 1638147.758237
53999 1638147.758237
53994 1638147.758237
53990 1638147.758237
53988 1638147.758237
53982 1638147.758237
53973 1638147.758237
53964 1638147.758237
53962 1638147.758237
53957 1638147.758237
53956 1638147.758237
53955 1638147.758237
53950 1638147.758237
53949 1638147.758237
53945 1638147.758237
53930 1638147.758237
53929 1638147.758237
53927 1638147.758237
53925 1638147.758237
53923 1638147.758237
53922 1638147.758237
53920 1638147.758237
53918 1638147.758237
53917 1638147.758237
53916 1638147.758237
53915 1638147.758237
53914 1638147.758237
53913 1638147.758237
53911 1638147.758237
53910 1638147.758237
53909 1638147.758237
53908 1638147.758237
53906 1638147.758237
53904 1638147.758237
53903 1638147.758237
53896 1638147.758237
53890 1638147.758237
53888 1638147.758237
53887 1638147.758237
53886 1638147.758237
53881 1638147.758237
53877 1638147.758237
53876 1638147.758237
53873 1638147.758237
53872 1638147.758237
53865 1638147.758237
53864 1638147.758237
53863 1638147.758237
53862 1638147.758237
53852 1638147.758237
53850 1638147.758237
53840 1638147.758237
53830 1638147.758237
53820 1638147.758237
53819 1638147.758237
53817 1638147.758237
53816 1638147.758237
53815 1638147.758237
53813 1638147.758237
53811 1638147.758237
53809 1638147.758237
53808 1638147.758237
53805 1638147.758237
53803 1638147.758237
53800 1638147.758237
53799 1638147.758237
53798 1638147.758237
53797 1638147.758237
53795 1638147.758237
53794 1638147.758237
53786 1638147.758237
53785 1638147.758237
53784 1638147.758237
53780 1638147.758237
53779 1638147.758237
53771 1638147.758237
53763 1638147.758237
53757 1638147.758237
53755 1638147.758237
53754 1638147.758237
53753 1638147.758237
53752 1638147.758237
53751 1638147.758237
53750 1638147.758237
53749 1638147.758237
53748 1638147.758237
53747 1638147.758237
53741 1638147.758237
53735 1638147.758237
53729 1638147.758237
53723 1638147.758237
53718 1638147.758237
53711 1638147.758237
53707 1638147.758237
53706 1638147.758237
53704 1638147.758237
53702 1638147.758237
53701 1638147.758237
53692 1638147.758237
53691 1638147.758237
53689 1638147.758237
53687 1638147.758237
53686 1638147.758237
53684 1638147.758237
53682 1638147.758237
53680 1638147.758237
53671 1638147.758237
53663 1638147.758237
53655 1638147.758237
53653 1638147.758237
53646 1638147.758237
53644 1638147.758237
53640 1638147.758237
53639 1638147.758237
53635 1638147.758237
53627 1638147.758237
53619 1638147.758237
53610 1638147.758237
53602 1638147.758237
53593 1638147.758237
53584 1638147.758237
53575 1638147.758237
53566 1638147.758237
53557 1638147.758237
53549 1638147.758237
53546 1638147.758237
53543 1638147.758237
53540 1638147.758237
53537 1638147.758237
53534 1638147.758237
53530 1638147.758237
53529 1638147.758237
53525 1638147.758237
53522 1638147.758237
53519 1638147.758237
53518 1638147.758237
53517 1638147.758237
53516 1638147.758237
53515 1638147.758237
53514 1638147.758237
53513 1638147.758237
53512 1638147.758237
53511 1638147.758237
53510 1638147.758237
53505 1638147.758237
53504 1638147.758237
53503 1638147.758237
53499 1638147.758237
53497 1638147.758237
53485 1638147.758237
53482 1638147.758237
53481 1638147.758237
53480 1638147.758237
53479 1638147.758237
53464 1638147.758237
53463 1638147.758237
53451 1638147.758237
53441 1638147.758237
53434 1638147.758237
53432 1638147.758237
53431 1638147.758237
53430 1638147.758237
53429 1638147.758237
53428 1638147.758237
53427 1638147.758237
53426 1638147.758237
53425 1638147.758237
53424 1638147.758237
53419 1638147.758237
53413 1638147.758237
53412 1638147.758237
53397 1638147.758237
53393 1638147.758237
53392 1638147.758237
53390 1638147.758237
53388 1638147.758237
53386 1638147.758237
53385 1638147.758237
53383 1638147.758237
53381 1638147.758237
53379 1638147.758237
53378 1638147.758237
53372 1638147.758237
53370 1638147.758237
53368 1638147.758237
53367 1638147.758237
53366 1638147.758237
53365 1638147.758237
53363 1638147.758237
53359 1638147.758237
53352 1638147.758237
53350 1638147.758237
53349 1638147.758237
53345 1638147.758237
53344 1638147.758237
53338 1638147.758237
53336 1638147.758237
53335 1638147.758237
53334 1638147.758237
53322 1638147.758237
53320 1638147.758237
53319 1638147.758237
53318 1638147.758237
53314 1638147.758237
53313 1638147.758237
53312 1638147.758237
53310 1638147.758237
53308 1638147.758237
53306 1638147.758237
53304 1638147.758237
53298 1638147.758237
53297 1638147.758237
53296 1638147.758237
53295 1638147.758237
53294 1638147.758237
53293 1638147.758237
53292 1638147.758237
53289 1638147.758237
53288 1638147.758237
53282 1638147.758237
53281 1638147.758237
53280 1638147.758237
53278 1638147.758237
53275 1638147.758237
53274 1638147.758237
53270 1638147.758237
53268 1638147.758237
53265 1638147.758237
53262 1638147.758237
53260 1638147.758237
53256 1638147.758237
53252 1638147.758237
53245 1638147.758237
53244 1638147.758237
53243 1638147.758237
53232 1638147.758237
53217 1638147.758237
53216 1638147.758237
53214 1638147.758237
53211 1638147.758237
53209 1638147.758237
53208 1638147.758237
53206 1638147.758237
53203 1638147.758237
53200 1638147.758237
53199 1638147.758237
53198 1638147.758237
53196 1638147.758237
53194 1638147.758237
53192 1638147.758237
53191 1638147.758237
53189 1638147.758237
53186 1638147.758237
53179 1638147.758237
53177 1638147.758237
53176 1638147.758237
53168 1638147.758237
53153 1638147.758237
53140 1638147.758237
53127 1638147.758237
53107 1638147.758237
53100 1638147.758237
53099 1638147.758237
53098 1638147.758237
53097 1638147.758237
53096 1638147.758237
53095 1638147.758237
53085 1638147.758237
53084 1638147.758237
53079 1638147.758237
53078 1638147.758237
53077 1638147.758237
53059 1638147.758237
53039 1638147.758237
53036 1638147.758237
53035 1638147.758237
53032 1638147.758237
53031 1638147.758237
53029 1638147.758237
53028 1638147.758237
53026 1638147.758237
53024 1638147.758237
53023 1638147.758237
53022 1638147.758237
53021 1638147.758237
53019 1638147.758237
53018 1638147.758237
53015 1638147.758237
53012 1638147.758237
53009 1638147.758237
53008 1638147.758237
53002 1638147.758237
52999 1638147.758237
52998 1638147.758237
52997 1638147.758237
52996 1638147.758237
52994 1638147.758237
52991 1638147.758237
52989 1638147.758237
52988 1638147.758237
52987 1638147.758237
52986 1638147.758237
52985 1638147.758237
52983 1638147.758237
52982 1638147.758237
52981 1638147.758237
52980 1638147.758237
52979 1638147.758237
52978 1638147.758237
52976 1638147.758237
52973 1638147.758237
52970 1638147.758237
52968 1638147.758237
52967 1638147.758237
52966 1638147.758237
52965 1638147.758237
52964 1638147.758237
52960 1638147.758237
52959 1638147.758237
52958 1638147.758237
52957 1638147.758237
52953 1638147.758237
52952 1638147.758237
52947 1638147.758237
52946 1638147.758237
52944 1638147.758237
52943 1638147.758237
52942 1638147.758237
52941 1638147.758237
52936 1638147.758237
52934 1638147.758237
52933 1638147.758237
52929 1638147.758237
52926 1638147.758237
52922 1638147.758237
52921 1638147.758237
52919 1638147.758237
52917 1638147.758237
52910 1638147.758237
52909 1638147.758237
52903 1638147.758237
52902 1638147.758237
52900 1638147.758237
52895 1638147.758237
52892 1638147.758237
52887 1638147.758237
52886 1638147.758237
52885 1638147.758237
52884 1638147.758237
52883 1638147.758237
52882 1638147.758237
52881 1638147.758237
52880 1638147.758237
52877 1638147.758237
52876 1638147.758237
52873 1638147.758237
52872 1638147.758237
52871 1638147.758237
52870 1638147.758237
52869 1638147.758237
52867 1638147.758237
52865 1638147.758237
52863 1638147.758237
52862 1638147.758237
52860 1638147.758237
52849 1638147.758237
52839 1638147.758237
52835 1638147.758237
52829 1638147.758237
52828 1638147.758237
52827 1638147.758237
52826 1638147.758237
52825 1638147.758237
52821 1638147.758237
52820 1638147.758237
52819 1638147.758237
52817 1638147.758237
52801 1638147.758237
52798 1638147.758237
52793 1638147.758237
52792 1638147.758237
52782 1638147.758237
52772 1638147.758237
52771 1638147.758237
52769 1638147.758237
52768 1638147.758237
52766 1638147.758237
52762 1638147.758237
52758 1638147.758237
52757 1638147.758237
52750 1638147.758237
52747 1638147.758237
52746 1638147.758237
52745 1638147.758237
52744 1638147.758237
52741 1638147.758237
52740 1638147.758237
52739 1638147.758237
52737 1638147.758237
52735 1638147.758237
52730 1638147.758237
52729 1638147.758237
52727 1638147.758237
52725 1638147.758237
52723 1638147.758237
52718 1638147.758237
52715 1638147.758237
52713 1638147.758237
52711 1638147.758237
52710 1638147.758237
52708 1638147.758237
52707 1638147.758237
52706 1638147.758237
52705 1638147.758237
52703 1638147.758237
52701 1638147.758237
52700 1638147.758237
52696 1638147.758237
52693 1638147.758237
52687 1638147.758237
52681 1638147.758237
52676 1638147.758237
52675 1638147.758237
52674 1638147.758237
52673 1638147.758237
52672 1638147.758237
52669 1638147.758237
52668 1638147.758237
52667 1638147.758237
52666 1638147.758237
52665 1638147.758237
52664 1638147.758237
52662 1638147.758237
52660 1638147.758237
52654 1638147.758237
52652 1638147.758237
52650 1638147.758237
52645 1638147.758237
52642 1638147.758237
52640 1638147.758237
52638 1638147.758237
52637 1638147.758237
52636 1638147.758237
52634 1638147.758237
52631 1638147.758237
52625 1638147.758237
52624 1638147.758237
52623 1638147.758237
52620 1638147.758237
52618 1638147.758237
52616 1638147.758237
52614 1638147.758237
52606 1638147.758237
52603 1638147.758237
52602 1638147.758237
52599 1638147.758237
52596 1638147.758237
52584 1638147.758237
52582 1638147.758237
52581 1638147.758237
52580 1638147.758237
52579 1638147.758237
52578 1638147.758237
52576 1638147.758237
52575 1638147.758237
52563 1638147.758237
52552 1638147.758237
52545 1638147.758237
52544 1638147.758237
52543 1638147.758237
52542 1638147.758237
52541 1638147.758237
52540 1638147.758237
52538 1638147.758237
52537 1638147.758237
52536 1638147.758237
52534 1638147.758237
52530 1638147.758237
52526 1638147.758237
52524 1638147.758237
52523 1638147.758237
52514 1638147.758237
52513 1638147.758237
52512 1638147.758237
52508 1638147.758237
52499 1638147.758237
52489 1638147.758237
52479 1638147.758237
52469 1638147.758237
52466 1638147.758237
52458 1638147.758237
52457 1638147.758237
52456 1638147.758237
52455 1638147.758237
52454 1638147.758237
52450 1638147.758237
52448 1638147.758237
52447 1638147.758237
52446 1638147.758237
52445 1638147.758237
52444 1638147.758237
52443 1638147.758237
52442 1638147.758237
52441 1638147.758237
52439 1638147.758237
52438 1638147.758237
52437 1638147.758237
52436 1638147.758237
52435 1638147.758237
52431 1638147.758237
52427 1638147.758237
52425 1638147.758237
52424 1638147.758237
52421 1638147.758237
52420 1638147.758237
52419 1638147.758237
52418 1638147.758237
52417 1638147.758237
52416 1638147.758237
52415 1638147.758237
52413 1638147.758237
52411 1638147.758237
52409 1638147.758237
52407 1638147.758237
52406 1638147.758237
52404 1638147.758237
52403 1638147.758237
52401 1638147.758237
52398 1638147.758237
52396 1638147.758237
52394 1638147.758237
52391 1638147.758237
52390 1638147.758237
52389 1638147.758237
52388 1638147.758237
52387 1638147.758237
52382 1638147.758237
52381 1638147.758237
52379 1638147.758237
52373 1638147.758237
52367 1638147.758237
52365 1638147.758237
52364 1638147.758237
52363 1638147.758237
52360 1638147.758237
52359 1638147.758237
52358 1638147.758237
52354 1638147.758237
52352 1638147.758237
52350 1638147.758237
52348 1638147.758237
52346 1638147.758237
52344 1638147.758237
52341 1638147.758237
52338 1638147.758237
52332 1638147.758237
52329 1638147.758237
52327 1638147.758237
52325 1638147.758237
52324 1638147.758237
52323 1638147.758237
52320 1638147.758237
52319 1638147.758237
52314 1638147.758237
52311 1638147.758237
52309 1638147.758237
52307 1638147.758237
52306 1638147.758237
52305 1638147.758237
52304 1638147.758237
52303 1638147.758237
52301 1638147.758237
52295 1638147.758237
52288 1638147.758237
52286 1638147.758237
52285 1638147.758237
52284 1638147.758237
52283 1638147.758237
52282 1638147.758237
52281 1638147.758237
52280 1638147.758237
52279 1638147.758237
52278 1638147.758237
52276 1638147.758237
52275 1638147.758237
52273 1638147.758237
52272 1638147.758237
52269 1638147.758237
52268 1638147.758237
52266 1638147.758237
52265 1638147.758237
52264 1638147.758237
52263 1638147.758237
52261 1638147.758237
52260 1638147.758237
52258 1638147.758237
52257 1638147.758237
52255 1638147.758237
52253 1638147.758237
52252 1638147.758237
52250 1638147.758237
52249 1638147.758237
52247 1638147.758237
52245 1638147.758237
52244 1638147.758237
52241 1638147.758237
52240 1638147.758237
52238 1638147.758237
52237 1638147.758237
52228 1638147.758237
52219 1638147.758237
52212 1638147.758237
52211 1638147.758237
52210 1638147.758237
52207 1638147.758237
52206 1638147.758237
52204 1638147.758237
52203 1638147.758237
52202 1638147.758237
52201 1638147.758237
52200 1638147.758237
52199 1638147.758237
52196 1638147.758237
52195 1638147.758237
52194 1638147.758237
52190 1638147.758237
52183 1638147.758237
52182 1638147.758237
52172 1638147.758237
52171 1638147.758237
52170 1638147.758237
52169 1638147.758237
52168 1638147.758237
52157 1638147.758237
52154 1638147.758237
52153 1638147.758237
52152 1638147.758237
52150 1638147.758237
52147 1638147.758237
52144 1638147.758237
52143 1638147.758237
52140 1638147.758237
52139 1638147.758237
52123 1638147.758237
52107 1638147.758237
52101 1638147.758237
52099 1638147.758237
52098 1638147.758237
52095 1638147.758237
52094 1638147.758237
52093 1638147.758237
52090 1638147.758237
52089 1638147.758237
52087 1638147.758237
52086 1638147.758237
52083 1638147.758237
52082 1638147.758237
52081 1638147.758237
52080 1638147.758237
52079 1638147.758237
52078 1638147.758237
52077 1638147.758237
52076 1638147.758237
52075 1638147.758237
52074 1638147.758237
52073 1638147.758237
52072 1638147.758237
52071 1638147.758237
52070 1638147.758237
52065 1638147.758237
52062 1638147.758237
52060 1638147.758237
52055 1638147.758237
52053 1638147.758237
52051 1638147.758237
52047 1638147.758237
52046 1638147.758237
52043 1638147.758237
52040 1638147.758237
52039 1638147.758237
52033 1638147.758237
52030 1638147.758237
52028 1638147.758237
52024 1638147.758237
52019 1638147.758237
52016 1638147.758237
52009 1638147.758237
52004 1638147.758237
51999 1638147.758237
51996 1638147.758237
51992 1638147.758237
51991 1638147.758237
51989 1638147.758237
51987 1638147.758237
51986 1638147.758237
51984 1638147.758237
51983 1638147.758237
51978 1638147.758237
51976 1638147.758237
51975 1638147.758237
51972 1638147.758237
51969 1638147.758237
51967 1638147.758237
51965 1638147.758237
51963 1638147.758237
51960 1638147.758237
51959 1638147.758237
51958 1638147.758237
51957 1638147.758237
51956 1638147.758237
51955 1638147.758237
51954 1638147.758237
51951 1638147.758237
51948 1638147.758237
51946 1638147.758237
51941 1638147.758237
51940 1638147.758237
51934 1638147.758237
51933 1638147.758237
51930 1638147.758237
51929 1638147.758237
51928 1638147.758237
51926 1638147.758237
51924 1638147.758237
51923 1638147.758237
51922 1638147.758237
51920 1638147.758237
51919 1638147.758237
51918 1638147.758237
51917 1638147.758237
51916 1638147.758237
51915 1638147.758237
51910 1638147.758237
51905 1638147.758237
51904 1638147.758237
51901 1638147.758237
51900 1638147.758237
51899 1638147.758237
51898 1638147.758237
51889 1638147.758237
51885 1638147.758237
51884 1638147.758237
51883 1638147.758237
51877 1638147.758237
51876 1638147.758237
51875 1638147.758237
51872 1638147.758237
51871 1638147.758237
51870 1638147.758237
51869 1638147.758237
51868 1638147.758237
51867 1638147.758237
51866 1638147.758237
51862 1638147.758237
51861 1638147.758237
51859 1638147.758237
51856 1638147.758237
51855 1638147.758237
51854 1638147.758237
51853 1638147.758237
51852 1638147.758237
51850 1638147.758237
51848 1638147.758237
51846 1638147.758237
51842 1638147.758237
51841 1638147.758237
51838 1638147.758237
51833 1638147.758237
51826 1638147.758237
51825 1638147.758237
51824 1638147.758237
51820 1638147.758237
51818 1638147.758237
51810 1638147.758237
51809 1638147.758237
51808 1638147.758237
51807 1638147.758237
51806 1638147.758237
51805 1638147.758237
51804 1638147.758237
51800 1638147.758237
51799 1638147.758237
51798 1638147.758237
51794 1638147.758237
51793 1638147.758237
51792 1638147.758237
51791 1638147.758237
51785 1638147.758237
51779 1638147.758237
51778 1638147.758237
51777 1638147.758237
51776 1638147.758237
51775 1638147.758237
51774 1638147.758237
51773 1638147.758237
51772 1638147.758237
51765 1638147.758237
51764 1638147.758237
51758 1638147.758237
51752 1638147.758237
51750 1638147.758237
51748 1638147.758237
51747 1638147.758237
51742 1638147.758237
51737 1638147.758237
51736 1638147.758237
51735 1638147.758237
51725 1638147.758237
51723 1638147.758237
51721 1638147.758237
51719 1638147.758237
51714 1638147.758237
51709 1638147.758237
51704 1638147.758237
51699 1638147.758237
51698 1638147.758237
51697 1638147.758237
51695 1638147.758237
51693 1638147.758237
51691 1638147.758237
51690 1638147.758237
51687 1638147.758237
51681 1638147.758237
51670 1638147.758237
51668 1638147.758237
51667 1638147.758237
51664 1638147.758237
51661 1638147.758237
51659 1638147.758237
51657 1638147.758237
51656 1638147.758237
51654 1638147.758237
51653 1638147.758237
51650 1638147.758237
51648 1638147.758237
51645 1638147.758237
51644 1638147.758237
51642 1638147.758237
51640 1638147.758237
51639 1638147.758237
51638 1638147.758237
51637 1638147.758237
51636 1638147.758237
51635 1638147.758237
51633 1638147.758237
51631 1638147.758237
51624 1638147.758237
51619 1638147.758237
51614 1638147.758237
51613 1638147.758237
51612 1638147.758237
51611 1638147.758237
51610 1638147.758237
51599 1638147.758237
51598 1638147.758237
51597 1638147.758237
51596 1638147.758237
51595 1638147.758237
51592 1638147.758237
51590 1638147.758237
51588 1638147.758237
51587 1638147.758237
51586 1638147.758237
51585 1638147.758237
51583 1638147.758237
51579 1638147.758237
51575 1638147.758237
51571 1638147.758237
51567 1638147.758237
51563 1638147.758237
51561 1638147.758237
51560 1638147.758237
51559 1638147.758237
51558 1638147.758237
51555 1638147.758237
51554 1638147.758237
51551 1638147.758237
51547 1638147.758237
51543 1638147.758237
51527 1638147.758237
51523 1638147.758237
51508 1638147.758237
51506 1638147.758237
51504 1638147.758237
51498 1638147.758237
51496 1638147.758237
51495 1638147.758237
51486 1638147.758237
51479 1638147.758237
51476 1638147.758237
51468 1638147.758237
51465 1638147.758237
51464 1638147.758237
51463 1638147.758237
51462 1638147.758237
51460 1638147.758237
51459 1638147.758237
51458 1638147.758237
51457 1638147.758237
51455 1638147.758237
51454 1638147.758237
51453 1638147.758237
51446 1638147.758237
51444 1638147.758237
51443 1638147.758237
51442 1638147.758237
51441 1638147.758237
51440 1638147.758237
51434 1638147.758237
51428 1638147.758237
51422 1638147.758237
51421 1638147.758237
51419 1638147.758237
51418 1638147.758237
51417 1638147.758237
51416 1638147.758237
51415 1638147.758237
51413 1638147.758237
51412 1638147.758237
51411 1638147.758237
51410 1638147.758237
51408 1638147.758237
51407 1638147.758237
51406 1638147.758237
51405 1638147.758237
51403 1638147.758237
51401 1638147.758237
51395 1638147.758237
51393 1638147.758237
51388 1638147.758237
51387 1638147.758237
51386 1638147.758237
51382 1638147.758237
51378 1638147.758237
51374 1638147.758237
51372 1638147.758237
51371 1638147.758237
51370 1638147.758237
51369 1638147.758237
51368 1638147.758237
51367 1638147.758237
51365 1638147.758237
51362 1638147.758237
51361 1638147.758237
51360 1638147.758237
51357 1638147.758237
51356 1638147.758237
51352 1638147.758237
51350 1638147.758237
51345 1638147.758237
51344 1638147.758237
51342 1638147.758237
51340 1638147.758237
51339 1638147.758237
51338 1638147.758237
51336 1638147.758237
51335 1638147.758237
51333 1638147.758237
51331 1638147.758237
51330 1638147.758237
51329 1638147.758237
51327 1638147.758237
51326 1638147.758237
51325 1638147.758237
51323 1638147.758237
51322 1638147.758237
51321 1638147.758237
51318 1638147.758237
51315 1638147.758237
51312 1638147.758237
51311 1638147.758237
51310 1638147.758237
51301 1638147.758237
51300 1638147.758237
51299 1638147.758237
51298 1638147.758237
51295 1638147.758237
51294 1638147.758237
51292 1638147.758237
51291 1638147.758237
51290 1638147.758237
51289 1638147.758237
51287 1638147.758237
51286 1638147.758237
51283 1638147.758237
51282 1638147.758237
51281 1638147.758237
51280 1638147.758237
51272 1638147.758237
51265 1638147.758237
51258 1638147.758237
51247 1638147.758237
51236 1638147.758237
51234 1638147.758237
51232 1638147.758237
51231 1638147.758237
51230 1638147.758237
51229 1638147.758237
51228 1638147.758237
51226 1638147.758237
51224 1638147.758237
51220 1638147.758237
51217 1638147.758237
51216 1638147.758237
51215 1638147.758237
51214 1638147.758237
51208 1638147.758237
51203 1638147.758237
51202 1638147.758237
51199 1638147.758237
51195 1638147.758237
51194 1638147.758237
51193 1638147.758237
51191 1638147.758237
51190 1638147.758237
51189 1638147.758237
51188 1638147.758237
51187 1638147.758237
51186 1638147.758237
51173 1638147.758237
51172 1638147.758237
51171 1638147.758237
51170 1638147.758237
51169 1638147.758237
51168 1638147.758237
51167 1638147.758237
51166 1638147.758237
51165 1638147.758237
51164 1638147.758237
51163 1638147.758237
51160 1638147.758237
51159 1638147.758237
51158 1638147.758237
51157 1638147.758237
51156 1638147.758237
51154 1638147.758237
51144 1638147.758237
51134 1638147.758237
51132 1638147.758237
51131 1638147.758237
51129 1638147.758237
51127 1638147.758237
51123 1638147.758237
51122 1638147.758237
51119 1638147.758237
51118 1638147.758237
51115 1638147.758237
51114 1638147.758237
51111 1638147.758237
51110 1638147.758237
51108 1638147.758237
51107 1638147.758237
51106 1638147.758237
51104 1638147.758237
51100 1638147.758237
51099 1638147.758237
51095 1638147.758237
51091 1638147.758237
51086 1638147.758237
51081 1638147.758237
51078 1638147.758237
51076 1638147.758237
51072 1638147.758237
51068 1638147.758237
51061 1638147.758237
51060 1638147.758237
51059 1638147.758237
51058 1638147.758237
51057 1638147.758237
51056 1638147.758237
51055 1638147.758237
51053 1638147.758237
51052 1638147.758237
51050 1638147.758237
51047 1638147.758237
51044 1638147.758237
51043 1638147.758237
51042 1638147.758237
51040 1638147.758237
51039 1638147.758237
51038 1638147.758237
51034 1638147.758237
51033 1638147.758237
51023 1638147.758237
51020 1638147.758237
51018 1638147.758237
51017 1638147.758237
51015 1638147.758237
51014 1638147.758237
51011 1638147.758237
51008 1638147.758237
51007 1638147.758237
51006 1638147.758237
51004 1638147.758237
51000 1638147.758237
50996 1638147.758237
50992 1638147.758237
50991 1638147.758237
50990 1638147.758237
50989 1638147.758237
50988 1638147.758237
50987 1638147.758237
50986 1638147.758237
50985 1638147.758237
50984 1638147.758237
50983 1638147.758237
50981 1638147.758237
50979 1638147.758237
50978 1638147.758237
50977 1638147.758237
50968 1638147.758237
50964 1638147.758237
50963 1638147.758237
50962 1638147.758237
50960 1638147.758237
50958 1638147.758237
50956 1638147.758237
50954 1638147.758237
50952 1638147.758237
50950 1638147.758237
50949 1638147.758237
50948 1638147.758237
50947 1638147.758237
50946 1638147.758237
50945 1638147.758237
50944 1638147.758237
50943 1638147.758237
50935 1638147.758237
50925 1638147.758237
50917 1638147.758237
50909 1638147.758237
50905 1638147.758237
50904 1638147.758237
50903 1638147.758237
50902 1638147.758237
50901 1638147.758237
50900 1638147.758237
50899 1638147.758237
50898 1638147.758237
50897 1638147.758237
50896 1638147.758237
50894 1638147.758237
50892 1638147.758237
50891 1638147.758237
50888 1638147.758237
50887 1638147.758237
50882 1638147.758237
50877 1638147.758237
50875 1638147.758237
50872 1638147.758237
50870 1638147.758237
50868 1638147.758237
50867 1638147.758237
50865 1638147.758237
50864 1638147.758237
50859 1638147.758237
50852 1638147.758237
50849 1638147.758237
50846 1638147.758237
50845 1638147.758237
50844 1638147.758237
50843 1638147.758237
50842 1638147.758237
50834 1638147.758237
50833 1638147.758237
50831 1638147.758237
50829 1638147.758237
50828 1638147.758237
50827 1638147.758237
50826 1638147.758237
50825 1638147.758237
50824 1638147.758237
50823 1638147.758237
50822 1638147.758237
50821 1638147.758237
50815 1638147.758237
50814 1638147.758237
50812 1638147.758237
50810 1638147.758237
50808 1638147.758237
50807 1638147.758237
50805 1638147.758237
50798 1638147.758237
50797 1638147.758237
50796 1638147.758237
50794 1638147.758237
50793 1638147.758237
50792 1638147.758237
50790 1638147.758237
50784 1638147.758237
50781 1638147.758237
50778 1638147.758237
50776 1638147.758237
50761 1638147.758237
50746 1638147.758237
50743 1638147.758237
50742 1638147.758237
50739 1638147.758237
50736 1638147.758237
50733 1638147.758237
50732 1638147.758237
50731 1638147.758237
50730 1638147.758237
50729 1638147.758237
50727 1638147.758237
50724 1638147.758237
50723 1638147.758237
50719 1638147.758237
50715 1638147.758237
50714 1638147.758237
50713 1638147.758237
50707 1638147.758237
50701 1638147.758237
50696 1638147.758237
50693 1638147.758237
50691 1638147.758237
50689 1638147.758237
50687 1638147.758237
50685 1638147.758237
50683 1638147.758237
50681 1638147.758237
50679 1638147.758237
50677 1638147.758237
50676 1638147.758237
50675 1638147.758237
50674 1638147.758237
50671 1638147.758237
50668 1638147.758237
50666 1638147.758237
50664 1638147.758237
50663 1638147.758237
50662 1638147.758237
50659 1638147.758237
50657 1638147.758237
50649 1638147.758237
50648 1638147.758237
50647 1638147.758237
50646 1638147.758237
50645 1638147.758237
50644 1638147.758237
50641 1638147.758237
50640 1638147.758237
50639 1638147.758237
50635 1638147.758237
50631 1638147.758237
50627 1638147.758237
50625 1638147.758237
50622 1638147.758237
50621 1638147.758237
50620 1638147.758237
50619 1638147.758237
50616 1638147.758237
50608 1638147.758237
50606 1638147.758237
50604 1638147.758237
50602 1638147.758237
50600 1638147.758237
50599 1638147.758237
50597 1638147.758237
50596 1638147.758237
50592 1638147.758237
50587 1638147.758237
50586 1638147.758237
50585 1638147.758237
50582 1638147.758237
50580 1638147.758237
50578 1638147.758237
50576 1638147.758237
50575 1638147.758237
50574 1638147.758237
50573 1638147.758237
50571 1638147.758237
50570 1638147.758237
50569 1638147.758237
50567 1638147.758237
50565 1638147.758237
50564 1638147.758237
50562 1638147.758237
50560 1638147.758237
50559 1638147.758237
50558 1638147.758237
50557 1638147.758237
50555 1638147.758237
50554 1638147.758237
50553 1638147.758237
50550 1638147.758237
50549 1638147.758237
50548 1638147.758237
50546 1638147.758237
50544 1638147.758237
50543 1638147.758237
50540 1638147.758237
50538 1638147.758237
50537 1638147.758237
50536 1638147.758237
50535 1638147.758237
50534 1638147.758237
50533 1638147.758237
50531 1638147.758237
50528 1638147.758237
50527 1638147.758237
50525 1638147.758237
50524 1638147.758237
50523 1638147.758237
50520 1638147.758237
50518 1638147.758237
50516 1638147.758237
50513 1638147.758237
50511 1638147.758237
50510 1638147.758237
50507 1638147.758237
50493 1638147.758237
50487 1638147.758237
50486 1638147.758237
50483 1638147.758237
50481 1638147.758237
50479 1638147.758237
50478 1638147.758237
50474 1638147.758237
50473 1638147.758237
50472 1638147.758237
50470 1638147.758237
50466 1638147.758237
50465 1638147.758237
50464 1638147.758237
50463 1638147.758237
50461 1638147.758237
50460 1638147.758237
50459 1638147.758237
50458 1638147.758237
50457 1638147.758237
50456 1638147.758237
50453 1638147.758237
50452 1638147.758237
50451 1638147.758237
50450 1638147.758237
50449 1638147.758237
50447 1638147.758237
50445 1638147.758237
50437 1638147.758237
50436 1638147.758237
50435 1638147.758237
50434 1638147.758237
50432 1638147.758237
50431 1638147.758237
50429 1638147.758237
50428 1638147.758237
50427 1638147.758237
50425 1638147.758237
50424 1638147.758237
50423 1638147.758237
50422 1638147.758237
50420 1638147.758237
50418 1638147.758237
50416 1638147.758237
50415 1638147.758237
50412 1638147.758237
50409 1638147.758237
50408 1638147.758237
50407 1638147.758237
50406 1638147.758237
50401 1638147.758237
50398 1638147.758237
50395 1638147.758237
50394 1638147.758237
50393 1638147.758237
50391 1638147.758237
50390 1638147.758237
50388 1638147.758237
50381 1638147.758237
50380 1638147.758237
50379 1638147.758237
50378 1638147.758237
50375 1638147.758237
50372 1638147.758237
50371 1638147.758237
50370 1638147.758237
50369 1638147.758237
50367 1638147.758237
50366 1638147.758237
50365 1638147.758237
50364 1638147.758237
50363 1638147.758237
50362 1638147.758237
50358 1638147.758237
50356 1638147.758237
50351 1638147.758237
50349 1638147.758237
50347 1638147.758237
50346 1638147.758237
50338 1638147.758237
50337 1638147.758237
50336 1638147.758237
50327 1638147.758237
50325 1638147.758237
50324 1638147.758237
50323 1638147.758237
50322 1638147.758237
50321 1638147.758237
50320 1638147.758237
50318 1638147.758237
50317 1638147.758237
50315 1638147.758237
50313 1638147.758237
50311 1638147.758237
50309 1638147.758237
50307 1638147.758237
50303 1638147.758237
50302 1638147.758237
50301 1638147.758237
50300 1638147.758237
50299 1638147.758237
50298 1638147.758237
50297 1638147.758237
50296 1638147.758237
50289 1638147.758237
50287 1638147.758237
50286 1638147.758237
50285 1638147.758237
50283 1638147.758237
50282 1638147.758237
50277 1638147.758237
50275 1638147.758237
50273 1638147.758237
50272 1638147.758237
50270 1638147.758237
50268 1638147.758237
50267 1638147.758237
50264 1638147.758237
50263 1638147.758237
50260 1638147.758237
50259 1638147.758237
50258 1638147.758237
50256 1638147.758237
50254 1638147.758237
50253 1638147.758237
50252 1638147.758237
50251 1638147.758237
50247 1638147.758237
50246 1638147.758237
50244 1638147.758237
50242 1638147.758237
50231 1638147.758237
50230 1638147.758237
50228 1638147.758237
50226 1638147.758237
50224 1638147.758237
50222 1638147.758237
50220 1638147.758237
50219 1638147.758237
50218 1638147.758237
50216 1638147.758237
50214 1638147.758237
50212 1638147.758237
50211 1638147.758237
50208 1638147.758237
50205 1638147.758237
50199 1638147.758237
50193 1638147.758237
50191 1638147.758237
50190 1638147.758237
50188 1638147.758237
50186 1638147.758237
50182 1638147.758237
50178 1638147.758237
50169 1638147.758237
50157 1638147.758237
50155 1638147.758237
50152 1638147.758237
50151 1638147.758237
50150 1638147.758237
50149 1638147.758237
50144 1638147.758237
50143 1638147.758237
50141 1638147.758237
50139 1638147.758237
50137 1638147.758237
50135 1638147.758237
50134 1638147.758237
50133 1638147.758237
50132 1638147.758237
50131 1638147.758237
50130 1638147.758237
50129 1638147.758237
50128 1638147.758237
50126 1638147.758237
50125 1638147.758237
50124 1638147.758237
50123 1638147.758237
50120 1638147.758237
50117 1638147.758237
50116 1638147.758237
50112 1638147.758237
50111 1638147.758237
50110 1638147.758237
50109 1638147.758237
50108 1638147.758237
50107 1638147.758237
50106 1638147.758237
50102 1638147.758237
50101 1638147.758237
50100 1638147.758237
50099 1638147.758237
50098 1638147.758237
50096 1638147.758237
50095 1638147.758237
50093 1638147.758237
50091 1638147.758237
50089 1638147.758237
50087 1638147.758237
50085 1638147.758237
50084 1638147.758237
50083 1638147.758237
50082 1638147.758237
50080 1638147.758237
50079 1638147.758237
50076 1638147.758237
50075 1638147.758237
50072 1638147.758237
50071 1638147.758237
50067 1638147.758237
50066 1638147.758237
50061 1638147.758237
50060 1638147.758237
50059 1638147.758237
50058 1638147.758237
50057 1638147.758237
50056 1638147.758237
50055 1638147.758237
50053 1638147.758237
50051 1638147.758237
50045 1638147.758237
50044 1638147.758237
50043 1638147.758237
50042 1638147.758237
50041 1638147.758237
50040 1638147.758237
50038 1638147.758237
50036 1638147.758237
50031 1638147.758237
50026 1638147.758237
50025 1638147.758237
50024 1638147.758237
50023 1638147.758237
50019 1638147.758237
50018 1638147.758237
50017 1638147.758237
50010 1638147.758237
50008 1638147.758237
50002 1638147.758237
50000 1638147.758237
49998 1638147.758237
49996 1638147.758237
49995 1638147.758237
49994 1638147.758237
49992 1638147.758237
49991 1638147.758237
49990 1638147.758237
49989 1638147.758237
49988 1638147.758237
49987 1638147.758237
49986 1638147.758237
49975 1638147.758237
49973 1638147.758237
49967 1638147.758237
49961 1638147.758237
49960 1638147.758237
49959 1638147.758237
49957 1638147.758237
49955 1638147.758237
49953 1638147.758237
49952 1638147.758237
49950 1638147.758237
49949 1638147.758237
49948 1638147.758237
49947 1638147.758237
49946 1638147.758237
49945 1638147.758237
49944 1638147.758237
49941 1638147.758237
49939 1638147.758237
49937 1638147.758237
49935 1638147.758237
49933 1638147.758237
49932 1638147.758237
49931 1638147.758237
49930 1638147.758237
49929 1638147.758237
49928 1638147.758237
49926 1638147.758237
49925 1638147.758237
49924 1638147.758237
49921 1638147.758237
49920 1638147.758237
49918 1638147.758237
49911 1638147.758237
49908 1638147.758237
49907 1638147.758237
49906 1638147.758237
49905 1638147.758237
49902 1638147.758237
49901 1638147.758237
49899 1638147.758237
49897 1638147.758237
49896 1638147.758237
49892 1638147.758237
49891 1638147.758237
49890 1638147.758237
49889 1638147.758237
49888 1638147.758237
49887 1638147.758237
49886 1638147.758237
49885 1638147.758237
49878 1638147.758237
49877 1638147.758237
49876 1638147.758237
49874 1638147.758237
49873 1638147.758237
49872 1638147.758237
49871 1638147.758237
49870 1638147.758237
49867 1638147.758237
49866 1638147.758237
49865 1638147.758237
49862 1638147.758237
49861 1638147.758237
49859 1638147.758237
49857 1638147.758237
49854 1638147.758237
49853 1638147.758237
49851 1638147.758237
49848 1638147.758237
49845 1638147.758237
49839 1638147.758237
49830 1638147.758237
49827 1638147.758237
49824 1638147.758237
49821 1638147.758237
49820 1638147.758237
49819 1638147.758237
49818 1638147.758237
49817 1638147.758237
49816 1638147.758237
49813 1638147.758237
49811 1638147.758237
49809 1638147.758237
49803 1638147.758237
49800 1638147.758237
49799 1638147.758237
49795 1638147.758237
49794 1638147.758237
49791 1638147.758237
49790 1638147.758237
49788 1638147.758237
49780 1638147.758237
49772 1638147.758237
49770 1638147.758237
49768 1638147.758237
49766 1638147.758237
49764 1638147.758237
49762 1638147.758237
49760 1638147.758237
49759 1638147.758237
49758 1638147.758237
49757 1638147.758237
49756 1638147.758237
49754 1638147.758237
49751 1638147.758237
49742 1638147.758237
49733 1638147.758237
49732 1638147.758237
49731 1638147.758237
49730 1638147.758237
49729 1638147.758237
49727 1638147.758237
49726 1638147.758237
49720 1638147.758237
49719 1638147.758237
49717 1638147.758237
49716 1638147.758237
49715 1638147.758237
49714 1638147.758237
49711 1638147.758237
49710 1638147.758237
49709 1638147.758237
49703 1638147.758237
49702 1638147.758237
49701 1638147.758237
49700 1638147.758237
49699 1638147.758237
49698 1638147.758237
49697 1638147.758237
49695 1638147.758237
49691 1638147.758237
49687 1638147.758237
49686 1638147.758237
49684 1638147.758237
49683 1638147.758237
49682 1638147.758237
49681 1638147.758237
49680 1638147.758237
49675 1638147.758237
49673 1638147.758237
49671 1638147.758237
49670 1638147.758237
49667 1638147.758237
49663 1638147.758237
49660 1638147.758237
49657 1638147.758237
49647 1638147.758237
49646 1638147.758237
49645 1638147.758237
49644 1638147.758237
49643 1638147.758237
49641 1638147.758237
49640 1638147.758237
49639 1638147.758237
49638 1638147.758237
49634 1638147.758237
49632 1638147.758237
49630 1638147.758237
49629 1638147.758237
49628 1638147.758237
49626 1638147.758237
49625 1638147.758237
49624 1638147.758237
49623 1638147.758237
49622 1638147.758237
49621 1638147.758237
49620 1638147.758237
49619 1638147.758237
49618 1638147.758237
49617 1638147.758237
49616 1638147.758237
49615 1638147.758237
49606 1638147.758237
49594 1638147.758237
49585 1638147.758237
49583 1638147.758237
49581 1638147.758237
49579 1638147.758237
49576 1638147.758237
49572 1638147.758237
49571 1638147.758237
49570 1638147.758237
49569 1638147.758237
49562 1638147.758237
49560 1638147.758237
49559 1638147.758237
49558 1638147.758237
49557 1638147.758237
49553 1638147.758237
49549 1638147.758237
49547 1638147.758237
49546 1638147.758237
49545 1638147.758237
49544 1638147.758237
49541 1638147.758237
49539 1638147.758237
49536 1638147.758237
49534 1638147.758237
49533 1638147.758237
49532 1638147.758237
49531 1638147.758237
49530 1638147.758237
49527 1638147.758237
49526 1638147.758237
49525 1638147.758237
49524 1638147.758237
49523 1638147.758237
49518 1638147.758237
49517 1638147.758237
49516 1638147.758237
49515 1638147.758237
49511 1638147.758237
49509 1638147.758237
49508 1638147.758237
49507 1638147.758237
49506 1638147.758237
49505 1638147.758237
49504 1638147.758237
49495 1638147.758237
49493 1638147.758237
49487 1638147.758237
49486 1638147.758237
49485 1638147.758237
49484 1638147.758237
49483 1638147.758237
49481 1638147.758237
49479 1638147.758237
49478 1638147.758237
49477 1638147.758237
49475 1638147.758237
49474 1638147.758237
49473 1638147.758237
49471 1638147.758237
49468 1638147.758237
49467 1638147.758237
49466 1638147.758237
49465 1638147.758237
49464 1638147.758237
49463 1638147.758237
49462 1638147.758237
49458 1638147.758237
49456 1638147.758237
49455 1638147.758237
49454 1638147.758237
49453 1638147.758237
49449 1638147.758237
49448 1638147.758237
49447 1638147.758237
49445 1638147.758237
49444 1638147.758237
49443 1638147.758237
49442 1638147.758237
49436 1638147.758237
49435 1638147.758237
49430 1638147.758237
49428 1638147.758237
49424 1638147.758237
49420 1638147.758237
49413 1638147.758237
49411 1638147.758237
49387 1638147.758237
49384 1638147.758237
49383 1638147.758237
49382 1638147.758237
49381 1638147.758237
49380 1638147.758237
49379 1638147.758237
49378 1638147.758237
49377 1638147.758237
49374 1638147.758237
49373 1638147.758237
49371 1638147.758237
49369 1638147.758237
49365 1638147.758237
49364 1638147.758237
49361 1638147.758237
49354 1638147.758237
49351 1638147.758237
49348 1638147.758237
49345 1638147.758237
49341 1638147.758237
49340 1638147.758237
49334 1638147.758237
49326 1638147.758237
49319 1638147.758237
49318 1638147.758237
49314 1638147.758237
49310 1638147.758237
49309 1638147.758237
49293 1638147.758237
49292 1638147.758237
49291 1638147.758237
49289 1638147.758237
49286 1638147.758237
49282 1638147.758237
49278 1638147.758237
49277 1638147.758237
49276 1638147.758237
49273 1638147.758237
49271 1638147.758237
49269 1638147.758237
49267 1638147.758237
49265 1638147.758237
49263 1638147.758237
49261 1638147.758237
49259 1638147.758237
49254 1638147.758237
49253 1638147.758237
49252 1638147.758237
49251 1638147.758237
49250 1638147.758237
49249 1638147.758237
49248 1638147.758237
49246 1638147.758237
49243 1638147.758237
49242 1638147.758237
49240 1638147.758237
49239 1638147.758237
49238 1638147.758237
49236 1638147.758237
49235 1638147.758237
49234 1638147.758237
49232 1638147.758237
49230 1638147.758237
49226 1638147.758237
49225 1638147.758237
49223 1638147.758237
49221 1638147.758237
49218 1638147.758237
49217 1638147.758237
49216 1638147.758237
49211 1638147.758237
49208 1638147.758237
49207 1638147.758237
49201 1638147.758237
49197 1638147.758237
49196 1638147.758237
49195 1638147.758237
49194 1638147.758237
49191 1638147.758237
49190 1638147.758237
49189 1638147.758237
49188 1638147.758237
49180 1638147.758237
49179 1638147.758237
49178 1638147.758237
49177 1638147.758237
49174 1638147.758237
49171 1638147.758237
49170 1638147.758237
49169 1638147.758237
49168 1638147.758237
49166 1638147.758237
49165 1638147.758237
49164 1638147.758237
49163 1638147.758237
49162 1638147.758237
49160 1638147.758237
49159 1638147.758237
49157 1638147.758237
49156 1638147.758237
49155 1638147.758237
49153 1638147.758237
49151 1638147.758237
49149 1638147.758237
49148 1638147.758237
49147 1638147.758237
49143 1638147.758237
49139 1638147.758237
49135 1638147.758237
49132 1638147.758237
49129 1638147.758237
49128 1638147.758237
49125 1638147.758237
49116 1638147.758237
49113 1638147.758237
49112 1638147.758237
49111 1638147.758237
49110 1638147.758237
49109 1638147.758237
49108 1638147.758237
49107 1638147.758237
49106 1638147.758237
49105 1638147.758237
49104 1638147.758237
49103 1638147.758237
49102 1638147.758237
49101 1638147.758237
49100 1638147.758237
49099 1638147.758237
49098 1638147.758237
49093 1638147.758237
49087 1638147.758237
49081 1638147.758237
49075 1638147.758237
49072 1638147.758237
49071 1638147.758237
49070 1638147.758237
49068 1638147.758237
49067 1638147.758237
49066 1638147.758237
49064 1638147.758237
49062 1638147.758237
49060 1638147.758237
49058 1638147.758237
49056 1638147.758237
49055 1638147.758237
49053 1638147.758237
49052 1638147.758237
49051 1638147.758237
49050 1638147.758237
49049 1638147.758237
49048 1638147.758237
49047 1638147.758237
49046 1638147.758237
49045 1638147.758237
49044 1638147.758237
49043 1638147.758237
49040 1638147.758237
49037 1638147.758237
49035 1638147.758237
49034 1638147.758237
49023 1638147.758237
49012 1638147.758237
49011 1638147.758237
49010 1638147.758237
49009 1638147.758237
49006 1638147.758237
49005 1638147.758237
49001 1638147.758237
48997 1638147.758237
48993 1638147.758237
48991 1638147.758237
48989 1638147.758237
48987 1638147.758237
48986 1638147.758237
48985 1638147.758237
48984 1638147.758237
48978 1638147.758237
48977 1638147.758237
48972 1638147.758237
48968 1638147.758237
48963 1638147.758237
48962 1638147.758237
48961 1638147.758237
48960 1638147.758237
48959 1638147.758237
48958 1638147.758237
48956 1638147.758237
48955 1638147.758237
48953 1638147.758237
48952 1638147.758237
48951 1638147.758237
48949 1638147.758237
48947 1638147.758237
48945 1638147.758237
48943 1638147.758237
48942 1638147.758237
48941 1638147.758237
48940 1638147.758237
48938 1638147.758237
48935 1638147.758237
48931 1638147.758237
48930 1638147.758237
48929 1638147.758237
48928 1638147.758237
48927 1638147.758237
48926 1638147.758237
48925 1638147.758237
48924 1638147.758237
48921 1638147.758237
48918 1638147.758237
48917 1638147.758237
48916 1638147.758237
48915 1638147.758237
48914 1638147.758237
48912 1638147.758237
48908 1638147.758237
48904 1638147.758237
48899 1638147.758237
48898 1638147.758237
48897 1638147.758237
48895 1638147.758237
48892 1638147.758237
48890 1638147.758237
48889 1638147.758237
48888 1638147.758237
48887 1638147.758237
48884 1638147.758237
48882 1638147.758237
48881 1638147.758237
48880 1638147.758237
48879 1638147.758237
48878 1638147.758237
48877 1638147.758237
48875 1638147.758237
48869 1638147.758237
48867 1638147.758237
48866 1638147.758237
48865 1638147.758237
48864 1638147.758237
48861 1638147.758237
48860 1638147.758237
48858 1638147.758237
48857 1638147.758237
48856 1638147.758237
48855 1638147.758237
48854 1638147.758237
48853 1638147.758237
48851 1638147.758237
48850 1638147.758237
48848 1638147.758237
48847 1638147.758237
48846 1638147.758237
48843 1638147.758237
48842 1638147.758237
48841 1638147.758237
48840 1638147.758237
48839 1638147.758237
48837 1638147.758237
48835 1638147.758237
48834 1638147.758237
48833 1638147.758237
48831 1638147.758237
48830 1638147.758237
48829 1638147.758237
48828 1638147.758237
48827 1638147.758237
48825 1638147.758237
48823 1638147.758237
48822 1638147.758237
48821 1638147.758237
48820 1638147.758237
48817 1638147.758237
48814 1638147.758237
48809 1638147.758237
48804 1638147.758237
48802 1638147.758237
48801 1638147.758237
48800 1638147.758237
48799 1638147.758237
48798 1638147.758237
48797 1638147.758237
48795 1638147.758237
48791 1638147.758237
48789 1638147.758237
48788 1638147.758237
48787 1638147.758237
48785 1638147.758237
48781 1638147.758237
48777 1638147.758237
48775 1638147.758237
48774 1638147.758237
48773 1638147.758237
48772 1638147.758237
48771 1638147.758237
48770 1638147.758237
48769 1638147.758237
48767 1638147.758237
48757 1638147.758237
48754 1638147.758237
48753 1638147.758237
48752 1638147.758237
48748 1638147.758237
48744 1638147.758237
48739 1638147.758237
48738 1638147.758237
48734 1638147.758237
48732 1638147.758237
48725 1638147.758237
48724 1638147.758237
48723 1638147.758237
48720 1638147.758237
48715 1638147.758237
48710 1638147.758237
48706 1638147.758237
48705 1638147.758237
48704 1638147.758237
48702 1638147.758237
48700 1638147.758237
48698 1638147.758237
48697 1638147.758237
48696 1638147.758237
48694 1638147.758237
48693 1638147.758237
48692 1638147.758237
48687 1638147.758237
48686 1638147.758237
48685 1638147.758237
48683 1638147.758237
48679 1638147.758237
48677 1638147.758237
48674 1638147.758237
48670 1638147.758237
48668 1638147.758237
48667 1638147.758237
48655 1638147.758237
48654 1638147.758237
48652 1638147.758237
48651 1638147.758237
48650 1638147.758237
48649 1638147.758237
48648 1638147.758237
48645 1638147.758237
48644 1638147.758237
48643 1638147.758237
48642 1638147.758237
48641 1638147.758237
48640 1638147.758237
48638 1638147.758237
48637 1638147.758237
48635 1638147.758237
48634 1638147.758237
48633 1638147.758237
48631 1638147.758237
48629 1638147.758237
48628 1638147.758237
48627 1638147.758237
48623 1638147.758237
48619 1638147.758237
48618 1638147.758237
48615 1638147.758237
48614 1638147.758237
48613 1638147.758237
48612 1638147.758237
48611 1638147.758237
48608 1638147.758237
48607 1638147.758237
48606 1638147.758237
48605 1638147.758237
48604 1638147.758237
48603 1638147.758237
48602 1638147.758237
48601 1638147.758237
48600 1638147.758237
48599 1638147.758237
48596 1638147.758237
48593 1638147.758237
48592 1638147.758237
48591 1638147.758237
48589 1638147.758237
48587 1638147.758237
48585 1638147.758237
48584 1638147.758237
48583 1638147.758237
48582 1638147.758237
48581 1638147.758237
48580 1638147.758237
48578 1638147.758237
48577 1638147.758237
48576 1638147.758237
48574 1638147.758237
48569 1638147.758237
48566 1638147.758237
48565 1638147.758237
48564 1638147.758237
48563 1638147.758237
48562 1638147.758237
48561 1638147.758237
48559 1638147.758237
48557 1638147.758237
48556 1638147.758237
48552 1638147.758237
48551 1638147.758237
48550 1638147.758237
48546 1638147.758237
48542 1638147.758237
48541 1638147.758237
48540 1638147.758237
48539 1638147.758237
48538 1638147.758237
48537 1638147.758237
48536 1638147.758237
48534 1638147.758237
48532 1638147.758237
48530 1638147.758237
48528 1638147.758237
48526 1638147.758237
48525 1638147.758237
48523 1638147.758237
48520 1638147.758237
48517 1638147.758237
48515 1638147.758237
48514 1638147.758237
48512 1638147.758237
48509 1638147.758237
48507 1638147.758237
48506 1638147.758237
48504 1638147.758237
48497 1638147.758237
48492 1638147.758237
48491 1638147.758237
48488 1638147.758237
48487 1638147.758237
48484 1638147.758237
48483 1638147.758237
48482 1638147.758237
48481 1638147.758237
48480 1638147.758237
48476 1638147.758237
48473 1638147.758237
48470 1638147.758237
48466 1638147.758237
48465 1638147.758237
48464 1638147.758237
48461 1638147.758237
48457 1638147.758237
48456 1638147.758237
48455 1638147.758237
48454 1638147.758237
48453 1638147.758237
48451 1638147.758237
48449 1638147.758237
48448 1638147.758237
48447 1638147.758237
48445 1638147.758237
48444 1638147.758237
48443 1638147.758237
48440 1638147.758237
48435 1638147.758237
48429 1638147.758237
48424 1638147.758237
48423 1638147.758237
48422 1638147.758237
48420 1638147.758237
48419 1638147.758237
48418 1638147.758237
48415 1638147.758237
48412 1638147.758237
48409 1638147.758237
48406 1638147.758237
48405 1638147.758237
48402 1638147.758237
48401 1638147.758237
48400 1638147.758237
48398 1638147.758237
48397 1638147.758237
48395 1638147.758237
48394 1638147.758237
48393 1638147.758237
48392 1638147.758237
48391 1638147.758237
48390 1638147.758237
48389 1638147.758237
48388 1638147.758237
48385 1638147.758237
48383 1638147.758237
48380 1638147.758237
48377 1638147.758237
48375 1638147.758237
48373 1638147.758237
48372 1638147.758237
48371 1638147.758237
48370 1638147.758237
48369 1638147.758237
48368 1638147.758237
48365 1638147.758237
48363 1638147.758237
48361 1638147.758237
48357 1638147.758237
48356 1638147.758237
48355 1638147.758237
48354 1638147.758237
48353 1638147.758237
48351 1638147.758237
48349 1638147.758237
48348 1638147.758237
48347 1638147.758237
48346 1638147.758237
48345 1638147.758237
48343 1638147.758237
48342 1638147.758237
48341 1638147.758237
48340 1638147.758237
48338 1638147.758237
48337 1638147.758237
48336 1638147.758237
48333 1638147.758237
48332 1638147.758237
48331 1638147.758237
48330 1638147.758237
48329 1638147.758237
48328 1638147.758237
48327 1638147.758237
48326 1638147.758237
48324 1638147.758237
48322 1638147.758237
48319 1638147.758237
48318 1638147.758237
48315 1638147.758237
48314 1638147.758237
48313 1638147.758237
48302 1638147.758237
48292 1638147.758237
48289 1638147.758237
48288 1638147.758237
48285 1638147.758237
48284 1638147.758237
48282 1638147.758237
48281 1638147.758237
48280 1638147.758237
48278 1638147.758237
48277 1638147.758237
48276 1638147.758237
48275 1638147.758237
48274 1638147.758237
48268 1638147.758237
48267 1638147.758237
48265 1638147.758237
48263 1638147.758237
48262 1638147.758237
48261 1638147.758237
48260 1638147.758237
48259 1638147.758237
48258 1638147.758237
48255 1638147.758237
48254 1638147.758237
48253 1638147.758237
48251 1638147.758237
48248 1638147.758237
48247 1638147.758237
48246 1638147.758237
48244 1638147.758237
48242 1638147.758237
48240 1638147.758237
48238 1638147.758237
48236 1638147.758237
48233 1638147.758237
48232 1638147.758237
48231 1638147.758237
48230 1638147.758237
48229 1638147.758237
48228 1638147.758237
48226 1638147.758237
48225 1638147.758237
48222 1638147.758237
48221 1638147.758237
48220 1638147.758237
48219 1638147.758237
48218 1638147.758237
48217 1638147.758237
48216 1638147.758237
48215 1638147.758237
48214 1638147.758237
48213 1638147.758237
48212 1638147.758237
48211 1638147.758237
48210 1638147.758237
48209 1638147.758237
48208 1638147.758237
48207 1638147.758237
48206 1638147.758237
48205 1638147.758237
48204 1638147.758237
48203 1638147.758237
48202 1638147.758237
48200 1638147.758237
48195 1638147.758237
48194 1638147.758237
48193 1638147.758237
48192 1638147.758237
48191 1638147.758237
48190 1638147.758237
48188 1638147.758237
48186 1638147.758237
48184 1638147.758237
48183 1638147.758237
48182 1638147.758237
48181 1638147.758237
48180 1638147.758237
48179 1638147.758237
48178 1638147.758237
48177 1638147.758237
48176 1638147.758237
48175 1638147.758237
48174 1638147.758237
48173 1638147.758237
48171 1638147.758237
48170 1638147.758237
48169 1638147.758237
48168 1638147.758237
48167 1638147.758237
48166 1638147.758237
48164 1638147.758237
48163 1638147.758237
48161 1638147.758237
48160 1638147.758237
48159 1638147.758237
48157 1638147.758237
48155 1638147.758237
48153 1638147.758237
48152 1638147.758237
48151 1638147.758237
48150 1638147.758237
48149 1638147.758237
48148 1638147.758237
48147 1638147.758237
48146 1638147.758237
48145 1638147.758237
48144 1638147.758237
48143 1638147.758237
48141 1638147.758237
48140 1638147.758237
48139 1638147.758237
48138 1638147.758237
48134 1638147.758237
48133 1638147.758237
48132 1638147.758237
48130 1638147.758237
48129 1638147.758237
48128 1638147.758237
48125 1638147.758237
48124 1638147.758237
48120 1638147.758237
48116 1638147.758237
48114 1638147.758237
48112 1638147.758237
48111 1638147.758237
48110 1638147.758237
48108 1638147.758237
48107 1638147.758237
48106 1638147.758237
48098 1638147.758237
48097 1638147.758237
48096 1638147.758237
48094 1638147.758237
48093 1638147.758237
48087 1638147.758237
48086 1638147.758237
48085 1638147.758237
48083 1638147.758237
48082 1638147.758237
48081 1638147.758237
48080 1638147.758237
48079 1638147.758237
48078 1638147.758237
48077 1638147.758237
48076 1638147.758237
48075 1638147.758237
48074 1638147.758237
48073 1638147.758237
48071 1638147.758237
48069 1638147.758237
48068 1638147.758237
48064 1638147.758237
48063 1638147.758237
48062 1638147.758237
48060 1638147.758237
48055 1638147.758237
48050 1638147.758237
48049 1638147.758237
48048 1638147.758237
48047 1638147.758237
48046 1638147.758237
48045 1638147.758237
48044 1638147.758237
48039 1638147.758237
48034 1638147.758237
48029 1638147.758237
48024 1638147.758237
48019 1638147.758237
48018 1638147.758237
48017 1638147.758237
48016 1638147.758237
48014 1638147.758237
48013 1638147.758237
48010 1638147.758237
48008 1638147.758237
48006 1638147.758237
48005 1638147.758237
48000 1638147.758237
47996 1638147.758237
47991 1638147.758237
47990 1638147.758237
47982 1638147.758237
47978 1638147.758237
47975 1638147.758237
47972 1638147.758237
47971 1638147.758237
47970 1638147.758237
47969 1638147.758237
47968 1638147.758237
47967 1638147.758237
47966 1638147.758237
47962 1638147.758237
47961 1638147.758237
47960 1638147.758237
47958 1638147.758237
47953 1638147.758237
47952 1638147.758237
47950 1638147.758237
47949 1638147.758237
47948 1638147.758237
47947 1638147.758237
47946 1638147.758237
47945 1638147.758237
47944 1638147.758237
47943 1638147.758237
47942 1638147.758237
47940 1638147.758237
47939 1638147.758237
47938 1638147.758237
47932 1638147.758237
47923 1638147.758237
47922 1638147.758237
47920 1638147.758237
47919 1638147.758237
47918 1638147.758237
47917 1638147.758237
47916 1638147.758237
47914 1638147.758237
47913 1638147.758237
47912 1638147.758237
47911 1638147.758237
47910 1638147.758237
47909 1638147.758237
47908 1638147.758237
47907 1638147.758237
47905 1638147.758237
47903 1638147.758237
47901 1638147.758237
47899 1638147.758237
47897 1638147.758237
47895 1638147.758237
47894 1638147.758237
47893 1638147.758237
47891 1638147.758237
47888 1638147.758237
47886 1638147.758237
47885 1638147.758237
47883 1638147.758237
47881 1638147.758237
47878 1638147.758237
47877 1638147.758237
47876 1638147.758237
47875 1638147.758237
47874 1638147.758237
47873 1638147.758237
47872 1638147.758237
47870 1638147.758237
47869 1638147.758237
47868 1638147.758237
47866 1638147.758237
47864 1638147.758237
47863 1638147.758237
47862 1638147.758237
47861 1638147.758237
47860 1638147.758237
47859 1638147.758237
47857 1638147.758237
47856 1638147.758237
47854 1638147.758237
47853 1638147.758237
47852 1638147.758237
47848 1638147.758237
47845 1638147.758237
47843 1638147.758237
47842 1638147.758237
47841 1638147.758237
47840 1638147.758237
47839 1638147.758237
47838 1638147.758237
47837 1638147.758237
47836 1638147.758237
47835 1638147.758237
47834 1638147.758237
47832 1638147.758237
47831 1638147.758237
47830 1638147.758237
47828 1638147.758237
47827 1638147.758237
47826 1638147.758237
47825 1638147.758237
47824 1638147.758237
47823 1638147.758237
47822 1638147.758237
47821 1638147.758237
47817 1638147.758237
47814 1638147.758237
47813 1638147.758237
47811 1638147.758237
47808 1638147.758237
47806 1638147.758237
47805 1638147.758237
47798 1638147.758237
47796 1638147.758237
47794 1638147.758237
47793 1638147.758237
47792 1638147.758237
47791 1638147.758237
47786 1638147.758237
47785 1638147.758237
47784 1638147.758237
47783 1638147.758237
47781 1638147.758237
47780 1638147.758237
47779 1638147.758237
47778 1638147.758237
47777 1638147.758237
47774 1638147.758237
47771 1638147.758237
47770 1638147.758237
47768 1638147.758237
47767 1638147.758237
47766 1638147.758237
47765 1638147.758237
47762 1638147.758237
47761 1638147.758237
47759 1638147.758237
47757 1638147.758237
47756 1638147.758237
47755 1638147.758237
47753 1638147.758237
47751 1638147.758237
47750 1638147.758237
47748 1638147.758237
47746 1638147.758237
47744 1638147.758237
47743 1638147.758237
47742 1638147.758237
47740 1638147.758237
47737 1638147.758237
47736 1638147.758237
47735 1638147.758237
47734 1638147.758237
47733 1638147.758237
47732 1638147.758237
47731 1638147.758237
47729 1638147.758237
47726 1638147.758237
47725 1638147.758237
47724 1638147.758237
47723 1638147.758237
47722 1638147.758237
47721 1638147.758237
47718 1638147.758237
47715 1638147.758237
47714 1638147.758237
47713 1638147.758237
47712 1638147.758237
47710 1638147.758237
47709 1638147.758237
47708 1638147.758237
47706 1638147.758237
47699 1638147.758237
47698 1638147.758237
47697 1638147.758237
47696 1638147.758237
47695 1638147.758237
47694 1638147.758237
47692 1638147.758237
47691 1638147.758237
47690 1638147.758237
47689 1638147.758237
47688 1638147.758237
47687 1638147.758237
47686 1638147.758237
47685 1638147.758237
47684 1638147.758237
47683 1638147.758237
47682 1638147.758237
47679 1638147.758237
47676 1638147.758237
47673 1638147.758237
47671 1638147.758237
47669 1638147.758237
47668 1638147.758237
47667 1638147.758237
47666 1638147.758237
47665 1638147.758237
47664 1638147.758237
47662 1638147.758237
47661 1638147.758237
47660 1638147.758237
47659 1638147.758237
47658 1638147.758237
47657 1638147.758237
47656 1638147.758237
47655 1638147.758237
47654 1638147.758237
47653 1638147.758237
47652 1638147.758237
47651 1638147.758237
47650 1638147.758237
47647 1638147.758237
47645 1638147.758237
47644 1638147.758237
47642 1638147.758237
47640 1638147.758237
47638 1638147.758237
47635 1638147.758237
47634 1638147.758237
47633 1638147.758237
47632 1638147.758237
47631 1638147.758237
47630 1638147.758237
47629 1638147.758237
47628 1638147.758237
47626 1638147.758237
47625 1638147.758237
47624 1638147.758237
47622 1638147.758237
47621 1638147.758237
47620 1638147.758237
47619 1638147.758237
47618 1638147.758237
47617 1638147.758237
47616 1638147.758237
47615 1638147.758237
47614 1638147.758237
47612 1638147.758237
47611 1638147.758237
47610 1638147.758237
47609 1638147.758237
47608 1638147.758237
47607 1638147.758237
47606 1638147.758237
47604 1638147.758237
47602 1638147.758237
47601 1638147.758237
47600 1638147.758237
47599 1638147.758237
47598 1638147.758237
47596 1638147.758237
47594 1638147.758237
47593 1638147.758237
47592 1638147.758237
47591 1638147.758237
47590 1638147.758237
47588 1638147.758237
47587 1638147.758237
47586 1638147.758237
47585 1638147.758237
47584 1638147.758237
47583 1638147.758237
47579 1638147.758237
47578 1638147.758237
47577 1638147.758237
47576 1638147.758237
47575 1638147.758237
47574 1638147.758237
47573 1638147.758237
47571 1638147.758237
47570 1638147.758237
47569 1638147.758237
47568 1638147.758237
47567 1638147.758237
47566 1638147.758237
47562 1638147.758237
47560 1638147.758237
47557 1638147.758237
47556 1638147.758237
47555 1638147.758237
47554 1638147.758237
47552 1638147.758237
47550 1638147.758237
47548 1638147.758237
47547 1638147.758237
47546 1638147.758237
47544 1638147.758237
47543 1638147.758237
47542 1638147.758237
47540 1638147.758237
47539 1638147.758237
47538 1638147.758237
47535 1638147.758237
47531 1638147.758237
47527 1638147.758237
47526 1638147.758237
47519 1638147.758237
47516 1638147.758237
47515 1638147.758237
47514 1638147.758237
47513 1638147.758237
47512 1638147.758237
47508 1638147.758237
47507 1638147.758237
47505 1638147.758237
47504 1638147.758237
47503 1638147.758237
47502 1638147.758237
47501 1638147.758237
47499 1638147.758237
47496 1638147.758237
47493 1638147.758237
47492 1638147.758237
47490 1638147.758237
47489 1638147.758237
47487 1638147.758237
47486 1638147.758237
47482 1638147.758237
47481 1638147.758237
47479 1638147.758237
47477 1638147.758237
47476 1638147.758237
47475 1638147.758237
47474 1638147.758237
47472 1638147.758237
47470 1638147.758237
47468 1638147.758237
47466 1638147.758237
47464 1638147.758237
47463 1638147.758237
47462 1638147.758237
47461 1638147.758237
47459 1638147.758237
47455 1638147.758237
47454 1638147.758237
47453 1638147.758237
47452 1638147.758237
47451 1638147.758237
47450 1638147.758237
47448 1638147.758237
47447 1638147.758237
47446 1638147.758237
47445 1638147.758237
47444 1638147.758237
47443 1638147.758237
47442 1638147.758237
47441 1638147.758237
47440 1638147.758237
47439 1638147.758237
47438 1638147.758237
47437 1638147.758237
47436 1638147.758237
47433 1638147.758237
47432 1638147.758237
47431 1638147.758237
47428 1638147.758237
47427 1638147.758237
47426 1638147.758237
47425 1638147.758237
47424 1638147.758237
47423 1638147.758237
47422 1638147.758237
47421 1638147.758237
47419 1638147.758237
47417 1638147.758237
47416 1638147.758237
47415 1638147.758237
47414 1638147.758237
47412 1638147.758237
47411 1638147.758237
47410 1638147.758237
47409 1638147.758237
47408 1638147.758237
47407 1638147.758237
47404 1638147.758237
47403 1638147.758237
47402 1638147.758237
47401 1638147.758237
47400 1638147.758237
47399 1638147.758237
47398 1638147.758237
47394 1638147.758237
47393 1638147.758237
47392 1638147.758237
47388 1638147.758237
47387 1638147.758237
47386 1638147.758237
47385 1638147.758237
47383 1638147.758237
47382 1638147.758237
47381 1638147.758237
47379 1638147.758237
47378 1638147.758237
47377 1638147.758237
47376 1638147.758237
47373 1638147.758237
47370 1638147.758237
47369 1638147.758237
47368 1638147.758237
47367 1638147.758237
47366 1638147.758237
47365 1638147.758237
47364 1638147.758237
47363 1638147.758237
47362 1638147.758237
47361 1638147.758237
47358 1638147.758237
47357 1638147.758237
47356 1638147.758237
47355 1638147.758237
47354 1638147.758237
47353 1638147.758237
47352 1638147.758237
47346 1638147.758237
47342 1638147.758237
47341 1638147.758237
47338 1638147.758237
47337 1638147.758237
47336 1638147.758237
47335 1638147.758237
47334 1638147.758237
47332 1638147.758237
47331 1638147.758237
47330 1638147.758237
47329 1638147.758237
47327 1638147.758237
47325 1638147.758237
47324 1638147.758237
47323 1638147.758237
47322 1638147.758237
47320 1638147.758237
47318 1638147.758237
47317 1638147.758237
47316 1638147.758237
47315 1638147.758237
47314 1638147.758237
47313 1638147.758237
47312 1638147.758237
47311 1638147.758237
47310 1638147.758237
47309 1638147.758237
47308 1638147.758237
47305 1638147.758237
47303 1638147.758237
47302 1638147.758237
47301 1638147.758237
47299 1638147.758237
47297 1638147.758237
47295 1638147.758237
47294 1638147.758237
47293 1638147.758237
47292 1638147.758237
47291 1638147.758237
47290 1638147.758237
47288 1638147.758237
47287 1638147.758237
47286 1638147.758237
47284 1638147.758237
47282 1638147.758237
47280 1638147.758237
47279 1638147.758237
47278 1638147.758237
47276 1638147.758237
47275 1638147.758237
47272 1638147.758237
47269 1638147.758237
47268 1638147.758237
47267 1638147.758237
47266 1638147.758237
47263 1638147.758237
47262 1638147.758237
47261 1638147.758237
47259 1638147.758237
47258 1638147.758237
47257 1638147.758237
47256 1638147.758237
47255 1638147.758237
47254 1638147.758237
47253 1638147.758237
47252 1638147.758237
47251 1638147.758237
47245 1638147.758237
47244 1638147.758237
47243 1638147.758237
47241 1638147.758237
47239 1638147.758237
47237 1638147.758237
47235 1638147.758237
47233 1638147.758237
47232 1638147.758237
47231 1638147.758237
47229 1638147.758237
47226 1638147.758237
47224 1638147.758237
47223 1638147.758237
47222 1638147.758237
47218 1638147.758237
47216 1638147.758237
47214 1638147.758237
47211 1638147.758237
47210 1638147.758237
47209 1638147.758237
47207 1638147.758237
47206 1638147.758237
47205 1638147.758237
47197 1638147.758237
47195 1638147.758237
47194 1638147.758237
47187 1638147.758237
47186 1638147.758237
47185 1638147.758237
47184 1638147.758237
47183 1638147.758237
47180 1638147.758237
47178 1638147.758237
47174 1638147.758237
47172 1638147.758237
47171 1638147.758237
47169 1638147.758237
47168 1638147.758237
47167 1638147.758237
47165 1638147.758237
47163 1638147.758237
47161 1638147.758237
47159 1638147.758237
47154 1638147.758237
47153 1638147.758237
47151 1638147.758237
47150 1638147.758237
47149 1638147.758237
47148 1638147.758237
47147 1638147.758237
47146 1638147.758237
47145 1638147.758237
47144 1638147.758237
47143 1638147.758237
47142 1638147.758237
47141 1638147.758237
47140 1638147.758237
47139 1638147.758237
47138 1638147.758237
47137 1638147.758237
47136 1638147.758237
47135 1638147.758237
47134 1638147.758237
47133 1638147.758237
47132 1638147.758237
47131 1638147.758237
47130 1638147.758237
47129 1638147.758237
47128 1638147.758237
47126 1638147.758237
47124 1638147.758237
47123 1638147.758237
47122 1638147.758237
47121 1638147.758237
47120 1638147.758237
47119 1638147.758237
47118 1638147.758237
47117 1638147.758237
47116 1638147.758237
47114 1638147.758237
47112 1638147.758237
47111 1638147.758237
47109 1638147.758237
47107 1638147.758237
47106 1638147.758237
47105 1638147.758237
47104 1638147.758237
47103 1638147.758237
47102 1638147.758237
47101 1638147.758237
47100 1638147.758237
47099 1638147.758237
47098 1638147.758237
47097 1638147.758237
47096 1638147.758237
47095 1638147.758237
47094 1638147.758237
47093 1638147.758237
47091 1638147.758237
47090 1638147.758237
47089 1638147.758237
47088 1638147.758237
47086 1638147.758237
47085 1638147.758237
47084 1638147.758237
47082 1638147.758237
47081 1638147.758237
47079 1638147.758237
47078 1638147.758237
47077 1638147.758237
47076 1638147.758237
47075 1638147.758237
47074 1638147.758237
47073 1638147.758237
47072 1638147.758237
47070 1638147.758237
47069 1638147.758237
47067 1638147.758237
47066 1638147.758237
47064 1638147.758237
47062 1638147.758237
47060 1638147.758237
47058 1638147.758237
47055 1638147.758237
47054 1638147.758237
47053 1638147.758237
47052 1638147.758237
47051 1638147.758237
47050 1638147.758237
47047 1638147.758237
47046 1638147.758237
47045 1638147.758237
47044 1638147.758237
47043 1638147.758237
47042 1638147.758237
47041 1638147.758237
47040 1638147.758237
47039 1638147.758237
47038 1638147.758237
47037 1638147.758237
47032 1638147.758237
47031 1638147.758237
47030 1638147.758237
47028 1638147.758237
47024 1638147.758237
47020 1638147.758237
47019 1638147.758237
47017 1638147.758237
47016 1638147.758237
47012 1638147.758237
47010 1638147.758237
47008 1638147.758237
47006 1638147.758237
47001 1638147.758237
47000 1638147.758237
46999 1638147.758237
46998 1638147.758237
46997 1638147.758237
46992 1638147.758237
46991 1638147.758237
46990 1638147.758237
46989 1638147.758237
46986 1638147.758237
46985 1638147.758237
46984 1638147.758237
46983 1638147.758237
46982 1638147.758237
46980 1638147.758237
46978 1638147.758237
46977 1638147.758237
46976 1638147.758237
46975 1638147.758237
46974 1638147.758237
46973 1638147.758237
46972 1638147.758237
46971 1638147.758237
46970 1638147.758237
46969 1638147.758237
46959 1638147.758237
46958 1638147.758237
46956 1638147.758237
46955 1638147.758237
46954 1638147.758237
46952 1638147.758237
46951 1638147.758237
46950 1638147.758237
46949 1638147.758237
46948 1638147.758237
46947 1638147.758237
46946 1638147.758237
46941 1638147.758237
46936 1638147.758237
46934 1638147.758237
46930 1638147.758237
46925 1638147.758237
46922 1638147.758237
46921 1638147.758237
46918 1638147.758237
46917 1638147.758237
46916 1638147.758237
46912 1638147.758237
46908 1638147.758237
46907 1638147.758237
46905 1638147.758237
46904 1638147.758237
46903 1638147.758237
46902 1638147.758237
46900 1638147.758237
46896 1638147.758237
46895 1638147.758237
46894 1638147.758237
46893 1638147.758237
46890 1638147.758237
46888 1638147.758237
46885 1638147.758237
46884 1638147.758237
46883 1638147.758237
46881 1638147.758237
46880 1638147.758237
46878 1638147.758237
46876 1638147.758237
46874 1638147.758237
46872 1638147.758237
46870 1638147.758237
46869 1638147.758237
46867 1638147.758237
46860 1638147.758237
46858 1638147.758237
46857 1638147.758237
46856 1638147.758237
46855 1638147.758237
46854 1638147.758237
46853 1638147.758237
46852 1638147.758237
46850 1638147.758237
46849 1638147.758237
46848 1638147.758237
46846 1638147.758237
46844 1638147.758237
46842 1638147.758237
46841 1638147.758237
46840 1638147.758237
46839 1638147.758237
46838 1638147.758237
46836 1638147.758237
46835 1638147.758237
46834 1638147.758237
46833 1638147.758237
46832 1638147.758237
46831 1638147.758237
46830 1638147.758237
46829 1638147.758237
46828 1638147.758237
46827 1638147.758237
46826 1638147.758237
46825 1638147.758237
46824 1638147.758237
46822 1638147.758237
46819 1638147.758237
46816 1638147.758237
46815 1638147.758237
46813 1638147.758237
46811 1638147.758237
46803 1638147.758237
46801 1638147.758237
46796 1638147.758237
46795 1638147.758237
46794 1638147.758237
46793 1638147.758237
46792 1638147.758237
46791 1638147.758237
46790 1638147.758237
46789 1638147.758237
46788 1638147.758237
46787 1638147.758237
46786 1638147.758237
46785 1638147.758237
46784 1638147.758237
46783 1638147.758237
46782 1638147.758237
46781 1638147.758237
46779 1638147.758237
46778 1638147.758237
46777 1638147.758237
46774 1638147.758237
46773 1638147.758237
46772 1638147.758237
46771 1638147.758237
46770 1638147.758237
46768 1638147.758237
46767 1638147.758237
46766 1638147.758237
46765 1638147.758237
46764 1638147.758237
46763 1638147.758237
46762 1638147.758237
46757 1638147.758237
46756 1638147.758237
46751 1638147.758237
46746 1638147.758237
46744 1638147.758237
46743 1638147.758237
46742 1638147.758237
46741 1638147.758237
46740 1638147.758237
46739 1638147.758237
46738 1638147.758237
46735 1638147.758237
46734 1638147.758237
46733 1638147.758237
46732 1638147.758237
46731 1638147.758237
46729 1638147.758237
46727 1638147.758237
46725 1638147.758237
46723 1638147.758237
46722 1638147.758237
46721 1638147.758237
46720 1638147.758237
46718 1638147.758237
46716 1638147.758237
46714 1638147.758237
46712 1638147.758237
46711 1638147.758237
46710 1638147.758237
46706 1638147.758237
46705 1638147.758237
46704 1638147.758237
46703 1638147.758237
46702 1638147.758237
46701 1638147.758237
46700 1638147.758237
46699 1638147.758237
46697 1638147.758237
46695 1638147.758237
46693 1638147.758237
46691 1638147.758237
46690 1638147.758237
46689 1638147.758237
46688 1638147.758237
46687 1638147.758237
46684 1638147.758237
46682 1638147.758237
46681 1638147.758237
46679 1638147.758237
46678 1638147.758237
46677 1638147.758237
46676 1638147.758237
46675 1638147.758237
46674 1638147.758237
46673 1638147.758237
46672 1638147.758237
46671 1638147.758237
46670 1638147.758237
46669 1638147.758237
46662 1638147.758237
46660 1638147.758237
46658 1638147.758237
46657 1638147.758237
46655 1638147.758237
46654 1638147.758237
46653 1638147.758237
46652 1638147.758237
46651 1638147.758237
46650 1638147.758237
46649 1638147.758237
46648 1638147.758237
46646 1638147.758237
46644 1638147.758237
46642 1638147.758237
46641 1638147.758237
46639 1638147.758237
46638 1638147.758237
46637 1638147.758237
46636 1638147.758237
46635 1638147.758237
46634 1638147.758237
46633 1638147.758237
46631 1638147.758237
46630 1638147.758237
46629 1638147.758237
46628 1638147.758237
46627 1638147.758237
46626 1638147.758237
46625 1638147.758237
46624 1638147.758237
46623 1638147.758237
46622 1638147.758237
46621 1638147.758237
46620 1638147.758237
46618 1638147.758237
46617 1638147.758237
46616 1638147.758237
46615 1638147.758237
46614 1638147.758237
46610 1638147.758237
46606 1638147.758237
46602 1638147.758237
46598 1638147.758237
46596 1638147.758237
46594 1638147.758237
46593 1638147.758237
46592 1638147.758237
46591 1638147.758237
46590 1638147.758237
46589 1638147.758237
46588 1638147.758237
46587 1638147.758237
46586 1638147.758237
46582 1638147.758237
46579 1638147.758237
46576 1638147.758237
46575 1638147.758237
46574 1638147.758237
46573 1638147.758237
46571 1638147.758237
46570 1638147.758237
46567 1638147.758237
46565 1638147.758237
46564 1638147.758237
46561 1638147.758237
46559 1638147.758237
46558 1638147.758237
46557 1638147.758237
46556 1638147.758237
46553 1638147.758237
46550 1638147.758237
46549 1638147.758237
46546 1638147.758237
46543 1638147.758237
46542 1638147.758237
46541 1638147.758237
46540 1638147.758237
46539 1638147.758237
46538 1638147.758237
46537 1638147.758237
46536 1638147.758237
46535 1638147.758237
46534 1638147.758237
46531 1638147.758237
46530 1638147.758237
46529 1638147.758237
46528 1638147.758237
46527 1638147.758237
46525 1638147.758237
46523 1638147.758237
46522 1638147.758237
46520 1638147.758237
46518 1638147.758237
46517 1638147.758237
46516 1638147.758237
46515 1638147.758237
46512 1638147.758237
46509 1638147.758237
46508 1638147.758237
46507 1638147.758237
46505 1638147.758237
46503 1638147.758237
46502 1638147.758237
46500 1638147.758237
46499 1638147.758237
46498 1638147.758237
46497 1638147.758237
46495 1638147.758237
46494 1638147.758237
46493 1638147.758237
46492 1638147.758237
46491 1638147.758237
46490 1638147.758237
46489 1638147.758237
46487 1638147.758237
46485 1638147.758237
46482 1638147.758237
46480 1638147.758237
46478 1638147.758237
46476 1638147.758237
46475 1638147.758237
46474 1638147.758237
46473 1638147.758237
46472 1638147.758237
46471 1638147.758237
46470 1638147.758237
46468 1638147.758237
46466 1638147.758237
46465 1638147.758237
46464 1638147.758237
46463 1638147.758237
46462 1638147.758237
46459 1638147.758237
46458 1638147.758237
46457 1638147.758237
46455 1638147.758237
46451 1638147.758237
46450 1638147.758237
46449 1638147.758237
46448 1638147.758237
46447 1638147.758237
46446 1638147.758237
46445 1638147.758237
46444 1638147.758237
46443 1638147.758237
46442 1638147.758237
46441 1638147.758237
46440 1638147.758237
46439 1638147.758237
46436 1638147.758237
46433 1638147.758237
46432 1638147.758237
46428 1638147.758237
46425 1638147.758237
46424 1638147.758237
46423 1638147.758237
46422 1638147.758237
46421 1638147.758237
46420 1638147.758237
46419 1638147.758237
46418 1638147.758237
46417 1638147.758237
46416 1638147.758237
46415 1638147.758237
46413 1638147.758237
46412 1638147.758237
46411 1638147.758237
46410 1638147.758237
46409 1638147.758237
46408 1638147.758237
46406 1638147.758237
46405 1638147.758237
46404 1638147.758237
46402 1638147.758237
46400 1638147.758237
46399 1638147.758237
46398 1638147.758237
46397 1638147.758237
46396 1638147.758237
46393 1638147.758237
46392 1638147.758237
46391 1638147.758237
46390 1638147.758237
46389 1638147.758237
46388 1638147.758237
46387 1638147.758237
46386 1638147.758237
46384 1638147.758237
46383 1638147.758237
46382 1638147.758237
46378 1638147.758237
46372 1638147.758237
46365 1638147.758237
46358 1638147.758237
46351 1638147.758237
46350 1638147.758237
46349 1638147.758237
46348 1638147.758237
46346 1638147.758237
46345 1638147.758237
46344 1638147.758237
46343 1638147.758237
46342 1638147.758237
46341 1638147.758237
46339 1638147.758237
46338 1638147.758237
46336 1638147.758237
46335 1638147.758237
46334 1638147.758237
46333 1638147.758237
46331 1638147.758237
46330 1638147.758237
46329 1638147.758237
46328 1638147.758237
46327 1638147.758237
46326 1638147.758237
46325 1638147.758237
46324 1638147.758237
46323 1638147.758237
46322 1638147.758237
46320 1638147.758237
46319 1638147.758237
46318 1638147.758237
46317 1638147.758237
46316 1638147.758237
46315 1638147.758237
46314 1638147.758237
46313 1638147.758237
46312 1638147.758237
46308 1638147.758237
46304 1638147.758237
46303 1638147.758237
46302 1638147.758237
46301 1638147.758237
46300 1638147.758237
46299 1638147.758237
46297 1638147.758237
46296 1638147.758237
46295 1638147.758237
46294 1638147.758237
46293 1638147.758237
46292 1638147.758237
46290 1638147.758237
46289 1638147.758237
46288 1638147.758237
46287 1638147.758237
46285 1638147.758237
46284 1638147.758237
46283 1638147.758237
46282 1638147.758237
46281 1638147.758237
46280 1638147.758237
46279 1638147.758237
46278 1638147.758237
46277 1638147.758237
46276 1638147.758237
46275 1638147.758237
46274 1638147.758237
46272 1638147.758237
46271 1638147.758237
46268 1638147.758237
46265 1638147.758237
46264 1638147.758237
46263 1638147.758237
46262 1638147.758237
46261 1638147.758237
46260 1638147.758237
46259 1638147.758237
46258 1638147.758237
46257 1638147.758237
46254 1638147.758237
46253 1638147.758237
46252 1638147.758237
46251 1638147.758237
46250 1638147.758237
46248 1638147.758237
46246 1638147.758237
46244 1638147.758237
46243 1638147.758237
46242 1638147.758237
46241 1638147.758237
46240 1638147.758237
46239 1638147.758237
46238 1638147.758237
46237 1638147.758237
46236 1638147.758237
46235 1638147.758237
46234 1638147.758237
46233 1638147.758237
46232 1638147.758237
46230 1638147.758237
46228 1638147.758237
46226 1638147.758237
46225 1638147.758237
46221 1638147.758237
46219 1638147.758237
46218 1638147.758237
46216 1638147.758237
46215 1638147.758237
46214 1638147.758237
46213 1638147.758237
46212 1638147.758237
46211 1638147.758237
46210 1638147.758237
46206 1638147.758237
46204 1638147.758237
46202 1638147.758237
46199 1638147.758237
46198 1638147.758237
46196 1638147.758237
46192 1638147.758237
46185 1638147.758237
46184 1638147.758237
46183 1638147.758237
46182 1638147.758237
46181 1638147.758237
46180 1638147.758237
46179 1638147.758237
46175 1638147.758237
46174 1638147.758237
46173 1638147.758237
46172 1638147.758237
46171 1638147.758237
46170 1638147.758237
46169 1638147.758237
46167 1638147.758237
46166 1638147.758237
46165 1638147.758237
46164 1638147.758237
46161 1638147.758237
46160 1638147.758237
46159 1638147.758237
46157 1638147.758237
46156 1638147.758237
46155 1638147.758237
46154 1638147.758237
46153 1638147.758237
46152 1638147.758237
46150 1638147.758237
46149 1638147.758237
46146 1638147.758237
46145 1638147.758237
46144 1638147.758237
46143 1638147.758237
46142 1638147.758237
46141 1638147.758237
46139 1638147.758237
46135 1638147.758237
46134 1638147.758237
46132 1638147.758237
46128 1638147.758237
46127 1638147.758237
46126 1638147.758237
46125 1638147.758237
46124 1638147.758237
46123 1638147.758237
46122 1638147.758237
46121 1638147.758237
46120 1638147.758237
46119 1638147.758237
46118 1638147.758237
46117 1638147.758237
46116 1638147.758237
46115 1638147.758237
46114 1638147.758237
46113 1638147.758237
46112 1638147.758237
46111 1638147.758237
46109 1638147.758237
46108 1638147.758237
46107 1638147.758237
46106 1638147.758237
46105 1638147.758237
46104 1638147.758237
46103 1638147.758237
46102 1638147.758237
46101 1638147.758237
46100 1638147.758237
46099 1638147.758237
46097 1638147.758237
46094 1638147.758237
46091 1638147.758237
46086 1638147.758237
46081 1638147.758237
46080 1638147.758237
46079 1638147.758237
46078 1638147.758237
46077 1638147.758237
46076 1638147.758237
46075 1638147.758237
46074 1638147.758237
46073 1638147.758237
46071 1638147.758237
46067 1638147.758237
46066 1638147.758237
46059 1638147.758237
46057 1638147.758237
46056 1638147.758237
46053 1638147.758237
46050 1638147.758237
46049 1638147.758237
46047 1638147.758237
46045 1638147.758237
46043 1638147.758237
46038 1638147.758237
46036 1638147.758237
46032 1638147.758237
46030 1638147.758237
46028 1638147.758237
46027 1638147.758237
46025 1638147.758237
46024 1638147.758237
46021 1638147.758237
46020 1638147.758237
46019 1638147.758237
46018 1638147.758237
46017 1638147.758237
46016 1638147.758237
46015 1638147.758237
46014 1638147.758237
46013 1638147.758237
46012 1638147.758237
46010 1638147.758237
46009 1638147.758237
46008 1638147.758237
46006 1638147.758237
46005 1638147.758237
46004 1638147.758237
46003 1638147.758237
46001 1638147.758237
46000 1638147.758237
45999 1638147.758237
45998 1638147.758237
45996 1638147.758237
45995 1638147.758237
45994 1638147.758237
45992 1638147.758237
45990 1638147.758237
45989 1638147.758237
45988 1638147.758237
45987 1638147.758237
45986 1638147.758237
45984 1638147.758237
45982 1638147.758237
45981 1638147.758237
45978 1638147.758237
45977 1638147.758237
45976 1638147.758237
45975 1638147.758237
45974 1638147.758237
45972 1638147.758237
45971 1638147.758237
45970 1638147.758237
45969 1638147.758237
45968 1638147.758237
45967 1638147.758237
45966 1638147.758237
45965 1638147.758237
45963 1638147.758237
45962 1638147.758237
45961 1638147.758237
45960 1638147.758237
45959 1638147.758237
45957 1638147.758237
45956 1638147.758237
45953 1638147.758237
45952 1638147.758237
45950 1638147.758237
45949 1638147.758237
45948 1638147.758237
45947 1638147.758237
45943 1638147.758237
45942 1638147.758237
45941 1638147.758237
45938 1638147.758237
45937 1638147.758237
45936 1638147.758237
45935 1638147.758237
45934 1638147.758237
45932 1638147.758237
45931 1638147.758237
45930 1638147.758237
45929 1638147.758237
45928 1638147.758237
45927 1638147.758237
45923 1638147.758237
45922 1638147.758237
45921 1638147.758237
45916 1638147.758237
45915 1638147.758237
45911 1638147.758237
45910 1638147.758237
45909 1638147.758237
45908 1638147.758237
45907 1638147.758237
45906 1638147.758237
45905 1638147.758237
45901 1638147.758237
45900 1638147.758237
45899 1638147.758237
45898 1638147.758237
45897 1638147.758237
45896 1638147.758237
45895 1638147.758237
45894 1638147.758237
45892 1638147.758237
45891 1638147.758237
45890 1638147.758237
45889 1638147.758237
45887 1638147.758237
45885 1638147.758237
45882 1638147.758237
45881 1638147.758237
45880 1638147.758237
45878 1638147.758237
45877 1638147.758237
45876 1638147.758237
45875 1638147.758237
45874 1638147.758237
45873 1638147.758237
45872 1638147.758237
45871 1638147.758237
45869 1638147.758237
45864 1638147.758237
45861 1638147.758237
45860 1638147.758237
45859 1638147.758237
45858 1638147.758237
45857 1638147.758237
45856 1638147.758237
45855 1638147.758237
45854 1638147.758237
45851 1638147.758237
45848 1638147.758237
45845 1638147.758237
45844 1638147.758237
45843 1638147.758237
45841 1638147.758237
45840 1638147.758237
45839 1638147.758237
45837 1638147.758237
45833 1638147.758237
45832 1638147.758237
45831 1638147.758237
45828 1638147.758237
45824 1638147.758237
45823 1638147.758237
45821 1638147.758237
45820 1638147.758237
45818 1638147.758237
45817 1638147.758237
45816 1638147.758237
45815 1638147.758237
45814 1638147.758237
45813 1638147.758237
45812 1638147.758237
45811 1638147.758237
45810 1638147.758237
45808 1638147.758237
45801 1638147.758237
45800 1638147.758237
45799 1638147.758237
45798 1638147.758237
45797 1638147.758237
45796 1638147.758237
45794 1638147.758237
45791 1638147.758237
45788 1638147.758237
45787 1638147.758237
45785 1638147.758237
45783 1638147.758237
45782 1638147.758237
45781 1638147.758237
45780 1638147.758237
45778 1638147.758237
45776 1638147.758237
45775 1638147.758237
45773 1638147.758237
45772 1638147.758237
45771 1638147.758237
45770 1638147.758237
45769 1638147.758237
45766 1638147.758237
45765 1638147.758237
45763 1638147.758237
45762 1638147.758237
45761 1638147.758237
45760 1638147.758237
45758 1638147.758237
45756 1638147.758237
45755 1638147.758237
45754 1638147.758237
45752 1638147.758237
45751 1638147.758237
45750 1638147.758237
45749 1638147.758237
45747 1638147.758237
45745 1638147.758237
45744 1638147.758237
45741 1638147.758237
45738 1638147.758237
45737 1638147.758237
45736 1638147.758237
45735 1638147.758237
45732 1638147.758237
45731 1638147.758237
45730 1638147.758237
45728 1638147.758237
45727 1638147.758237
45726 1638147.758237
45725 1638147.758237
45721 1638147.758237
45720 1638147.758237
45718 1638147.758237
45717 1638147.758237
45716 1638147.758237
45715 1638147.758237
45714 1638147.758237
45713 1638147.758237
45712 1638147.758237
45711 1638147.758237
45710 1638147.758237
45708 1638147.758237
45707 1638147.758237
45706 1638147.758237
45705 1638147.758237
45704 1638147.758237
45703 1638147.758237
45702 1638147.758237
45700 1638147.758237
45698 1638147.758237
45697 1638147.758237
45696 1638147.758237
45695 1638147.758237
45693 1638147.758237
45688 1638147.758237
45686 1638147.758237
45681 1638147.758237
45679 1638147.758237
45678 1638147.758237
45677 1638147.758237
45676 1638147.758237
45675 1638147.758237
45674 1638147.758237
45673 1638147.758237
45672 1638147.758237
45671 1638147.758237
45670 1638147.758237
45669 1638147.758237
45667 1638147.758237
45666 1638147.758237
45665 1638147.758237
45664 1638147.758237
45663 1638147.758237
45661 1638147.758237
45660 1638147.758237
45659 1638147.758237
45658 1638147.758237
45657 1638147.758237
45656 1638147.758237
45655 1638147.758237
45653 1638147.758237
45651 1638147.758237
45650 1638147.758237
45648 1638147.758237
45645 1638147.758237
45642 1638147.758237
45640 1638147.758237
45639 1638147.758237
45638 1638147.758237
45635 1638147.758237
45634 1638147.758237
45633 1638147.758237
45632 1638147.758237
45631 1638147.758237
45630 1638147.758237
45629 1638147.758237
45628 1638147.758237
45627 1638147.758237
45626 1638147.758237
45625 1638147.758237
45624 1638147.758237
45623 1638147.758237
45622 1638147.758237
45620 1638147.758237
45618 1638147.758237
45616 1638147.758237
45615 1638147.758237
45614 1638147.758237
45613 1638147.758237
45612 1638147.758237
45611 1638147.758237
45610 1638147.758237
45609 1638147.758237
45608 1638147.758237
45607 1638147.758237
45606 1638147.758237
45605 1638147.758237
45604 1638147.758237
45603 1638147.758237
45602 1638147.758237
45601 1638147.758237
45600 1638147.758237
45597 1638147.758237
45596 1638147.758237
45594 1638147.758237
45592 1638147.758237
45591 1638147.758237
45589 1638147.758237
45585 1638147.758237
45582 1638147.758237
45581 1638147.758237
45580 1638147.758237
45579 1638147.758237
45577 1638147.758237
45576 1638147.758237
45575 1638147.758237
45574 1638147.758237
45573 1638147.758237
45569 1638147.758237
45568 1638147.758237
45566 1638147.758237
45565 1638147.758237
45564 1638147.758237
45563 1638147.758237
45562 1638147.758237
45559 1638147.758237
45558 1638147.758237
45557 1638147.758237
45556 1638147.758237
45555 1638147.758237
45554 1638147.758237
45552 1638147.758237
45551 1638147.758237
45550 1638147.758237
45549 1638147.758237
45548 1638147.758237
45546 1638147.758237
45544 1638147.758237
45543 1638147.758237
45542 1638147.758237
45541 1638147.758237
45540 1638147.758237
45538 1638147.758237
45537 1638147.758237
45536 1638147.758237
45535 1638147.758237
45534 1638147.758237
45533 1638147.758237
45532 1638147.758237
45530 1638147.758237
45529 1638147.758237
45528 1638147.758237
45527 1638147.758237
45526 1638147.758237
45525 1638147.758237
45524 1638147.758237
45523 1638147.758237
45522 1638147.758237
45521 1638147.758237
45520 1638147.758237
45519 1638147.758237
45517 1638147.758237
45516 1638147.758237
45515 1638147.758237
45513 1638147.758237
45510 1638147.758237
45509 1638147.758237
45508 1638147.758237
45507 1638147.758237
45505 1638147.758237
45504 1638147.758237
45503 1638147.758237
45501 1638147.758237
45500 1638147.758237
45499 1638147.758237
45498 1638147.758237
45496 1638147.758237
45495 1638147.758237
45493 1638147.758237
45492 1638147.758237
45489 1638147.758237
45486 1638147.758237
45483 1638147.758237
45481 1638147.758237
45480 1638147.758237
45479 1638147.758237
45478 1638147.758237
45477 1638147.758237
45475 1638147.758237
45474 1638147.758237
45473 1638147.758237
45472 1638147.758237
45471 1638147.758237
45470 1638147.758237
45469 1638147.758237
45468 1638147.758237
45467 1638147.758237
45466 1638147.758237
45465 1638147.758237
45463 1638147.758237
45462 1638147.758237
45461 1638147.758237
45460 1638147.758237
45458 1638147.758237
45455 1638147.758237
45454 1638147.758237
45451 1638147.758237
45450 1638147.758237
45449 1638147.758237
45448 1638147.758237
45447 1638147.758237
45446 1638147.758237
45445 1638147.758237
45444 1638147.758237
45443 1638147.758237
45442 1638147.758237
45441 1638147.758237
45440 1638147.758237
45439 1638147.758237
45438 1638147.758237
45437 1638147.758237
45435 1638147.758237
45434 1638147.758237
45433 1638147.758237
45432 1638147.758237
45431 1638147.758237
45430 1638147.758237
45429 1638147.758237
45428 1638147.758237
45427 1638147.758237
45426 1638147.758237
45425 1638147.758237
45424 1638147.758237
45423 1638147.758237
45421 1638147.758237
45420 1638147.758237
45419 1638147.758237
45418 1638147.758237
45417 1638147.758237
45416 1638147.758237
45415 1638147.758237
45414 1638147.758237
45413 1638147.758237
45412 1638147.758237
45411 1638147.758237
45410 1638147.758237
45409 1638147.758237
45408 1638147.758237
45407 1638147.758237
45406 1638147.758237
45405 1638147.758237
45404 1638147.758237
45403 1638147.758237
45402 1638147.758237
45400 1638147.758237
45399 1638147.758237
45398 1638147.758237
45397 1638147.758237
45396 1638147.758237
45395 1638147.758237
45394 1638147.758237
45393 1638147.758237
45390 1638147.758237
45389 1638147.758237
45388 1638147.758237
45387 1638147.758237
45385 1638147.758237
45383 1638147.758237
45382 1638147.758237
45381 1638147.758237
45380 1638147.758237
45379 1638147.758237
45377 1638147.758237
45376 1638147.758237
45375 1638147.758237
45374 1638147.758237
45373 1638147.758237
45372 1638147.758237
45371 1638147.758237
45370 1638147.758237
45369 1638147.758237
45368 1638147.758237
45367 1638147.758237
45366 1638147.758237
45362 1638147.758237
45361 1638147.758237
45359 1638147.758237
45358 1638147.758237
45357 1638147.758237
45356 1638147.758237
45355 1638147.758237
45354 1638147.758237
45353 1638147.758237
45352 1638147.758237
45351 1638147.758237
45350 1638147.758237
45349 1638147.758237
45348 1638147.758237
45347 1638147.758237
45345 1638147.758237
45343 1638147.758237
45342 1638147.758237
45341 1638147.758237
45339 1638147.758237
45338 1638147.758237
45337 1638147.758237
45335 1638147.758237
45333 1638147.758237
45331 1638147.758237
45330 1638147.758237
45329 1638147.758237
45328 1638147.758237
45327 1638147.758237
45326 1638147.758237
45325 1638147.758237
45324 1638147.758237
45323 1638147.758237
45321 1638147.758237
45320 1638147.758237
45319 1638147.758237
45318 1638147.758237
45317 1638147.758237
45316 1638147.758237
45314 1638147.758237
45313 1638147.758237
45312 1638147.758237
45311 1638147.758237
45310 1638147.758237
45309 1638147.758237
45308 1638147.758237
45307 1638147.758237
45306 1638147.758237
45305 1638147.758237
45304 1638147.758237
45303 1638147.758237
45302 1638147.758237
45300 1638147.758237
45298 1638147.758237
45296 1638147.758237
45294 1638147.758237
45292 1638147.758237
45290 1638147.758237
45289 1638147.758237
45287 1638147.758237
45286 1638147.758237
45285 1638147.758237
45284 1638147.758237
45283 1638147.758237
45282 1638147.758237
45281 1638147.758237
45280 1638147.758237
45279 1638147.758237
45278 1638147.758237
45277 1638147.758237
45275 1638147.758237
45273 1638147.758237
45271 1638147.758237
45269 1638147.758237
45268 1638147.758237
45267 1638147.758237
45266 1638147.758237
45265 1638147.758237
45264 1638147.758237
45263 1638147.758237
45256 1638147.758237
45255 1638147.758237
45254 1638147.758237
45253 1638147.758237
45252 1638147.758237
45251 1638147.758237
45249 1638147.758237
45248 1638147.758237
45247 1638147.758237
45246 1638147.758237
45245 1638147.758237
45244 1638147.758237
45243 1638147.758237
45242 1638147.758237
45241 1638147.758237
45240 1638147.758237
45239 1638147.758237
45238 1638147.758237
45237 1638147.758237
45236 1638147.758237
45235 1638147.758237
45234 1638147.758237
45232 1638147.758237
45230 1638147.758237
45229 1638147.758237
45228 1638147.758237
45227 1638147.758237
45225 1638147.758237
45224 1638147.758237
45223 1638147.758237
45222 1638147.758237
45221 1638147.758237
45220 1638147.758237
45218 1638147.758237
45216 1638147.758237
45214 1638147.758237
45212 1638147.758237
45210 1638147.758237
45209 1638147.758237
45206 1638147.758237
45203 1638147.758237
45200 1638147.758237
45199 1638147.758237
45196 1638147.758237
45194 1638147.758237
45193 1638147.758237
45192 1638147.758237
45191 1638147.758237
45190 1638147.758237
45189 1638147.758237
45188 1638147.758237
45185 1638147.758237
45184 1638147.758237
45183 1638147.758237
45182 1638147.758237
45181 1638147.758237
45180 1638147.758237
45179 1638147.758237
45178 1638147.758237
45177 1638147.758237
45174 1638147.758237
45171 1638147.758237
45170 1638147.758237
45169 1638147.758237
45168 1638147.758237
45167 1638147.758237
45166 1638147.758237
45165 1638147.758237
45164 1638147.758237
45163 1638147.758237
45162 1638147.758237
45161 1638147.758237
45160 1638147.758237
45156 1638147.758237
45155 1638147.758237
45154 1638147.758237
45153 1638147.758237
45150 1638147.758237
45149 1638147.758237
45148 1638147.758237
45147 1638147.758237
45145 1638147.758237
45143 1638147.758237
45142 1638147.758237
45141 1638147.758237
45140 1638147.758237
45139 1638147.758237
45138 1638147.758237
45137 1638147.758237
45136 1638147.758237
45133 1638147.758237
45132 1638147.758237
45130 1638147.758237
45129 1638147.758237
45128 1638147.758237
45127 1638147.758237
45126 1638147.758237
45124 1638147.758237
45123 1638147.758237
45122 1638147.758237
45121 1638147.758237
45120 1638147.758237
45119 1638147.758237
45118 1638147.758237
45117 1638147.758237
45116 1638147.758237
45115 1638147.758237
45113 1638147.758237
45111 1638147.758237
45110 1638147.758237
45109 1638147.758237
45108 1638147.758237
45107 1638147.758237
45106 1638147.758237
45105 1638147.758237
45104 1638147.758237
45103 1638147.758237
45102 1638147.758237
45101 1638147.758237
45100 1638147.758237
45099 1638147.758237
45098 1638147.758237
45097 1638147.758237
45095 1638147.758237
45094 1638147.758237
45093 1638147.758237
45092 1638147.758237
45091 1638147.758237
45089 1638147.758237
45088 1638147.758237
45086 1638147.758237
45085 1638147.758237
45084 1638147.758237
45083 1638147.758237
45082 1638147.758237
45081 1638147.758237
45080 1638147.758237
45078 1638147.758237
45076 1638147.758237
45075 1638147.758237
45074 1638147.758237
45073 1638147.758237
45072 1638147.758237
45071 1638147.758237
45070 1638147.758237
45069 1638147.758237
45068 1638147.758237
45067 1638147.758237
45066 1638147.758237
45065 1638147.758237
45064 1638147.758237
45063 1638147.758237
45062 1638147.758237
45061 1638147.758237
45060 1638147.758237
45058 1638147.758237
45057 1638147.758237
45056 1638147.758237
45055 1638147.758237
45054 1638147.758237
45053 1638147.758237
45052 1638147.758237
45051 1638147.758237
45049 1638147.758237
45048 1638147.758237
45047 1638147.758237
45045 1638147.758237
45044 1638147.758237
45043 1638147.758237
45042 1638147.758237
45041 1638147.758237
45040 1638147.758237
45039 1638147.758237
45038 1638147.758237
45037 1638147.758237
45035 1638147.758237
45034 1638147.758237
45033 1638147.758237
45032 1638147.758237
45031 1638147.758237
45030 1638147.758237
45029 1638147.758237
45028 1638147.758237
45027 1638147.758237
45026 1638147.758237
45025 1638147.758237
45023 1638147.758237
45022 1638147.758237
45021 1638147.758237
45020 1638147.758237
45019 1638147.758237
45018 1638147.758237
45017 1638147.758237
45016 1638147.758237
45015 1638147.758237
45014 1638147.758237
45013 1638147.758237
45012 1638147.758237
45011 1638147.758237
45010 1638147.758237
45009 1638147.758237
45008 1638147.758237
45007 1638147.758237
45006 1638147.758237
45005 1638147.758237
45004 1638147.758237
45003 1638147.758237
45002 1638147.758237
45001 1638147.758237
45000 1638147.758237
44998 1638147.758237
44997 1638147.758237
44996 1638147.758237
44995 1638147.758237
44994 1638147.758237
44992 1638147.758237
44990 1638147.758237
44989 1638147.758237
44988 1638147.758237
44987 1638147.758237
44985 1638147.758237
44984 1638147.758237
44983 1638147.758237
44982 1638147.758237
44981 1638147.758237
44979 1638147.758237
44977 1638147.758237
44975 1638147.758237
44974 1638147.758237
44972 1638147.758237
44971 1638147.758237
44970 1638147.758237
44969 1638147.758237
44968 1638147.758237
44967 1638147.758237
44966 1638147.758237
44965 1638147.758237
44964 1638147.758237
44963 1638147.758237
44962 1638147.758237
44961 1638147.758237
44960 1638147.758237
44959 1638147.758237
44958 1638147.758237
44957 1638147.758237
44956 1638147.758237
44955 1638147.758237
44954 1638147.758237
44953 1638147.758237
44952 1638147.758237
44951 1638147.758237
44950 1638147.758237
44949 1638147.758237
44948 1638147.758237
44947 1638147.758237
44946 1638147.758237
44945 1638147.758237
44944 1638147.758237
44943 1638147.758237
44942 1638147.758237
44941 1638147.758237
44940 1638147.758237
44939 1638147.758237
44938 1638147.758237
44936 1638147.758237
44935 1638147.758237
44934 1638147.758237
44933 1638147.758237
44932 1638147.758237
44931 1638147.758237
44930 1638147.758237
44929 1638147.758237
44927 1638147.758237
44925 1638147.758237
44924 1638147.758237
44923 1638147.758237
44922 1638147.758237
44921 1638147.758237
44920 1638147.758237
44919 1638147.758237
44918 1638147.758237
44917 1638147.758237
44916 1638147.758237
44915 1638147.758237
44914 1638147.758237
44913 1638147.758237
44912 1638147.758237
44911 1638147.758237
44910 1638147.758237
44909 1638147.758237
44908 1638147.758237
44907 1638147.758237
44906 1638147.758237
44905 1638147.758237
44904 1638147.758237
44903 1638147.758237
44901 1638147.758237
44900 1638147.758237
44899 1638147.758237
44898 1638147.758237
44896 1638147.758237
44895 1638147.758237
44894 1638147.758237
44893 1638147.758237
44892 1638147.758237
44891 1638147.758237
44890 1638147.758237
44889 1638147.758237
44888 1638147.758237
44887 1638147.758242
44886 1638147.758249
44885 1638147.758271
44884 1638147.758301
44883 1638147.758332
44882 1638147.758370
44881 1638147.758474
44880 1638147.758585
44879 1638147.758713
44878 1638147.758841
44877 1638147.758992
44876 1638147.759156
44875 1638147.759367
44874 1638147.759695
44873 1638147.760032
44872 1638147.760444
44871 1638147.760963
44870 1638147.761495
44868 1638147.762658
44867 1638147.763269
44866 1638147.763908
44865 1638147.764556
44864 1638147.765217
44863 1638147.765879
44862 1638147.766562
44861 1638147.767345
44860 1638147.768136
44859 1638147.768954
44858 1638147.769797
44857 1638147.770658
44856 1638147.771666
44855 1638147.772720
44854 1638147.773895
44853 1638147.775091
44852 1638147.776465
44851 1638147.777883
44850 1638147.779375
44849 1638147.780897
44848 1638147.782500
44847 1638147.784104
44846 1638147.785710
44845 1638147.787316
44844 1638147.788938
44843 1638147.790842
44842 1638147.792937
44841 1638147.795076
44840 1638147.797391
44839 1638147.799709
44838 1638147.802105
44837 1638147.804533
44835 1638147.809424
44834 1638147.811902
44833 1638147.814446
44832 1638147.817035
44831 1638147.819650
44830 1638147.822284
44829 1638147.825045
44828 1638147.827806
44827 1638147.830591
44826 1638147.833585
44825 1638147.836632
44824 1638147.839716
44823 1638147.842894
44822 1638147.846072
44821 1638147.849384
44820 1638147.852836
44819 1638147.856305
44818 1638147.859865
44817 1638147.863428
44816 1638147.867073
44815 1638147.870751
44814 1638147.874508
44813 1638147.878374
44812 1638147.882340
44811 1638147.886390
44810 1638147.890656
44809 1638147.894934
44808 1638147.899280
44807 1638147.903693
44806 1638147.908261
44805 1638147.912866
44804 1638147.917509
44803 1638147.922159
44802 1638147.926809
44801 1638147.931490
44800 1638147.936189
44799 1638147.940963
44798 1638147.945747
44797 1638147.951080
44796 1638147.956624
44795 1638147.962172
44794 1638147.967727
44793 1638147.973483
44792 1638147.979305
44791 1638147.985156
44790 1638147.991007
44789 1638147.996871
44788 1638148.002760
44787 1638148.008650
44786 1638148.014561
44785 1638148.020474
44784 1638148.026814
44783 1638148.033226
44782 1638148.039875
44781 1638148.046525
44780 1638148.053250
44779 1638148.059981
44778 1638148.066765
44777 1638148.073617
44776 1638148.080487
44775 1638148.087457
44774 1638148.094532
44773 1638148.101629
44772 1638148.108832
44771 1638148.116059
44770 1638148.123300
44769 1638148.130660
44768 1638148.138055
44767 1638148.145472
44766 1638148.152924
44765 1638148.160409
44764 1638148.167960
44763 1638148.175540
44762 1638148.183279
44761 1638148.191069
44760 1638148.199220
44758 1638148.215545
44757 1638148.223868
44756 1638148.232226
44754 1638148.248953
44753 1638148.257338
44752 1638148.265778
44751 1638148.274373
44750 1638148.282968
44749 1638148.291563
44748 1638148.300163
44747 1638148.308763
44746 1638148.317375
44745 1638148.326060
44744 1638148.334804
44743 1638148.343547
44742 1638148.352304
44741 1638148.361255
44740 1638148.370297
44739 1638148.379424
44738 1638148.388732
44737 1638148.398283
44736 1638148.408065
44735 1638148.417963
44734 1638148.427913
44733 1638148.437913
44732 1638148.447964
44731 1638148.458070
44730 1638148.468195
44729 1638148.478320
44728 1638148.488479
44727 1638148.498711
44726 1638148.509016
44725 1638148.519321
44724 1638148.529645
44723 1638148.540303
44722 1638148.550969
44721 1638148.561656
44719 1638148.583170
44718 1638148.594023
44717 1638148.605062
44716 1638148.616160
44715 1638148.627318
44714 1638148.638492
44713 1638148.649813
44712 1638148.661378
44711 1638148.672979
44710 1638148.684590
44709 1638148.696294
44708 1638148.708128
44707 1638148.720032
44706 1638148.731938
44705 1638148.743884
44704 1638148.755888
44702 1638148.779994
44701 1638148.792117
44700 1638148.804344
44699 1638148.816674
44698 1638148.829112
44697 1638148.841980
44696 1638148.854890
44695 1638148.867976
44694 1638148.881204
44693 1638148.894547
44692 1638148.908030
44691 1638148.921513
44690 1638148.935081
44689 1638148.948786
44688 1638148.962526
44687 1638148.976332
44686 1638148.990171
44685 1638149.004010
44683 1638149.031695
44682 1638149.045622
44681 1638149.059602
44680 1638149.073644
44679 1638149.087788
44677 1638149.116208
44676 1638149.130492
44675 1638149.145119
44674 1638149.159767
44673 1638149.174414
44672 1638149.189062
44671 1638149.203710
44670 1638149.218358
44669 1638149.233006
44668 1638149.247699
44667 1638149.262398
44666 1638149.277120
44665 1638149.291849
44664 1638149.306583
44663 1638149.321342
44662 1638149.336261
44661 1638149.351251
44660 1638149.366599
44659 1638149.381947
44658 1638149.397335
44657 1638149.413008
44656 1638149.428690
44655 1638149.444424
44653 1638149.476132
44652 1638149.492008
44651 1638149.507906
44650 1638149.523842
44649 1638149.539828
44648 1638149.555850
44647 1638149.571881
44646 1638149.587970
44645 1638149.604135
44644 1638149.620300
44643 1638149.636478
44642 1638149.652703
44641 1638149.669204
44640 1638149.685803
44639 1638149.702551
44638 1638149.719327
44637 1638149.736103
44636 1638149.753165
44635 1638149.770340
44634 1638149.787670
44633 1638149.805053
44632 1638149.822506
44631 1638149.840101
44630 1638149.857748
44629 1638149.875412
44628 1638149.893168
44627 1638149.911022
44626 1638149.928900
44625 1638149.946934
44624 1638149.965122
44623 1638149.983428
44622 1638150.001786
44621 1638150.020149
44620 1638150.038547
44619 1638150.056985
44618 1638150.075741
44617 1638150.094497
44616 1638150.113299
44615 1638150.132220
44614 1638150.151322
44613 1638150.170426
44612 1638150.189548
44611 1638150.208671
44610 1638150.227876
44608 1638150.266504
44607 1638150.285899
44606 1638150.305330
44605 1638150.324826
44604 1638150.344322
44603 1638150.363871
44602 1638150.383422
44601 1638150.403037
44600 1638150.422817
44599 1638150.442627
44598 1638150.462493
44597 1638150.482426
44596 1638150.502407
44595 1638150.522410
44594 1638150.542730
44593 1638150.563141
44592 1638150.583568
44591 1638150.604114
44590 1638150.624692
44589 1638150.645302
44588 1638150.665913
44587 1638150.686609
44586 1638150.707518
44585 1638150.728473
44584 1638150.749541
44583 1638150.770653
44582 1638150.791870
44581 1638150.813160
44580 1638150.834510
44578 1638150.877395
44576 1638150.920433
44575 1638150.942055
44574 1638150.963744
44573 1638150.985452
44571 1638151.029220
44570 1638151.051373
44569 1638151.073644
44568 1638151.095917
44567 1638151.118548
44566 1638151.141232
44565 1638151.164224
44563 1638151.210375
44562 1638151.233462
44561 1638151.256550
44560 1638151.279637
44559 1638151.302725
44558 1638151.325863
44557 1638151.349074
44556 1638151.372297
44555 1638151.395520
44554 1638151.418836
44553 1638151.442419
44552 1638151.466198
44551 1638151.490164
44550 1638151.514159
44549 1638151.538335
44548 1638151.562609
44546 1638151.611516
44545 1638151.635983
44544 1638151.660540
44543 1638151.685312
44541 1638151.735062
44540 1638151.759937
44539 1638151.784922
44537 1638151.834979
44535 1638151.885166
44533 1638151.936242
44532 1638151.962005
44531 1638151.987837
44530 1638152.013669
44529 1638152.039500
44528 1638152.065332
44527 1638152.091163
44526 1638152.116995
44525 1638152.142826
44524 1638152.168658
44522 1638152.220559
44521 1638152.246515
44520 1638152.272510
44518 1638152.324501
44517 1638152.350498
44516 1638152.376494
44515 1638152.402491
44514 1638152.428781
44513 1638152.455087
44512 1638152.481567
44511 1638152.508100
44510 1638152.534695
44508 1638152.588031
44507 1638152.614749
44504 1638152.694922
44503 1638152.722143
44502 1638152.749365
44501 1638152.776588
44500 1638152.804334
44499 1638152.832439
44498 1638152.860637
44497 1638152.888859
44496 1638152.917149
44495 1638152.945484
44492 1638153.031542
44491 1638153.060303
44490 1638153.089159
44489 1638153.118015
44488 1638153.146871
44487 1638153.175727
44486 1638153.204586
44484 1638153.262309
44482 1638153.320134
44481 1638153.349054
44480 1638153.378069
44479 1638153.407141
44478 1638153.436495
44477 1638153.465866
44476 1638153.495240
44475 1638153.524685
44474 1638153.554204
44472 1638153.613317
44471 1638153.643046
44470 1638153.672892
44469 1638153.702819
44468 1638153.732759
44467 1638153.762768
44466 1638153.792827
44465 1638153.823088
44464 1638153.853356
44462 1638153.913956
44461 1638153.944262
44460 1638153.974742
44459 1638154.005397
44458 1638154.036122
44457 1638154.066983
44456 1638154.098348
44455 1638154.129958
44454 1638154.161737
44453 1638154.193799
44452 1638154.225861
44451 1638154.257922
44450 1638154.289985
44449 1638154.322175
44448 1638154.354365
44447 1638154.386595
44446 1638154.418854
44444 1638154.484019
44443 1638154.516624
44442 1638154.549338
44441 1638154.582115
44440 1638154.614907
44439 1638154.647790
44438 1638154.680768
44437 1638154.714016
44436 1638154.747344
44435 1638154.780702
44434 1638154.814133
44433 1638154.847687
44432 1638154.881297
44431 1638154.915045
44430 1638154.948794
44429 1638154.982875
44428 1638155.017024
44427 1638155.051291
44426 1638155.085644
44425 1638155.119997
44422 1638155.223096
44421 1638155.257548
44420 1638155.292002
44419 1638155.326560
44418 1638155.361118
44417 1638155.395886
44416 1638155.430789
44415 1638155.465705
44414 1638155.500636
44413 1638155.535573
44412 1638155.570762
44411 1638155.605954
44410 1638155.641145
44409 1638155.676336
44407 1638155.747365
44406 1638155.783136
44404 1638155.854838
44403 1638155.890706
44402 1638155.926662
44401 1638155.962733
44400 1638155.998804
44399 1638156.034969
44397 1638156.107769
44396 1638156.144764
44395 1638156.181760
44394 1638156.219017
44393 1638156.256530
44392 1638156.294250
44391 1638156.331986
44390 1638156.369954
44389 1638156.407924
44388 1638156.445894
44387 1638156.483985
44386 1638156.522203
44385 1638156.560575
44384 1638156.598947
44383 1638156.637421
44382 1638156.675938
44381 1638156.714472
44380 1638156.753023
44379 1638156.791670
44378 1638156.830402
44377 1638156.869197
44376 1638156.908182
44375 1638156.947175
44374 1638156.986171
44373 1638157.025168
44371 1638157.103702
44370 1638157.143139
44369 1638157.182778
44367 1638157.262357
44366 1638157.302433
44365 1638157.342513
44364 1638157.382593
44363 1638157.422810
44362 1638157.463061
44361 1638157.503328
44360 1638157.543685
44359 1638157.584137
44356 1638157.705751
44355 1638157.746297
44354 1638157.786962
44352 1638157.868769
44351 1638157.909700
44350 1638157.950633
44349 1638157.991858
44348 1638158.033378
44346 1638158.116636
44345 1638158.158336
44344 1638158.200094
44343 1638158.241938
44342 1638158.283782
44341 1638158.325626
44340 1638158.367470
44339 1638158.409314
44338 1638158.451158
44337 1638158.493002
44336 1638158.534845
44335 1638158.576689
44334 1638158.618533
44333 1638158.660377
44332 1638158.702221
44331 1638158.744065
44330 1638158.785909
44329 1638158.827753
44328 1638158.869597
44327 1638158.911570
44326 1638158.953755
44325 1638158.995942
44323 1638159.080417
44322 1638159.122675
44320 1638159.207547
44318 1638159.292574
44317 1638159.335490
44316 1638159.378487
44315 1638159.421600
44314 1638159.464719
44313 1638159.507892
44312 1638159.551237
44311 1638159.594630
44310 1638159.638187
44309 1638159.681908
44308 1638159.725633
44307 1638159.769358
44306 1638159.813190
44304 1638159.900987
44301 1638160.032731
44300 1638160.076787
44299 1638160.120880
44298 1638160.165048
44297 1638160.209244
44296 1638160.253468
44293 1638160.386224
44292 1638160.430548
44291 1638160.475133
44290 1638160.519740
44288 1638160.609219
44287 1638160.654231
44286 1638160.699322
44284 1638160.789967
44283 1638160.835407
44281 1638160.926293
44279 1638161.017539
44278 1638161.063162
44277 1638161.108842
44276 1638161.154529
44275 1638161.200331
44274 1638161.246562
44273 1638161.292807
44272 1638161.339070
44271 1638161.385347
44270 1638161.431634
44269 1638161.478107
44268 1638161.524653
44267 1638161.571200
44266 1638161.617910
44265 1638161.664740
44264 1638161.711708
44262 1638161.805929
44261 1638161.853332
44260 1638161.901011
44259 1638161.948709
44255 1638162.139984
44254 1638162.187879
44253 1638162.235796
44251 1638162.331707
44250 1638162.379701
44249 1638162.428057
44247 1638162.524837
44246 1638162.573292
44245 1638162.622211
44244 1638162.671130
44242 1638162.768987
44241 1638162.818194
44240 1638162.867558
44239 1638162.917128
44238 1638162.966882
44237 1638163.016640
44236 1638163.066538
44235 1638163.116600
44234 1638163.166699
44233 1638163.216886
44232 1638163.267082
44231 1638163.317415
44230 1638163.367747
44228 1638163.468701
44227 1638163.519382
44226 1638163.570068
44225 1638163.621014
44224 1638163.672089
44222 1638163.774383
44221 1638163.825597
44220 1638163.876823
44219 1638163.928050
44218 1638163.979585
44217 1638164.031121
44216 1638164.082777
44215 1638164.134669
44214 1638164.187069
44213 1638164.239558
44211 1638164.344539
44209 1638164.449520
44208 1638164.502179
44207 1638164.554858
44206 1638164.607802
44204 1638164.714225
44203 1638164.767492
44202 1638164.820935
44201 1638164.874380
44200 1638164.927826
44199 1638164.981271
44198 1638165.034716
44196 1638165.141607
44195 1638165.195124
44194 1638165.248735
44193 1638165.302423
44192 1638165.356171
44191 1638165.409918
44190 1638165.463859
44188 1638165.572402
44187 1638165.626845
44186 1638165.681804
44185 1638165.736765
44184 1638165.791733
44183 1638165.846805
44182 1638165.901982
44179 1638166.067814
44176 1638166.233662
44175 1638166.288952
44174 1638166.344321
44173 1638166.399823
44172 1638166.455859
44170 1638166.568467
44169 1638166.624778
44168 1638166.681255
44167 1638166.737986
44166 1638166.794844
44165 1638166.851800
44163 1638166.965714
44162 1638167.022860
44161 1638167.080005
44160 1638167.137428
44159 1638167.195029
44158 1638167.252752
44157 1638167.310475
44156 1638167.368198
44155 1638167.425922
44154 1638167.483645
44153 1638167.541397
44152 1638167.599223
44151 1638167.657190
44150 1638167.715195
44149 1638167.773217
44148 1638167.831238
44147 1638167.889260
44146 1638167.947560
44145 1638168.006473
44143 1638168.125027
44142 1638168.184326
44141 1638168.243821
44140 1638168.303316
44139 1638168.362811
44138 1638168.422314
44137 1638168.481817
44136 1638168.541321
44135 1638168.600824
44134 1638168.660634
44133 1638168.720673
44132 1638168.780794
44131 1638168.840924
44130 1638168.901054
44129 1638168.961499
44128 1638169.021979
44127 1638169.082735
44125 1638169.204302
44124 1638169.265306
44123 1638169.326535
44121 1638169.449488
44120 1638169.511053
44119 1638169.572886
44118 1638169.634950
44117 1638169.697145
44115 1638169.821789
44114 1638169.884223
44113 1638169.946952
44112 1638170.009698
44111 1638170.072700
44110 1638170.135780
44109 1638170.198924
44108 1638170.262115
44107 1638170.325541
44106 1638170.388969
44105 1638170.452397
44104 1638170.516057
44103 1638170.580272
44102 1638170.644490
44101 1638170.708740
44100 1638170.773157
44099 1638170.837629
44098 1638170.902239
44097 1638170.967093
44095 1638171.096866
44094 1638171.161798
44093 1638171.226729
44092 1638171.291661
44091 1638171.356900
44088 1638171.552656
44087 1638171.618250
44086 1638171.683850
44085 1638171.749449
44084 1638171.815049
44083 1638171.880649
44082 1638171.946487
44080 1638172.078266
44079 1638172.144177
44078 1638172.210131
44077 1638172.276205
44075 1638172.408873
44073 1638172.541564
44072 1638172.607909
44071 1638172.674263
44070 1638172.740862
44069 1638172.807478
44068 1638172.874325
44067 1638172.941299
44066 1638173.008299
44065 1638173.075407
44063 1638173.209733
44062 1638173.277211
44061 1638173.344852
44060 1638173.412492
44059 1638173.480396
44058 1638173.548303
44057 1638173.616210
44055 1638173.752071
44054 1638173.820093
44053 1638173.888114
44052 1638173.956297
44051 1638174.024480
44050 1638174.092663
44049 1638174.160967
44048 1638174.229509
44047 1638174.298235
44046 1638174.367201
44045 1638174.436170
44044 1638174.505715
44043 1638174.575353
44042 1638174.645039
44041 1638174.714862
44040 1638174.785007
44038 1638174.925644
44035 1638175.138264
44034 1638175.210162
44033 1638175.282111
44032 1638175.354081
44031 1638175.426246
44030 1638175.498540
44029 1638175.570855
44028 1638175.643203
44027 1638175.715731
44025 1638175.861092
44024 1638175.933838
44023 1638176.006795
44022 1638176.079848
44021 1638176.152915
44020 1638176.225982
44019 1638176.299050
44018 1638176.372147
44017 1638176.445267
44014 1638176.665241
44013 1638176.738616
44012 1638176.812040
44011 1638176.885595
44010 1638176.959629
44009 1638177.033663
44008 1638177.107697
44007 1638177.181731
44005 1638177.329862
44004 1638177.404040
44003 1638177.478264
44002 1638177.552533
44001 1638177.626841
44000 1638177.701238
43999 1638177.775770
43998 1638177.850411
43997 1638177.925051
43996 1638178.000018
43995 1638178.074984
43994 1638178.149950
43993 1638178.224962
43992 1638178.300120
43991 1638178.375406
43990 1638178.450846
43989 1638178.526414
43988 1638178.601996
43986 1638178.753325
43985 1638178.829276
43983 1638178.981209
43982 1638179.057175
43981 1638179.133141
43980 1638179.209108
43979 1638179.285074
43978 1638179.361041
43977 1638179.437007
43976 1638179.513301
43974 1638179.666560
43973 1638179.743224
43972 1638179.819894
43971 1638179.896860
43970 1638179.973827
43969 1638180.050793
43968 1638180.127760
43967 1638180.204727
43966 1638180.282034
43965 1638180.359480
43963 1638180.514888
43962 1638180.592680
43960 1638180.748489
43959 1638180.826478
43958 1638180.904894
43956 1638181.062052
43955 1638181.140766
43952 1638181.377028
43951 1638181.455791
43950 1638181.534617
43948 1638181.692572
43947 1638181.771572
43946 1638181.850648
43944 1638182.009535
43943 1638182.089106
43942 1638182.168685
43941 1638182.248264
43940 1638182.328416
43939 1638182.408576
43938 1638182.488767
43937 1638182.568959
43936 1638182.649150
43935 1638182.729341
43934 1638182.809532
43933 1638182.889723
43932 1638182.969914
43931 1638183.050108
43930 1638183.130638
43929 1638183.211216
43928 1638183.291793
43927 1638183.372531
43926 1638183.453374
43925 1638183.534680
43924 1638183.615985
43923 1638183.697291
43922 1638183.778596
43921 1638183.860164
43920 1638183.941938
43919 1638184.023729
43918 1638184.105564
43917 1638184.187636
43915 1638184.352433
43914 1638184.434875
43913 1638184.517320
43911 1638184.682425
43910 1638184.765150
43909 1638184.847951
43908 1638184.930888
43907 1638185.013917
43906 1638185.096980
43905 1638185.180194
43904 1638185.263467
43903 1638185.346823
43902 1638185.430487
43901 1638185.514340
43900 1638185.598242
43899 1638185.682513
43898 1638185.766783
43897 1638185.851209
43896 1638185.935810
43895 1638186.020723
43894 1638186.105636
43893 1638186.190550
43892 1638186.275463
43891 1638186.360377
43890 1638186.445290
43889 1638186.530204
43888 1638186.615117
43887 1638186.700030
43886 1638186.784944
43885 1638186.870273
43884 1638186.955672
43880 1638187.298283
43877 1638187.556596
43876 1638187.642724
43875 1638187.728865
43874 1638187.815028
43873 1638187.901191
43872 1638187.987377
43870 1638188.159912
43868 1638188.333267
43867 1638188.420029
43866 1638188.507033
43865 1638188.594103
43864 1638188.681189
43863 1638188.768279
43862 1638188.855502
43861 1638188.942952
43859 1638189.118092
43858 1638189.206031
43857 1638189.294026
43856 1638189.382023
43855 1638189.470288
43854 1638189.558647
43853 1638189.647355
43852 1638189.736079
43851 1638189.824895
43850 1638189.913711
43849 1638190.002528
43848 1638190.091766
43846 1638190.270606
43845 1638190.360084
43844 1638190.449607
43843 1638190.539311
43841 1638190.718756
43840 1638190.808924
43839 1638190.899101
43838 1638190.989302
43837 1638191.079530
43836 1638191.169757
43835 1638191.259984
43834 1638191.350211
43833 1638191.440439
43832 1638191.530666
43831 1638191.621197
43830 1638191.712107
43829 1638191.803034
43828 1638191.894739
43827 1638191.986708
43826 1638192.078712
43825 1638192.170834
43824 1638192.262956
43823 1638192.355306
43820 1638192.633044
43819 1638192.725782
43818 1638192.818559
43817 1638192.911403
43815 1638193.097317
43813 1638193.283847
43812 1638193.377147
43811 1638193.470508
43810 1638193.564112
43808 1638193.751455
43807 1638193.845268
43806 1638193.939112
43804 1638194.127069
43803 1638194.221195
43802 1638194.315446
43801 1638194.410061
43800 1638194.504707
43799 1638194.599352
43798 1638194.693998
43797 1638194.788904
43796 1638194.883931
43795 1638194.979138
43794 1638195.074559
43793 1638195.170094
43790 1638195.456842
43789 1638195.552526
43787 1638195.744250
43786 1638195.840501
43785 1638195.936752
43784 1638196.033003
43783 1638196.129254
43782 1638196.225505
43781 1638196.322439
43780 1638196.419439
43779 1638196.517189
43778 1638196.615009
43777 1638196.712866
43776 1638196.810722
43775 1638196.908579
43772 1638197.202659
43770 1638197.399589
43769 1638197.498196
43767 1638197.695968
43766 1638197.794910
43765 1638197.893932
43764 1638197.993040
43763 1638198.092234
43762 1638198.191741
43761 1638198.291249
43760 1638198.390906
43758 1638198.590294
43755 1638198.889449
43754 1638198.989235
43753 1638199.089101
43752 1638199.188966
43751 1638199.288832
43750 1638199.388697
43749 1638199.488563
43748 1638199.588428
43747 1638199.688294
43746 1638199.788159
43745 1638199.888024
43744 1638199.987890
43743 1638200.087755
43742 1638200.187621
43741 1638200.287486
43740 1638200.387352
43739 1638200.487217
43738 1638200.587083
43737 1638200.686948
43736 1638200.786814
43735 1638200.886679
43734 1638200.986545
43733 1638201.086410
43732 1638201.186276
43731 1638201.286141
43730 1638201.386007
43729 1638201.485872
43728 1638201.585737
43727 1638201.685603
43726 1638201.785468
43724 1638201.985297
43723 1638202.085216
43721 1638202.285244
43720 1638202.385578
43719 1638202.485913
43716 1638202.786939
43714 1638202.987648
43712 1638203.188569
43711 1638203.289393
43710 1638203.390393
43708 1638203.592708
43707 1638203.694002
43706 1638203.795295
43705 1638203.896589
43704 1638203.998200
43703 1638204.099889
43702 1638204.201613
43701 1638204.303340
43700 1638204.405082
43699 1638204.506943
43697 1638204.710741
43696 1638204.812920
43694 1638205.017822
43693 1638205.120277
43692 1638205.222886
43691 1638205.325942
43690 1638205.429037
43689 1638205.532175
43688 1638205.635312
43687 1638205.738449
43686 1638205.841587
43685 1638205.945275
43684 1638206.049176
43683 1638206.153150
43682 1638206.257741
43681 1638206.362441
43680 1638206.467370
43679 1638206.572306
43678 1638206.677246
43677 1638206.782216
43676 1638206.887186
43675 1638206.992168
43674 1638207.097149
43672 1638207.307369
43671 1638207.412613
43670 1638207.518063
43669 1638207.623538
43668 1638207.729029
43667 1638207.834644
43665 1638208.046820
43664 1638208.152950
43663 1638208.259178
43662 1638208.365406
43660 1638208.578215
43659 1638208.685156
43658 1638208.792303
43657 1638208.899566
43656 1638209.007280
43653 1638209.330449
43652 1638209.438367
43651 1638209.546486
43650 1638209.654744
43649 1638209.763053
43648 1638209.871949
43647 1638209.980847
43646 1638210.089782
43645 1638210.198729
43644 1638210.307676
43642 1638210.526313
43640 1638210.744988
43638 1638210.964015
43637 1638211.073532
43636 1638211.183807
43635 1638211.294091
43634 1638211.404523
43633 1638211.515090
43632 1638211.626094
43631 1638211.737131
43630 1638211.848168
43629 1638211.959255
43628 1638212.070341
43627 1638212.181427
43626 1638212.292513
43625 1638212.403600
43624 1638212.514686
43623 1638212.625772
43621 1638212.848591
43620 1638212.960076
43619 1638213.072145
43617 1638213.296372
43616 1638213.408904
43615 1638213.522071
43614 1638213.635245
43613 1638213.748451
43612 1638213.861676
43611 1638213.974901
43610 1638214.088497
43609 1638214.202279
43608 1638214.316241
43605 1638214.658745
43604 1638214.773033
43603 1638214.887369
43602 1638215.001706
43601 1638215.116336
43600 1638215.231003
43599 1638215.345716
43598 1638215.460635
43597 1638215.575652
43596 1638215.690838
43595 1638215.806059
43593 1638216.037385
43591 1638216.268836
43589 1638216.500349
43588 1638216.616392
43586 1638216.848790
43585 1638216.965032
43584 1638217.081275
43582 1638217.313847
43580 1638217.546576
43579 1638217.663225
43578 1638217.779994
43577 1638217.896830
43576 1638218.013876
43575 1638218.130923
43574 1638218.248041
43573 1638218.365215
43572 1638218.482396
43571 1638218.599586
43570 1638218.717081
43569 1638218.834657
43568 1638218.952461
43567 1638219.070314
43566 1638219.188166
43565 1638219.306019
43564 1638219.423872
43563 1638219.541725
43562 1638219.659578
43561 1638219.777493
43560 1638219.895599
43559 1638220.014041
43558 1638220.132498
43557 1638220.251005
43556 1638220.369959
43555 1638220.489016
43554 1638220.608531
43552 1638220.847573
43551 1638220.967361
43550 1638221.087208
43549 1638221.207054
43548 1638221.326900
43547 1638221.446837
43546 1638221.566864
43545 1638221.686895
43544 1638221.806979
43543 1638221.927193
43542 1638222.047440
43541 1638222.167737
43540 1638222.288039
43539 1638222.408378
43538 1638222.528743
43537 1638222.649107
43536 1638222.769471
43535 1638222.889835
43534 1638223.010199
43533 1638223.130563
43532 1638223.250927
43531 1638223.371291
43530 1638223.491656
43529 1638223.612020
43528 1638223.732384
43527 1638223.852748
43526 1638223.973112
43525 1638224.093480
43522 1638224.454784
43521 1638224.575298
43520 1638224.695826
43519 1638224.816752
43518 1638224.937845
43514 1638225.423311
43513 1638225.544997
43512 1638225.667521
43511 1638225.790330
43510 1638225.913150
43509 1638226.036007
43508 1638226.158960
43507 1638226.281913
43506 1638226.405078
43505 1638226.528600
43504 1638226.652716
43503 1638226.776839
43502 1638226.901080
43500 1638227.149730
43499 1638227.274106
43497 1638227.523312
43496 1638227.648069
43495 1638227.773147
43494 1638227.898620
43493 1638228.024101
43492 1638228.149613
43490 1638228.400693
43489 1638228.526279
43488 1638228.651976
43487 1638228.777673
43486 1638228.903370
43485 1638229.029067
43484 1638229.154764
43483 1638229.280461
43482 1638229.406158
43481 1638229.531855
43480 1638229.657552
43479 1638229.783249
43478 1638229.908946
43477 1638230.034643
43476 1638230.160340
43475 1638230.286037
43473 1638230.537737
43471 1638230.789436
43470 1638230.915684
43469 1638231.042081
43468 1638231.168531
43467 1638231.295146
43466 1638231.422262
43465 1638231.549650
43464 1638231.677996
43463 1638231.806341
43462 1638231.934686
43461 1638232.063200
43459 1638232.320401
43457 1638232.578385
43456 1638232.707494
43454 1638232.965949
43453 1638233.095511
43451 1638233.354735
43450 1638233.484509
43449 1638233.614282
43446 1638234.003813
43445 1638234.133670
43444 1638234.263527
43443 1638234.393390
43442 1638234.523558
43441 1638234.653783
43438 1638235.044724
43437 1638235.175038
43435 1638235.436169
43434 1638235.566918
43433 1638235.697670
43432 1638235.828915
43431 1638235.960169
43429 1638236.222814
43428 1638236.354150
43427 1638236.485485
43426 1638236.616820
43425 1638236.748156
43424 1638236.879491
43423 1638237.010826
43422 1638237.142162
43421 1638237.273497
43420 1638237.405242
43419 1638237.537173
43418 1638237.669780
43417 1638237.802842
43416 1638237.935921
43415 1638238.069386
43413 1638238.336598
43412 1638238.470542
43411 1638238.604656
43410 1638238.738887
43409 1638238.873212
43408 1638239.007538
43407 1638239.141863
43406 1638239.276188
43405 1638239.410514
43404 1638239.544839
43403 1638239.679333
43401 1638239.948569
43400 1638240.083293
43399 1638240.218045
43398 1638240.353134
43397 1638240.488401
43396 1638240.623753
43395 1638240.759116
43394 1638240.894479
43393 1638241.029870
43392 1638241.165427
43391 1638241.301277
43390 1638241.437167
43389 1638241.573397
43388 1638241.710068
43387 1638241.847263
43385 1638242.122363
43384 1638242.259963
43382 1638242.536230
43381 1638242.674384
43380 1638242.812547
43378 1638243.089352
43377 1638243.227801
43376 1638243.366409
43375 1638243.505375
43374 1638243.644582
43372 1638243.924033
43371 1638244.063770
43369 1638244.344161
43368 1638244.484463
43367 1638244.625176
43366 1638244.765982
43365 1638244.906798
43364 1638245.047688
43363 1638245.188579
43362 1638245.329470
43361 1638245.470475
43360 1638245.611723
43359 1638245.753281
43358 1638245.894991
43357 1638246.036700
43356 1638246.178517
43353 1638246.605087
43352 1638246.747699
43351 1638246.890350
43350 1638247.033563
43348 1638247.320292
43347 1638247.463694
43346 1638247.607255
43344 1638247.894900
43343 1638248.038839
43342 1638248.183000
43341 1638248.327330
43340 1638248.471733
43339 1638248.616187
43338 1638248.760697
43337 1638248.905208
43336 1638249.049719
43335 1638249.194230
43334 1638249.338741
43333 1638249.483252
43332 1638249.627763
43331 1638249.772274
43330 1638249.916785
43329 1638250.061296
43328 1638250.205807
43327 1638250.350318
43326 1638250.494829
43325 1638250.639339
43324 1638250.784334
43322 1638251.074340
43320 1638251.364834
43319 1638251.510221
43318 1638251.655747
43317 1638251.801355
43316 1638251.947377
43315 1638252.093485
43314 1638252.240323
43312 1638252.534119
43311 1638252.681057
43310 1638252.828354
43309 1638252.976075
43308 1638253.124109
43307 1638253.272240
43306 1638253.420372
43305 1638253.568503
43304 1638253.717269
43303 1638253.866058
43302 1638254.014966
43301 1638254.163874
43300 1638254.312823
43299 1638254.461828
43298 1638254.611221
43297 1638254.761904
43294 1638255.217219
43293 1638255.368994
43292 1638255.520892
43291 1638255.672842
43290 1638255.824797
43289 1638255.976833
43287 1638256.281719
43285 1638256.586861
43284 1638256.739502
43282 1638257.044917
43281 1638257.198077
43280 1638257.351323
43279 1638257.505069
43278 1638257.658850
43277 1638257.812874
43276 1638257.967228
43275 1638258.121667
43273 1638258.430636
43271 1638258.740048
43270 1638258.894788
43269 1638259.049817
43268 1638259.205141
43267 1638259.360743
43266 1638259.516472
43264 1638259.828244
43263 1638259.984258
43262 1638260.140301
43261 1638260.296344
43260 1638260.452484
43259 1638260.608641
43258 1638260.764799
43257 1638260.920956
43256 1638261.077113
43255 1638261.233271
43254 1638261.389717
43253 1638261.546203
43252 1638261.702693
43251 1638261.859327
43250 1638262.016018
43249 1638262.172758
43248 1638262.329590
43247 1638262.486458
43245 1638262.800309
43244 1638262.957279
43243 1638263.114255
43242 1638263.271634
43241 1638263.430254
43240 1638263.588989
43239 1638263.747876
43238 1638263.906763
43237 1638264.066351
43234 1638264.545557
43233 1638264.705908
43232 1638264.866259
43231 1638265.026641
43230 1638265.187106
43229 1638265.347589
43228 1638265.508072
43227 1638265.668703
43226 1638265.829334
43225 1638265.989965
43224 1638266.150596
43223 1638266.311227
43222 1638266.471858
43221 1638266.632489
43220 1638266.793120
43219 1638266.953751
43217 1638267.275012
43216 1638267.435643
43215 1638267.596274
43214 1638267.756905
43213 1638267.917536
43212 1638268.078167
43211 1638268.239298
43210 1638268.400512
43208 1638268.723101
43207 1638268.884994
43206 1638269.046990
43205 1638269.209383
43203 1638269.534811
43202 1638269.697552
43201 1638269.860292
43200 1638270.023427
43199 1638270.187630
43198 1638270.351915
43197 1638270.516712
43196 1638270.681509
43195 1638270.846306
43194 1638271.011103
43193 1638271.176039
43192 1638271.340983
43191 1638271.505952
43190 1638271.670922
43189 1638271.836026
43188 1638272.001131
43187 1638272.166530
43185 1638272.497541
43184 1638272.663244
43183 1638272.829096
43180 1638273.327164
43179 1638273.493949
43177 1638273.828045
43176 1638273.995232
43175 1638274.162489
43173 1638274.497076
43172 1638274.664863
43170 1638275.001142
43169 1638275.169480
43168 1638275.337862
43167 1638275.506372
43166 1638275.674881
43165 1638275.843391
43163 1638276.180885
43162 1638276.350146
43161 1638276.519621
43160 1638276.689161
43159 1638276.859119
43157 1638277.199144
43155 1638277.539396
43154 1638277.709526
43153 1638277.879793
43151 1638278.220351
43150 1638278.390648
43148 1638278.732088
43146 1638279.073529
43145 1638279.244294
43144 1638279.415436
43142 1638279.758054
43140 1638280.101153
43139 1638280.272909
43137 1638280.617178
43135 1638280.961624
43134 1638281.134249
43132 1638281.480389
43131 1638281.653544
43130 1638281.826698
43129 1638282.000053
43128 1638282.173408
43127 1638282.347134
43126 1638282.521003
43125 1638282.695112
43124 1638282.870091
43123 1638283.045071
43122 1638283.220163
43121 1638283.395304
43120 1638283.570445
43119 1638283.745585
43118 1638283.920726
43117 1638284.095867
43116 1638284.271007
43115 1638284.446148
43114 1638284.621289
43113 1638284.796429
43112 1638284.971719
43110 1638285.322484
43109 1638285.497955
43108 1638285.674121
43105 1638286.202858
43104 1638286.379191
43103 1638286.555621
43101 1638286.909454
43099 1638287.263899
43096 1638287.795968
43095 1638287.973369
43094 1638288.150783
43093 1638288.328585
43092 1638288.506680
43091 1638288.685078
43089 1638289.043056
43088 1638289.222290
43087 1638289.401734
43086 1638289.581310
43085 1638289.761495
43084 1638289.941680
43083 1638290.121905
43082 1638290.302193
43081 1638290.482648
43080 1638290.663225
43079 1638290.843802
43078 1638291.024384
43077 1638291.204982
43076 1638291.385707
43075 1638291.566517
43074 1638291.747326
43073 1638291.928136
43071 1638292.289755
43070 1638292.470564
43069 1638292.651374
43068 1638292.832183
43067 1638293.012993
43066 1638293.193802
43065 1638293.374634
43064 1638293.555554
43063 1638293.736586
43062 1638293.917636
43061 1638294.098926
43058 1638294.642898
43057 1638294.824464
43056 1638295.006147
43055 1638295.188036
43052 1638295.733862
43051 1638295.915863
43050 1638296.098020
43048 1638296.462548
43046 1638296.827076
43042 1638297.556132
43040 1638297.920660
43039 1638298.102994
43038 1638298.286456
43037 1638298.470074
43036 1638298.653922
43034 1638299.021727
43030 1638299.758945
43029 1638299.943396
43028 1638300.128049
43027 1638300.312970
43026 1638300.498195
43025 1638300.683464
43024 1638300.868906
43022 1638301.240287
43020 1638301.611667
43019 1638301.797602
43017 1638302.170270
43016 1638302.356691
43015 1638302.543111
43014 1638302.729559
43013 1638302.916037
43012 1638303.102515
43011 1638303.288994
43010 1638303.475472
43008 1638303.848611
43006 1638304.222395
43005 1638304.409300
43004 1638304.596265
43003 1638304.783539
43001 1638305.158878
43000 1638305.346977
42999 1638305.535355
42998 1638305.723830
42997 1638305.912305
42995 1638306.289403
42994 1638306.478106
42993 1638306.666901
42992 1638306.855855
42991 1638307.044941
42990 1638307.234219
42989 1638307.423714
42988 1638307.613284
42987 1638307.803290
42986 1638307.993404
42985 1638308.183518
42984 1638308.373631
42983 1638308.563952
42982 1638308.754409
42981 1638308.944938
42978 1638309.516921
42977 1638309.708149
42976 1638309.899672
42972 1638310.667866
42971 1638310.860109
42970 1638311.052544
42969 1638311.245047
42968 1638311.437589
42966 1638311.822943
42965 1638312.015656
42964 1638312.208811
42963 1638312.402158
42962 1638312.595522
42961 1638312.789121
42959 1638313.176736
42957 1638313.564352
42956 1638313.758998
42953 1638314.343788
42952 1638314.538781
42950 1638314.929141
42949 1638315.124788
42947 1638315.516230
42946 1638315.712169
42944 1638316.104376
42943 1638316.301363
42942 1638316.498434
42941 1638316.695505
42940 1638316.892705
42939 1638317.089916
42938 1638317.287275
42937 1638317.484800
42936 1638317.682551
42935 1638317.880597
42934 1638318.078643
42933 1638318.276690
42931 1638318.672900
42930 1638318.871678
42929 1638319.070756
42928 1638319.269906
42927 1638319.469057
42926 1638319.668445
42925 1638319.867834
42924 1638320.067222
42923 1638320.266611
42922 1638320.465999
42921 1638320.665387
42920 1638320.864776
42919 1638321.064164
42918 1638321.263553
42917 1638321.462941
42916 1638321.662330
42915 1638321.861718
42914 1638322.061363
42913 1638322.261079
42912 1638322.460810
42911 1638322.660541
42910 1638322.860717
42909 1638323.061014
42908 1638323.261725
42907 1638323.462471
42906 1638323.663523
42905 1638323.864591
42904 1638324.065954
42902 1638324.470125
42901 1638324.672550
42900 1638324.874998
42899 1638325.077654
42898 1638325.280473
42897 1638325.483311
42896 1638325.686625
42894 1638326.093306
42892 1638326.499988
42888 1638327.313978
42887 1638327.517775
42886 1638327.721573
42885 1638327.925596
42884 1638328.130009
42880 1638328.947714
42879 1638329.152318
42878 1638329.357055
42876 1638329.766830
42875 1638329.971857
42874 1638330.177173
42872 1638330.587975
42870 1638330.999175
42868 1638331.410500
42865 1638332.027787
42864 1638332.234245
42863 1638332.440710
42862 1638332.647175
42861 1638332.853643
42860 1638333.060133
42859 1638333.266623
42858 1638333.473264
42857 1638333.679905
42856 1638333.886605
42854 1638334.300217
42853 1638334.507023
42852 1638334.713829
42851 1638334.920636
42850 1638335.127442
42849 1638335.334248
42848 1638335.541054
42847 1638335.747860
42846 1638335.954666
42845 1638336.161472
42844 1638336.368278
42843 1638336.575084
42842 1638336.781890
42841 1638336.988697
42840 1638337.195503
42839 1638337.402309
42838 1638337.609115
42837 1638337.815921
42836 1638338.022727
42835 1638338.229633
42834 1638338.436582
42833 1638338.643711
42832 1638338.850841
42830 1638339.265205
42829 1638339.472405
42827 1638339.886821
42826 1638340.094184
42825 1638340.301587
42824 1638340.509102
42823 1638340.717047
42821 1638341.133770
42818 1638341.758962
42817 1638341.967498
42816 1638342.176075
42815 1638342.384673
42814 1638342.593273
42811 1638343.219567
42810 1638343.428462
42809 1638343.637727
42808 1638343.847112
42807 1638344.056716
42804 1638344.685906
42803 1638344.895869
42802 1638345.105853
42801 1638345.316094
42800 1638345.526335
42799 1638345.737201
42798 1638345.948116
42797 1638346.159347
42796 1638346.370758
42794 1638346.793689
42793 1638347.005672
42792 1638347.218232
42791 1638347.430792
42790 1638347.643772
42789 1638347.856752
42787 1638348.282778
42786 1638348.495918
42785 1638348.709250
42784 1638348.922658
42783 1638349.136186
42782 1638349.349845
42781 1638349.563719
42780 1638349.777593
42777 1638350.419465
42775 1638350.847627
42774 1638351.061763
42773 1638351.275987
42772 1638351.490210
42771 1638351.704434
42770 1638351.918658
42769 1638352.132882
42768 1638352.347105
42767 1638352.561329
42766 1638352.775553
42765 1638352.990025
42764 1638353.204552
42763 1638353.419470
42762 1638353.634428
42761 1638353.849704
42759 1638354.280543
42758 1638354.495974
42757 1638354.711704
42756 1638354.927626
42755 1638355.143740
42754 1638355.359865
42753 1638355.576026
42752 1638355.792842
42751 1638356.009699
42750 1638356.227066
42749 1638356.444462
42748 1638356.662029
42747 1638356.879753
42746 1638357.097560
42745 1638357.315767
42744 1638357.534091
42743 1638357.752864
42742 1638357.971841
42741 1638358.190853
42740 1638358.409865
42739 1638358.628891
42738 1638358.847918
42737 1638359.066945
42736 1638359.285995
42735 1638359.505252
42734 1638359.724548
42733 1638359.943843
42732 1638360.163851
42731 1638360.383987
42730 1638360.604260
42729 1638360.824766
42726 1638361.486751
42725 1638361.707443
42724 1638361.928329
42723 1638362.149302
42722 1638362.370904
42721 1638362.592743
42720 1638362.814916
42717 1638363.481999
42715 1638363.927636
42714 1638364.150454
42713 1638364.373273
42712 1638364.596091
42711 1638364.818910
42710 1638365.041728
42709 1638365.264547
42708 1638365.487462
42707 1638365.710474
42706 1638365.933883
42705 1638366.157852
42704 1638366.381980
42702 1638366.830361
42700 1638367.278742
42699 1638367.503324
42698 1638367.728034
42697 1638367.952757
42696 1638368.177757
42695 1638368.402757
42694 1638368.627757
42692 1638369.077931
42691 1638369.303494
42690 1638369.529056
42689 1638369.754940
42688 1638369.981037
42687 1638370.207197
42686 1638370.433811
42683 1638371.113958
42682 1638371.340732
42681 1638371.567567
42680 1638371.794431
42677 1638372.476804
42676 1638372.705126
42675 1638372.933448
42674 1638373.161771
42673 1638373.390093
42671 1638373.847469
42670 1638374.076509
42669 1638374.305861
42668 1638374.535559
42667 1638374.765531
42665 1638375.226394
42664 1638375.457232
42663 1638375.688102
42662 1638375.919085
42660 1638376.381101
42659 1638376.612179
42658 1638376.843592
42657 1638377.075043
42656 1638377.306493
42655 1638377.537943
42654 1638377.769394
42653 1638378.000844
42652 1638378.232295
42651 1638378.463745
42650 1638378.695195
42649 1638378.926646
42648 1638379.158096
42647 1638379.389546
42646 1638379.620997
42645 1638379.852447
42644 1638380.083898
42643 1638380.315348
42642 1638380.546798
42641 1638380.778249
42640 1638381.010019
42639 1638381.242456
42637 1638381.708165
42636 1638381.941043
42634 1638382.406966
42633 1638382.640350
42632 1638382.874012
42631 1638383.107693
42629 1638383.575566
42628 1638383.809650
42626 1638384.280118
42624 1638384.751773
42622 1638385.223579
42621 1638385.459679
42620 1638385.695780
42616 1638386.640236
42615 1638386.876550
42613 1638387.349202
42612 1638387.585567
42611 1638387.822252
42610 1638388.058976
42609 1638388.295997
42607 1638388.770205
42606 1638389.007382
42605 1638389.244731
42604 1638389.482079
42603 1638389.719429
42601 1638390.194544
42600 1638390.432491
42599 1638390.670641
42597 1638391.147737
42595 1638391.624987
42594 1638391.863690
42593 1638392.102405
42592 1638392.341339
42591 1638392.581693
42590 1638392.822216
42589 1638393.062806
42588 1638393.303534
42587 1638393.544430
42586 1638393.785345
42585 1638394.026364
42583 1638394.508451
42582 1638394.749522
42581 1638394.990593
42580 1638395.231664
42579 1638395.472734
42578 1638395.714309
42577 1638395.955884
42576 1638396.197459
42575 1638396.439034
42574 1638396.680609
42573 1638396.922184
42572 1638397.163759
42571 1638397.405334
42570 1638397.646909
42569 1638397.888484
42568 1638398.130059
42567 1638398.371634
42566 1638398.613208
42565 1638398.854783
42564 1638399.096358
42563 1638399.337933
42562 1638399.579508
42561 1638399.821083
42560 1638400.062658
42559 1638400.304233
42558 1638400.545808
42557 1638400.787383
42556 1638401.029142
42555 1638401.271873
42554 1638401.514759
42552 1638402.002240
42551 1638402.246228
42550 1638402.490273
42548 1638402.978814
42546 1638403.467354
42545 1638403.711789
42544 1638403.956637
42543 1638404.201494
42542 1638404.446420
42541 1638404.691400
42539 1638405.181625
42537 1638405.671850
42535 1638406.162075
42534 1638406.407192
42533 1638406.652309
42532 1638406.897685
42531 1638407.143099
42530 1638407.388604
42529 1638407.634182
42528 1638407.879766
42527 1638408.125482
42524 1638408.863672
42522 1638409.356051
42521 1638409.602281
42518 1638410.341156
42516 1638410.834225
42515 1638411.081490
42514 1638411.328788
42513 1638411.576464
42512 1638411.824526
42511 1638412.072995
42510 1638412.321645
42509 1638412.571030
42508 1638412.820639
42506 1638413.320564
42505 1638413.570628
42504 1638413.820959
42503 1638414.071290
42501 1638414.572708
42499 1638415.074181
42498 1638415.325013
42497 1638415.576077
42496 1638415.827157
42495 1638416.078289
42494 1638416.329421
42493 1638416.580582
42492 1638416.831803
42491 1638417.083024
42490 1638417.334580
42489 1638417.586147
42488 1638417.837847
42487 1638418.089546
42486 1638418.341246
42485 1638418.592945
42484 1638418.844645
42483 1638419.096344
42482 1638419.348044
42481 1638419.599743
42480 1638419.851778
42479 1638420.104702
42478 1638420.357626
42477 1638420.610746
42476 1638420.864848
42475 1638421.119511
42474 1638421.374233
42473 1638421.629498
42472 1638421.884764
42471 1638422.140041
42470 1638422.395318
42469 1638422.650650
42468 1638422.905981
42467 1638423.161313
42465 1638423.672236
42464 1638423.927807
42462 1638424.439043
42461 1638424.694956
42459 1638425.206847
42458 1638425.463443
42456 1638425.976756
42454 1638426.490068
42452 1638427.003381
42449 1638427.774360
42448 1638428.031840
42447 1638428.289739
42446 1638428.547774
42445 1638428.805846
42443 1638429.322884
42441 1638429.840033
42438 1638430.615765
42437 1638430.874408
42434 1638431.651093
42433 1638431.910061
42432 1638432.169357
42431 1638432.429391
42430 1638432.689465
42428 1638433.210522
42427 1638433.471057
42426 1638433.731610
42425 1638433.992164
42424 1638434.253112
42423 1638434.514163
42422 1638434.775864
42421 1638435.038108
42419 1638435.563368
42418 1638435.826039
42417 1638436.088904
42415 1638436.614745
42414 1638436.877737
42412 1638437.403969
42411 1638437.667195
42408 1638438.458212
42406 1638438.985757
42405 1638439.249826
42404 1638439.514375
42403 1638439.779037
42402 1638440.043700
42401 1638440.308362
42400 1638440.573025
42399 1638440.837687
42398 1638441.102350
42397 1638441.367012
42396 1638441.631675
42395 1638441.896337
42394 1638442.161000
42393 1638442.425662
42392 1638442.690325
42391 1638442.954987
42390 1638443.219650
42389 1638443.484312
42386 1638444.279545
42385 1638444.544759
42384 1638444.810374
42383 1638445.076048
42382 1638445.341791
42380 1638445.873860
42378 1638446.405929
42376 1638446.937998
42374 1638447.470067
42372 1638448.002136
42370 1638448.534340
42368 1638449.067121
42367 1638449.333533
42365 1638449.866422
42364 1638450.133029
42363 1638450.400435
42362 1638450.668060
42361 1638450.936024
42360 1638451.203989
42359 1638451.472283
42358 1638451.740642
42355 1638452.545981
42354 1638452.814685
42353 1638453.083541
42352 1638453.352397
42350 1638453.890186
42349 1638454.159143
42347 1638454.697228
42346 1638454.966823
42344 1638455.506310
42343 1638455.776219
42341 1638456.316190
42339 1638456.856278
42338 1638457.126352
42337 1638457.396888
42336 1638457.667869
42335 1638457.939220
42334 1638458.210612
42333 1638458.482003
42332 1638458.753395
42331 1638459.024787
42330 1638459.296471
42329 1638459.568221
42328 1638459.839981
42327 1638460.111744
42325 1638460.655339
42323 1638461.199312
42322 1638461.471566
42319 1638462.288669
42314 1638463.654929
42313 1638463.928545
42312 1638464.202519
42311 1638464.476573
42309 1638465.025160
42308 1638465.299665
42306 1638465.849227
42305 1638466.124268
42304 1638466.399327
42303 1638466.674390
42302 1638466.949490
42301 1638467.224706
42299 1638467.775791
42297 1638468.327011
42296 1638468.602669
42293 1638469.429906
42292 1638469.705752
42291 1638469.981598
42290 1638470.257445
42289 1638470.533291
42288 1638470.809137
42287 1638471.084983
42286 1638471.360830
42285 1638471.636676
42283 1638472.188369
42282 1638472.464215
42281 1638472.740061
42280 1638473.015907
42279 1638473.291754
42278 1638473.567600
42277 1638473.843446
42275 1638474.395180
42273 1638474.946967
42272 1638475.222968
42271 1638475.499201
42270 1638475.775859
42269 1638476.052979
42268 1638476.330102
42267 1638476.607247
42264 1638477.439066
42263 1638477.716479
42262 1638477.994010
42261 1638478.271541
42260 1638478.549072
42257 1638479.383495
42255 1638479.940336
42254 1638480.218783
42253 1638480.497733
42252 1638480.776723
42251 1638481.055909
42250 1638481.335193
42249 1638481.614480
42248 1638481.894040
42247 1638482.173847
42246 1638482.454167
42244 1638483.015174
42242 1638483.576398
42241 1638483.857577
42239 1638484.420206
42236 1638485.264391
42235 1638485.546223
42234 1638485.828332
42233 1638486.110571
42232 1638486.393028
42231 1638486.675484
42230 1638486.957941
42229 1638487.240398
42228 1638487.522892
42227 1638487.805662
42226 1638488.088618
42224 1638488.654958
42223 1638488.938141
42222 1638489.221540
42221 1638489.505385
42220 1638489.789449
42219 1638490.073870
42218 1638490.358521
42215 1638491.213274
42214 1638491.498371
42213 1638491.783467
42212 1638492.068772
42211 1638492.354389
42210 1638492.640111
42209 1638492.926318
42207 1638493.498739
42205 1638494.071681
42204 1638494.358482
42202 1638494.932391
42200 1638495.508299
42199 1638495.796899
42197 1638496.374151
42196 1638496.662872
42195 1638496.951625
42194 1638497.240543
42193 1638497.529565
42192 1638497.818730
42191 1638498.108276
42190 1638498.397822
42189 1638498.687368
42186 1638499.556105
42185 1638499.845720
42184 1638500.135336
42183 1638500.424952
42182 1638500.714568
42181 1638501.004183
42180 1638501.294272
42179 1638501.584601
42178 1638501.875095
42177 1638502.165589
42176 1638502.456084
42175 1638502.746578
42174 1638503.037072
42173 1638503.327566
42172 1638503.618060
42171 1638503.908554
42170 1638504.199048
42169 1638504.489542
42168 1638504.780036
42167 1638505.070530
42166 1638505.361024
42165 1638505.651518
42164 1638505.942012
42163 1638506.232506
42162 1638506.523000
42161 1638506.813494
42160 1638507.103988
42159 1638507.394482
42158 1638507.684977
42157 1638507.975471
42156 1638508.265965
42155 1638508.556459
42154 1638508.846953
42153 1638509.137447
42152 1638509.427941
42151 1638509.718435
42150 1638510.008929
42149 1638510.299423
42148 1638510.589917
42147 1638510.880411
42146 1638511.170905
42145 1638511.461399
42144 1638511.751893
42143 1638512.042387
42140 1638512.915125
42137 1638513.788149
42136 1638514.079682
42135 1638514.371375
42134 1638514.663213
42133 1638514.956097
42132 1638515.249176
42131 1638515.542435
42130 1638515.836043
42128 1638516.424448
42127 1638516.718925
42126 1638517.013401
42125 1638517.307923
42124 1638517.602598
42123 1638517.897473
42121 1638518.487659
42120 1638518.783370
42118 1638519.375140
42117 1638519.671342
42116 1638519.967604
42115 1638520.264111
42114 1638520.560713
42113 1638520.857405
42112 1638521.154388
42111 1638521.451436
42110 1638521.748484
42109 1638522.045532
42107 1638522.639969
42104 1638523.533194
42101 1638524.426741
42100 1638524.724985
42099 1638525.023519
42097 1638525.620849
42096 1638525.919519
42093 1638526.816116
42091 1638527.414265
42090 1638527.714576
42089 1638528.015302
42088 1638528.316348
42087 1638528.617779
42086 1638528.919436
42085 1638529.221136
42084 1638529.522836
42083 1638529.824818
42082 1638530.127164
42080 1638530.732310
42079 1638531.034899
42078 1638531.338318
42076 1638531.945394
42075 1638532.249378
42074 1638532.553439
42073 1638532.857571
42072 1638533.161708
42071 1638533.465997
42070 1638533.770285
42069 1638534.074574
42068 1638534.378863
42066 1638534.987996
42065 1638535.292862
42064 1638535.597749
42063 1638535.902731
42062 1638536.207872
42061 1638536.513014
42060 1638536.818156
42059 1638537.123298
42058 1638537.428440
42057 1638537.733582
42056 1638538.038723
42055 1638538.343865
42054 1638538.649007
42053 1638538.954149
42052 1638539.259291
42051 1638539.564490
42050 1638539.870158
42047 1638540.789483
42045 1638541.402921
42041 1638542.629860
42040 1638542.937065
42039 1638543.244548
42038 1638543.552033
42036 1638544.167104
42035 1638544.474797
42034 1638544.782580
42033 1638545.090408
42032 1638545.398475
42031 1638545.706542
42029 1638546.323828
42027 1638546.941115
42026 1638547.249882
42023 1638548.176765
42022 1638548.486093
42021 1638548.795571
42020 1638549.105049
42019 1638549.415127
42018 1638549.725602
42017 1638550.036077
42016 1638550.346552
42015 1638550.657026
42014 1638550.967501
42013 1638551.277976
42011 1638551.899427
42008 1638552.832805
42006 1638553.455406
42003 1638554.390085
42001 1638555.013303
42000 1638555.325448
41998 1638555.949911
41997 1638556.262225
41996 1638556.574540
41993 1638557.512958
41992 1638557.826125
41991 1638558.139361
41990 1638558.452596
41989 1638558.765832
41988 1638559.079068
41987 1638559.393137
41985 1638560.022328
41983 1638560.651518
41982 1638560.966348
41981 1638561.281447
41980 1638561.596558
41977 1638562.542074
41976 1638562.857296
41975 1638563.173057
41974 1638563.488931
41973 1638563.804963
41970 1638564.753403
41968 1638565.386172
41967 1638565.702728
41965 1638566.335998
41964 1638566.652881
41963 1638566.969854
41960 1638567.920960
41959 1638568.238219
41958 1638568.555627
41956 1638569.191094
41953 1638570.144410
41952 1638570.462661
41950 1638571.100326
41948 1638571.738286
41946 1638572.376520
41945 1638572.695692
41944 1638573.014962
41943 1638573.335239
41942 1638573.656206
41941 1638573.977218
41939 1638574.620692
41937 1638575.264982
41935 1638575.909271
41934 1638576.231799
41932 1638576.876862
41930 1638577.521924
41928 1638578.167235
41927 1638578.489919
41926 1638578.812603
41925 1638579.135287
41924 1638579.457971
41923 1638579.780655
41922 1638580.103339
41921 1638580.426023
41920 1638580.748707
41919 1638581.071391
41918 1638581.394569
41916 1638582.041151
41914 1638582.687733
41913 1638583.011575
41911 1638583.659942
41910 1638583.984468
41909 1638584.309066
41908 1638584.633977
41907 1638584.959783
41906 1638585.285771
41902 1638586.590254
41901 1638586.916602
41900 1638587.243755
41899 1638587.570949
41897 1638588.225971
41895 1638588.880993
41893 1638589.536015
41891 1638590.191037
41889 1638590.846059
41887 1638591.501081
41885 1638592.156103
41884 1638592.483622
41882 1638593.139750
41881 1638593.468305
41880 1638593.797108
41879 1638594.126258
41878 1638594.455415
41874 1638595.772477
41873 1638596.101842
41872 1638596.431208
41869 1638597.420622
41868 1638597.750631
41864 1638599.070671
41863 1638599.401205
41861 1638600.062599
41859 1638600.724284
41857 1638601.386391
41856 1638601.717476
41855 1638602.048755
41854 1638602.380053
41853 1638602.711549
41852 1638603.043795
41851 1638603.376150
41850 1638603.708690
41848 1638604.374040
41847 1638604.706945
41846 1638605.039849
41845 1638605.373160
41844 1638605.706664
41843 1638606.040273
41842 1638606.374106
41840 1638607.042432
41839 1638607.377020
41838 1638607.711607
41837 1638608.046195
41836 1638608.380783
41835 1638608.715371
41833 1638609.384642
41832 1638609.719286
41830 1638610.388652
41829 1638610.723410
41826 1638611.727769
41824 1638612.398127
41823 1638612.733414
41818 1638614.410043
41817 1638614.745399
41815 1638615.416796
41813 1638616.088200
41812 1638616.424153
41811 1638616.760237
41809 1638617.432855
41807 1638618.106152
41805 1638618.779930
41804 1638619.117260
41803 1638619.454967
41801 1638620.130453
41800 1638620.468368
41799 1638620.806324
41798 1638621.144547
41797 1638621.482913
41795 1638622.160088
41793 1638622.838918
41792 1638623.178593
41789 1638624.198231
41787 1638624.878025
41786 1638625.218051
41785 1638625.558076
41784 1638625.898321
41783 1638626.238566
41782 1638626.578811
41781 1638626.919890
41780 1638627.260972
41779 1638627.602054
41778 1638627.943494
41777 1638628.284934
41776 1638628.626375
41775 1638628.967815
41774 1638629.309256
41773 1638629.650696
41772 1638629.992136
41771 1638630.333577
41770 1638630.675017
41769 1638631.016457
41768 1638631.357898
41767 1638631.699338
41766 1638632.040779
41765 1638632.382219
41764 1638632.723659
41763 1638633.065100
41762 1638633.406540
41761 1638633.747981
41760 1638634.089421
41759 1638634.431075
41758 1638634.772821
41757 1638635.115791
41756 1638635.459012
41755 1638635.802756
41754 1638636.146517
41752 1638636.834295
41751 1638637.179153
41749 1638637.869224
41748 1638638.214621
41746 1638638.905426
41745 1638639.251628
41743 1638639.944385
41740 1638640.984237
41739 1638641.330901
41738 1638641.677611
41737 1638642.024565
41735 1638642.719204
41734 1638643.066573
41731 1638644.109030
41730 1638644.456616
41728 1638645.151875
41727 1638645.500226
41725 1638646.197092
41723 1638646.893958
41721 1638647.590989
41720 1638647.939504
41719 1638648.288020
41718 1638648.637036
41717 1638648.986807
41716 1638649.336785
41715 1638649.687066
41714 1638650.037569
41712 1638650.739367
41709 1638651.793301
41708 1638652.144742
41707 1638652.496324
41706 1638652.847907
41700 1638654.958590
41698 1638655.662319
41696 1638656.367341
41694 1638657.073068
41693 1638657.426963
41692 1638657.781052
41691 1638658.135556
41689 1638658.844676
41688 1638659.199649
41687 1638659.554795
41686 1638659.909940
41685 1638660.265086
41684 1638660.620231
41682 1638661.330763
41680 1638662.042257
41679 1638662.398291
41677 1638663.110879
41676 1638663.467274
41674 1638664.180318
41672 1638664.893651
41671 1638665.250468
41669 1638665.964131
41667 1638666.678773
41666 1638667.036674
41665 1638667.394624
41664 1638667.753136
41663 1638668.112006
41661 1638668.831141
41660 1638669.190962
41657 1638670.271277
41654 1638671.351593
41653 1638671.711742
41652 1638672.072161
41651 1638672.432665
41649 1638673.153816
41648 1638673.514774
41647 1638673.875866
41646 1638674.236958
41645 1638674.598545
41644 1638674.960164
41643 1638675.321783
41642 1638675.683402
41641 1638676.045021
41640 1638676.406640
41637 1638677.493903
41636 1638677.856513
41635 1638678.219160
41634 1638678.581808
41633 1638678.944594
41632 1638679.307379
41631 1638679.670165
41630 1638680.033866
41629 1638680.398394
41628 1638680.762922
41627 1638681.127450
41626 1638681.491978
41625 1638681.856506
41624 1638682.221033
41623 1638682.585561
41622 1638682.950089
41621 1638683.314617
41620 1638683.679145
41619 1638684.043673
41618 1638684.408201
41616 1638685.137257
41615 1638685.501785
41614 1638685.866313
41613 1638686.230841
41612 1638686.595369
41611 1638686.959897
41610 1638687.324425
41609 1638687.688953
41608 1638688.053481
41607 1638688.418009
41606 1638688.782537
41605 1638689.147065
41604 1638689.511593
41603 1638689.876121
41602 1638690.240649
41601 1638690.605177
41600 1638690.969705
41599 1638691.334233
41598 1638691.698761
41597 1638692.063289
41596 1638692.427817
41595 1638692.792345
41594 1638693.156873
41593 1638693.521401
41592 1638693.885929
41591 1638694.250457
41590 1638694.614985
41589 1638694.979513
41588 1638695.344041
41587 1638695.708569
41586 1638696.073097
41585 1638696.437625
41584 1638696.802153
41583 1638697.166681
41582 1638697.531209
41581 1638697.895736
41580 1638698.260264
41579 1638698.624792
41578 1638698.989320
41577 1638699.353848
41576 1638699.718376
41575 1638700.082904
41574 1638700.447432
41573 1638700.811960
41572 1638701.176488
41571 1638701.541016
41570 1638701.905544
41569 1638702.270072
41568 1638702.634600
41567 1638702.999128
41566 1638703.363656
41565 1638703.728184
41564 1638704.092712
41563 1638704.457240
41562 1638704.821768
41561 1638705.186296
41559 1638705.915363
41558 1638706.280733
41557 1638706.646539
41555 1638707.378759
41553 1638708.112116
41552 1638708.479244
41551 1638708.847651
41550 1638709.216070
41549 1638709.584489
41548 1638709.952973
41546 1638710.689997
41544 1638711.427104
41543 1638711.795748
41542 1638712.164821
41540 1638712.903624
41538 1638713.642499
41537 1638714.012267
41536 1638714.382642
41535 1638714.753039
41534 1638715.123465
41533 1638715.494181
41531 1638716.235700
41530 1638716.606476
41529 1638716.977484
41528 1638717.348595
41527 1638717.719976
41526 1638718.091356
41525 1638718.463143
41523 1638719.206729
41522 1638719.578766
41520 1638720.323653
41519 1638720.696281
41518 1638721.068951
41517 1638721.441623
41512 1638723.306406
41511 1638723.679362
41509 1638724.425398
41506 1638725.547493
41501 1638727.418994
41500 1638727.793523
41499 1638728.168052
41497 1638728.918101
41496 1638729.293342
41495 1638729.669298
41494 1638730.045388
41493 1638730.421580
41492 1638730.797773
41489 1638731.927910
41488 1638732.304815
41487 1638732.682057
41485 1638733.436944
41483 1638734.191832
41481 1638734.946719
41479 1638735.701607
41477 1638736.456494
41475 1638737.211593
41474 1638737.589706
41472 1638738.346845
41471 1638738.725431
41468 1638739.863240
41466 1638740.622294
41465 1638741.001903
41464 1638741.381810
41463 1638741.761828
41462 1638742.141873
41460 1638742.902194
41459 1638743.282388
41457 1638744.043453
41453 1638745.565746
41452 1638745.946536
41448 1638747.469787
41446 1638748.232002
41445 1638748.613482
41444 1638748.995444
41443 1638749.377405
41441 1638750.141631
41440 1638750.523746
41439 1638750.906590
41437 1638751.673288
41435 1638752.440080
41433 1638753.206871
41432 1638753.591685
41431 1638753.976610
41429 1638754.746672
41428 1638755.131823
41427 1638755.517114
41425 1638756.288179
41424 1638756.673725
41423 1638757.059271
41422 1638757.445138
41421 1638757.831005
41420 1638758.216872
41418 1638758.988671
41417 1638759.374656
41414 1638760.532797
41412 1638761.305674
41411 1638761.692617
41410 1638762.079586
41409 1638762.466674
41408 1638762.853763
41407 1638763.241379
41406 1638763.628994
41405 1638764.016610
41404 1638764.404225
41403 1638764.791841
41402 1638765.179457
41401 1638765.567072
41400 1638765.954688
41399 1638766.342303
41398 1638766.729919
41397 1638767.117534
41396 1638767.505150
41395 1638767.892766
41394 1638768.280381
41393 1638768.667997
41392 1638769.055612
41391 1638769.443228
41390 1638769.830843
41389 1638770.218459
41388 1638770.606074
41387 1638770.993690
41386 1638771.381306
41385 1638771.768928
41384 1638772.156604
41383 1638772.544524
41382 1638772.932631
41381 1638773.321071
41379 1638774.099803
41378 1638774.489206
41377 1638774.878864
41376 1638775.268707
41375 1638775.658907
41373 1638776.439414
41372 1638776.829773
41371 1638777.220133
41370 1638777.610492
41369 1638778.000852
41368 1638778.391211
41367 1638778.781571
41366 1638779.171930
41364 1638779.952649
41363 1638780.343009
41362 1638780.733368
41361 1638781.123728
41360 1638781.514087
41359 1638781.904447
41358 1638782.294807
41357 1638782.685166
41356 1638783.075961
41355 1638783.466800
41354 1638783.857640
41353 1638784.248972
41350 1638785.426409
41348 1638786.211834
41346 1638786.997497
41345 1638787.390709
41343 1638788.177606
41341 1638788.965018
41340 1638789.359064
41338 1638790.148223
41336 1638790.938044
41334 1638791.727866
41332 1638792.517687
41330 1638793.307508
41328 1638794.097330
41326 1638794.887151
41324 1638795.676973
41323 1638796.071885
41322 1638796.467095
41321 1638796.862999
41320 1638797.259209
41319 1638797.655419
41318 1638798.051630
41317 1638798.447840
41316 1638798.844051
41314 1638799.637583
41312 1638800.431265
41311 1638800.828346
41310 1638801.226430
41309 1638801.624644
41308 1638802.022891
41307 1638802.421668
41306 1638802.820445
41305 1638803.220469
41304 1638803.620706
41302 1638804.421864
41301 1638804.822484
41300 1638805.223186
41299 1638805.623888
41298 1638806.024590
41297 1638806.425292
41296 1638806.825994
41295 1638807.227133
41294 1638807.628315
41291 1638808.833980
41289 1638809.639184
41288 1638810.042746
41287 1638810.446307
41286 1638810.849935
41284 1638811.657263
41283 1638812.061084
41281 1638812.869619
41280 1638813.274885
41279 1638813.680217
41278 1638814.085549
41277 1638814.491225
41274 1638815.710506
41272 1638816.523539
41271 1638816.930220
41269 1638817.744593
41268 1638818.152168
41267 1638818.559762
41266 1638818.967510
41264 1638819.785016
41262 1638820.602699
41260 1638821.423684
41259 1638821.834522
41255 1638823.478433
41253 1638824.300814
41252 1638824.712548
41250 1638825.536641
41248 1638826.360734
41247 1638826.773283
41244 1638828.012918
41243 1638828.426145
41241 1638829.252614
41240 1638829.666226
41239 1638830.079838
41237 1638830.910147
41236 1638831.325338
41235 1638831.740550
41234 1638832.156097
41233 1638832.572353
41232 1638832.988667
41230 1638833.821354
41227 1638835.070579
41226 1638835.487179
41225 1638835.904040
41224 1638836.320901
41222 1638837.155368
41220 1638837.989981
41219 1638838.407442
41218 1638838.825388
41216 1638839.661385
41215 1638840.079418
41214 1638840.497481
41212 1638841.334095
41211 1638841.753120
41209 1638842.591309
41208 1638843.010649
41206 1638843.849389
41204 1638844.688571
41203 1638845.109591
41202 1638845.530610
41201 1638845.951630
41200 1638846.372650
41199 1638846.793711
41198 1638847.215446
41197 1638847.637594
41195 1638848.482393
41194 1638848.905085
41193 1638849.328432
41192 1638849.751840
41191 1638850.175711
41190 1638850.599582
41189 1638851.023454
41188 1638851.447514
41186 1638852.296254
41185 1638852.720689
41184 1638853.145809
41182 1638853.996083
41181 1638854.421445
41180 1638854.846809
41179 1638855.272202
41178 1638855.697596
41177 1638856.122989
41176 1638856.548382
41174 1638857.399780
41173 1638857.825563
41169 1638859.529061
41166 1638860.807423
41164 1638861.660162
41163 1638862.086696
41162 1638862.513229
41158 1638864.219588
41157 1638864.646711
41155 1638865.501322
41153 1638866.356075
41151 1638867.210828
41149 1638868.065581
41147 1638868.920334
41145 1638869.775087
41143 1638870.629840
41141 1638871.484593
41139 1638872.339346
41137 1638873.194099
41135 1638874.048852
41133 1638874.903605
41131 1638875.758358
41129 1638876.613111
41127 1638877.467864
41126 1638877.895413
41125 1638878.322962
41124 1638878.750511
41123 1638879.178112
41121 1638880.033420
41120 1638880.461369
41119 1638880.889386
41118 1638881.317500
41117 1638881.745757
41116 1638882.174205
41114 1638883.031213
41113 1638883.459851
41109 1638885.174682
41108 1638885.603404
41107 1638886.032244
41105 1638886.890406
41104 1638887.319526
41102 1638888.178365
41100 1638889.038240
41099 1638889.468287
41098 1638889.898839
41097 1638890.329678
41096 1638890.760517
41095 1638891.191399
41094 1638891.623388
41093 1638892.055591
41092 1638892.487795
41091 1638892.919998
41090 1638893.352202
41089 1638893.784405
41088 1638894.216609
41087 1638894.648812
41086 1638895.081016
41085 1638895.513219
41084 1638895.945423
41083 1638896.377626
41082 1638896.809830
41081 1638897.242033
41080 1638897.674237
41079 1638898.106440
41077 1638898.971106
41076 1638899.404359
41074 1638900.271425
41072 1638901.138576
41070 1638902.005892
41069 1638902.439584
41068 1638902.873298
41067 1638903.307228
41066 1638903.741230
41065 1638904.175317
41063 1638905.044472
41061 1638905.914859
41060 1638906.350960
41059 1638906.787438
41058 1638907.223915
41057 1638907.660392
41056 1638908.096869
41055 1638908.533346
41054 1638908.969824
41051 1638910.279532
41049 1638911.153748
41045 1638912.902503
41044 1638913.339790
41042 1638914.214446
41040 1638915.089264
41039 1638915.526951
41038 1638915.965138
41037 1638916.403589
41036 1638916.842041
41035 1638917.280833
41034 1638917.719707
41032 1638918.597548
41029 1638919.916072
41028 1638920.355606
41027 1638920.795236
41025 1638921.675238
41023 1638922.555823
41021 1638923.437649
41019 1638924.319475
41017 1638925.201489
41016 1638925.642862
41015 1638926.084246
41014 1638926.525958
41013 1638926.967768
41010 1638928.294881
41007 1638929.622169
41006 1638930.064760
41005 1638930.507351
41004 1638930.949942
41003 1638931.392629
40998 1638933.607176
40997 1638934.051399
40995 1638934.940563
40994 1638935.385163
40993 1638935.830004
40992 1638936.274930
40991 1638936.720055
40990 1638937.165692
40989 1638937.611366
40988 1638938.057374
40987 1638938.503677
40985 1638939.396771
40983 1638940.291096
40982 1638940.738557
40981 1638941.186035
40980 1638941.633596
40979 1638942.081157
40978 1638942.528764
40976 1638943.424234
40974 1638944.320831
40972 1638945.217428
40970 1638946.114025
40968 1638947.010622
40966 1638947.907219
40964 1638948.803816
40963 1638949.252197
40962 1638949.700578
40960 1638950.597340
40958 1638951.494102
40957 1638951.942483
40956 1638952.390864
40955 1638952.839245
40954 1638953.287626
40953 1638953.736007
40952 1638954.184388
40951 1638954.632769
40950 1638955.081150
40949 1638955.529531
40948 1638955.977912
40947 1638956.426293
40946 1638956.874674
40945 1638957.323055
40944 1638957.771436
40943 1638958.219817
40942 1638958.668198
40941 1638959.116579
40940 1638959.564960
40939 1638960.013341
40938 1638960.461722
40937 1638960.910103
40935 1638961.806865
40934 1638962.255246
40933 1638962.703627
40932 1638963.152008
40931 1638963.600389
40930 1638964.048770
40929 1638964.497151
40928 1638964.945532
40927 1638965.393913
40926 1638965.842294
40925 1638966.290675
40924 1638966.739056
40921 1638968.086778
40920 1638968.536791
40919 1638968.986979
40917 1638969.888082
40916 1638970.338817
40914 1638971.240709
40913 1638971.691834
40911 1638972.595506
40909 1638973.499229
40906 1638974.855391
40905 1638975.307697
40904 1638975.760523
40902 1638976.666997
40901 1638977.120389
40900 1638977.573818
40899 1638978.027658
40897 1638978.935947
40896 1638979.390179
40895 1638979.844762
40894 1638980.299482
40893 1638980.754202
40891 1638981.664014
40888 1638983.029453
40887 1638983.484744
40886 1638983.940035
40885 1638984.395739
40882 1638985.763804
40881 1638986.219885
40880 1638986.676263
40878 1638987.589038
40877 1638988.045477
40876 1638988.501916
40875 1638988.958561
40873 1638989.872536
40871 1638990.786632
40870 1638991.243843
40868 1638992.158281
40866 1638993.073685
40864 1638993.989110
40863 1638994.447906
40861 1638995.365681
40860 1638995.824717
40859 1638996.284418
40857 1638997.204103
40855 1638998.123787
40853 1638999.043472
40851 1638999.963156
40849 1639000.882841
40847 1639001.802526
40845 1639002.722210
40843 1639003.641895
40841 1639004.561585
40840 1639005.021782
40839 1639005.482473
40837 1639006.404665
40835 1639007.327093
40834 1639007.788998
40831 1639009.175820
40828 1639010.562642
40827 1639011.024991
40826 1639011.487807
40825 1639011.950623
40824 1639012.413500
40823 1639012.876401
40822 1639013.339456
40821 1639013.802511
40820 1639014.265567
40818 1639015.193468
40816 1639016.121590
40815 1639016.585933
40814 1639017.050326
40813 1639017.514732
40811 1639018.443787
40810 1639018.908586
40809 1639019.373920
40808 1639019.839727
40807 1639020.305650
40806 1639020.771573
40805 1639021.237496
40804 1639021.703419
40803 1639022.169343
40800 1639023.569598
40797 1639024.970766
40795 1639025.905098
40794 1639026.372929
40793 1639026.840844
40791 1639027.777087
40790 1639028.245436
40789 1639028.713845
40787 1639029.652068
40786 1639030.121362
40785 1639030.590755
40784 1639031.060148
40783 1639031.529672
40782 1639031.999337
40781 1639032.469219
40778 1639033.879128
40777 1639034.349291
40776 1639034.819903
40773 1639036.232743
40772 1639036.703917
40771 1639037.175315
40770 1639037.646884
40769 1639038.118493
40768 1639038.590331
40767 1639039.062532
40765 1639040.006989
40764 1639040.479629
40763 1639040.952376
40761 1639041.898366
40756 1639044.264262
40754 1639045.213811
40753 1639045.688733
40751 1639046.639091
40747 1639048.539889
40746 1639049.015296
40744 1639049.967170
40743 1639050.443360
40742 1639050.919977
40740 1639051.873293
40738 1639052.827911
40737 1639053.305278
40736 1639053.782648
40735 1639054.261165
40734 1639054.740525
40733 1639055.220588
40732 1639055.700652
40731 1639056.180715
40729 1639057.141243
40727 1639058.103260
40726 1639058.584350
40725 1639059.066436
40724 1639059.548735
40722 1639060.514409
40721 1639060.997266
40719 1639061.963400
40718 1639062.446524
40717 1639062.929674
40714 1639064.382957
40713 1639064.867432
40711 1639065.836524
40709 1639066.805985
40707 1639067.775778
40705 1639068.745688
40704 1639069.231123
40703 1639069.716608
40702 1639070.202131
40701 1639070.687654
40700 1639071.173177
40699 1639071.658792
40698 1639072.144408
40697 1639072.630359
40696 1639073.116310
40695 1639073.602261
40694 1639074.088213
40693 1639074.574164
40692 1639075.060115
40691 1639075.546067
40690 1639076.032018
40689 1639076.517969
40688 1639077.003921
40687 1639077.489872
40686 1639077.975823
40685 1639078.461775
40683 1639079.434599
40682 1639079.921294
40679 1639081.382618
40678 1639081.869753
40676 1639082.844396
40675 1639083.332317
40674 1639083.820390
40671 1639085.285393
40670 1639085.774222
40669 1639086.263279
40667 1639087.242235
40666 1639087.731977
40665 1639088.222202
40664 1639088.712427
40663 1639089.202652
40662 1639089.692877
40661 1639090.183102
40660 1639090.673327
40659 1639091.163552
40658 1639091.653777
40657 1639092.144002
40656 1639092.634227
40655 1639093.124452
40654 1639093.614677
40653 1639094.104902
40652 1639094.595127
40651 1639095.085352
40650 1639095.575577
40649 1639096.065802
40648 1639096.556027
40647 1639097.046252
40646 1639097.536477
40645 1639098.026702
40644 1639098.516927
40643 1639099.007152
40642 1639099.497377
40641 1639099.987602
40640 1639100.477827
40639 1639100.968052
40638 1639101.458277
40637 1639101.948501
40636 1639102.438726
40635 1639102.928951
40634 1639103.419176
40633 1639103.909401
40632 1639104.399626
40631 1639104.889851
40629 1639105.870301
40628 1639106.360526
40627 1639106.850751
40626 1639107.340976
40625 1639107.831201
40624 1639108.321426
40623 1639108.811651
40622 1639109.301876
40621 1639109.792101
40620 1639110.282326
40619 1639110.772551
40618 1639111.262776
40617 1639111.753001
40616 1639112.243226
40615 1639112.733451
40614 1639113.223676
40613 1639113.713901
40612 1639114.204126
40611 1639114.694351
40610 1639115.184576
40609 1639115.674801
40608 1639116.165026
40607 1639116.655251
40606 1639117.145476
40605 1639117.635701
40604 1639118.125926
40603 1639118.616151
40602 1639119.106376
40601 1639119.596601
40600 1639120.086826
40599 1639120.577051
40598 1639121.067276
40597 1639121.557501
40596 1639122.047726
40595 1639122.537951
40594 1639123.028176
40593 1639123.518401
40592 1639124.008626
40591 1639124.498851
40590 1639124.989076
40589 1639125.479301
40588 1639125.969526
40587 1639126.459751
40586 1639126.949976
40585 1639127.440201
40584 1639127.930426
40583 1639128.420651
40582 1639128.910876
40581 1639129.401101
40580 1639129.891326
40579 1639130.381551
40578 1639130.871776
40577 1639131.362001
40576 1639131.852226
40575 1639132.342451
40574 1639132.832676
40573 1639133.322901
40572 1639133.813126
40571 1639134.303351
40570 1639134.793576
40569 1639135.283801
40568 1639135.774026
40567 1639136.264251
40566 1639136.754476
40565 1639137.244701
40564 1639137.734926
40563 1639138.225151
40562 1639138.715376
40561 1639139.205601
40560 1639139.696159
40558 1639140.678134
40556 1639141.660538
40553 1639143.135446
40552 1639143.627121
40551 1639144.119551
40550 1639144.612368
40547 1639146.090977
40546 1639146.584297
40545 1639147.077735
40544 1639147.571812
40543 1639148.065963
40542 1639148.560240
40540 1639149.550748
40539 1639150.046169
40538 1639150.542085
40537 1639151.038077
40536 1639151.534113
40535 1639152.030515
40534 1639152.526918
40533 1639153.023320
40532 1639153.519902
40531 1639154.016603
40530 1639154.514715
40528 1639155.512355
40527 1639156.011927
40526 1639156.511504
40524 1639157.510710
40523 1639158.010424
40522 1639158.510826
40521 1639159.011615
40520 1639159.513033
40519 1639160.015305
40518 1639160.517631
40516 1639161.523051
40513 1639163.032826
40512 1639163.536814
40510 1639164.545549
40509 1639165.050054
40508 1639165.554592
40505 1639167.069480
40504 1639167.574634
40502 1639168.586905
40501 1639169.093442
40500 1639169.600344
40499 1639170.107524
40498 1639170.614821
40497 1639171.122118
40496 1639171.629414
40495 1639172.136711
40494 1639172.644008
40493 1639173.151304
40492 1639173.658601
40491 1639174.165897
40490 1639174.673194
40489 1639175.180760
40488 1639175.688484
40487 1639176.196223
40486 1639176.703988
40485 1639177.212369
40484 1639177.721164
40483 1639178.230311
40482 1639178.739499
40481 1639179.249298
40480 1639179.759310
40479 1639180.269503
40476 1639181.800284
40475 1639182.310591
40474 1639182.820971
40470 1639184.862815
40469 1639185.373366
40467 1639186.394769
40466 1639186.905593
40464 1639187.928227
40462 1639188.953809
40454 1639193.058380
40453 1639193.571816
40451 1639194.600115
40449 1639195.629406
40447 1639196.659109
40446 1639197.174095
40444 1639198.204150
40443 1639198.720207
40442 1639199.236263
40441 1639199.752320
40440 1639200.268376
40439 1639200.784455
40438 1639201.300743
40437 1639201.817161
40435 1639202.851353
40433 1639203.885551
40431 1639204.919749
40430 1639205.437154
40429 1639205.954616
40428 1639206.473174
40426 1639207.511795
40422 1639209.594263
40421 1639210.115329
40420 1639210.636395
40419 1639211.158157
40418 1639211.679919
40417 1639212.202333
40414 1639213.769578
40413 1639214.292156
40411 1639215.337423
40410 1639215.860180
40409 1639216.383096
40407 1639217.431544
40406 1639217.956709
40405 1639218.482836
40404 1639219.009171
40403 1639219.535895
40401 1639220.589342
40400 1639221.116065
40398 1639222.170634
40397 1639222.697945
40396 1639223.225491
40394 1639224.282901
40392 1639225.340311
40390 1639226.397721
40389 1639226.926429
40388 1639227.455754
40387 1639227.985125
40385 1639229.044213
40382 1639230.633567
40381 1639231.164254
40380 1639231.694940
40378 1639232.756650
40377 1639233.287608
40376 1639233.818618
40374 1639234.880641
40372 1639235.942716
40369 1639237.536345
40366 1639239.129973
40364 1639240.192998
40363 1639240.724952
40362 1639241.257021
40361 1639241.789090
40360 1639242.321159
40359 1639242.853228
40358 1639243.385297
40357 1639243.917366
40356 1639244.449435
40355 1639244.981504
40354 1639245.513573
40353 1639246.045642
40352 1639246.577711
40351 1639247.109780
40350 1639247.641849
40349 1639248.173918
40348 1639248.705987
40347 1639249.238056
40346 1639249.770125
40345 1639250.302194
40344 1639250.834263
40343 1639251.366332
40342 1639251.898401
40340 1639252.962539
40339 1639253.494608
40338 1639254.026677
40337 1639254.558746
40336 1639255.090815
40335 1639255.622884
40334 1639256.154953
40333 1639256.687022
40332 1639257.219091
40331 1639257.751160
40330 1639258.283229
40329 1639258.815298
40328 1639259.347367
40327 1639259.879436
40326 1639260.411504
40325 1639260.943573
40324 1639261.475778
40317 1639265.202898
40315 1639266.268566
40314 1639266.801550
40313 1639267.335293
40312 1639267.869144
40311 1639268.403299
40310 1639268.938271
40308 1639270.008715
40304 1639272.150424
40303 1639272.685973
40301 1639273.757251
40299 1639274.829231
40298 1639275.365486
40297 1639275.901742
40294 1639277.511382
40291 1639279.121023
40290 1639279.658811
40289 1639280.196896
40288 1639280.735146
40285 1639282.350172
40283 1639283.427702
40282 1639283.966613
40278 1639286.126616
40276 1639287.206931
40274 1639288.287247
40272 1639289.367562
40270 1639290.448034
40269 1639290.988336
40268 1639291.528644
40266 1639292.609445
40263 1639294.231011
40261 1639295.312672
40259 1639296.395394
40257 1639297.478965
40255 1639298.563066
40254 1639299.105301
40251 1639300.732329
40250 1639301.275081
40249 1639301.817834
40247 1639302.903978
40246 1639303.447225
40245 1639303.990562
40244 1639304.534194
40243 1639305.078036
40242 1639305.622009
40241 1639306.166964
40238 1639307.802277
40237 1639308.347520
40235 1639309.438678
40234 1639309.984631
40231 1639311.622804
40230 1639312.168906
40229 1639312.715097
40227 1639313.807594
40226 1639314.353895
40224 1639315.448548
40223 1639315.996120
40222 1639316.543747
40221 1639317.091762
40220 1639317.639843
40219 1639318.187924
40218 1639318.736006
40217 1639319.284087
40216 1639319.832245
40215 1639320.380491
40214 1639320.928738
40213 1639321.476984
40212 1639322.025231
40211 1639322.573477
40210 1639323.121724
40209 1639323.669970
40208 1639324.218217
40206 1639325.315047
40205 1639325.863620
40204 1639326.413070
40203 1639326.962784
40202 1639327.512498
40200 1639328.612460
40198 1639329.712797
40196 1639330.813456
40195 1639331.363888
40194 1639331.914973
40192 1639333.018376
40190 1639334.121779
40188 1639335.225182
40186 1639336.328750
40185 1639336.880955
40184 1639337.433185
40183 1639337.985416
40180 1639339.643976
40179 1639340.196832
40175 1639342.410968
40174 1639342.964780
40173 1639343.518774
40172 1639344.073911
40171 1639344.629191
40170 1639345.184622
40169 1639345.740267
40168 1639346.296362
40167 1639346.852639
40166 1639347.409480
40165 1639347.966322
40164 1639348.523163
40163 1639349.080004
40162 1639349.636846
40161 1639350.193687
40160 1639350.750528
40159 1639351.307932
40158 1639351.866465
40156 1639352.984303
40155 1639353.543785
40154 1639354.103282
40152 1639355.222620
40151 1639355.783034
40148 1639357.464337
40147 1639358.025345
40146 1639358.586352
40145 1639359.147360
40144 1639359.708523
40142 1639360.831419
40141 1639361.393261
40140 1639361.955129
40138 1639363.079257
40137 1639363.641325
40136 1639364.203499
40135 1639364.765673
40134 1639365.327848
40133 1639365.891544
40131 1639367.020076
40130 1639367.584600
40129 1639368.149513
40128 1639368.714553
40122 1639372.104852
40120 1639373.235385
40117 1639374.932082
40116 1639375.497888
40115 1639376.063695
40114 1639376.629501
40113 1639377.195469
40112 1639377.761614
40111 1639378.327758
40109 1639379.461015
40108 1639380.028087
40107 1639380.595969
40106 1639381.163862
40105 1639381.731845
40104 1639382.300072
40103 1639382.868299
40102 1639383.436600
40101 1639384.005040
40100 1639384.573480
40099 1639385.143093
40098 1639385.712708
40095 1639387.422213
40092 1639389.131719
40091 1639389.702049
40090 1639390.272485
40089 1639390.842921
40088 1639391.413358
40087 1639391.983794
40086 1639392.554402
40083 1639394.270983
40082 1639394.843333
40081 1639395.415758
40078 1639397.133318
40076 1639398.278565
40074 1639399.423812
40072 1639400.569059
40070 1639401.714306
40068 1639402.859553
40066 1639404.004800
40056 1639409.734328
40055 1639410.307522
40052 1639412.028729
40050 1639413.177210
40049 1639413.751512
40047 1639414.900272
40046 1639415.475278
40045 1639416.051185
40042 1639417.779117
40041 1639418.356233
40038 1639420.091571
40036 1639421.248722
40035 1639421.827448
40034 1639422.406481
40033 1639422.985518
40031 1639424.143704
40030 1639424.722840
40028 1639425.881521
40026 1639427.040357
40025 1639427.619862
40024 1639428.199427
40023 1639428.779134
40021 1639429.938642
40019 1639431.098289
40018 1639431.678677
40017 1639432.259665
40016 1639432.840653
40015 1639433.421641
40014 1639434.002629
40013 1639434.583617
40012 1639435.164605
40010 1639436.327425
40009 1639436.909298
40008 1639437.491417
40006 1639438.656033
40004 1639439.823076
40002 1639440.991001
40001 1639441.575055
40000 1639442.160294
39994 1639445.672018
39993 1639446.257682
39992 1639446.843361
39990 1639448.015523
39989 1639448.601947
39987 1639449.776015
39982 1639452.711298
39980 1639453.885426
39978 1639455.059554
39976 1639456.234987
39975 1639456.822749
39972 1639458.586255
39970 1639459.762162
39969 1639460.350434
39967 1639461.527871
39965 1639462.705308
39964 1639463.294524
39962 1639464.473011
39959 1639466.241092
39958 1639466.830615
39957 1639467.420252
39956 1639468.009934
39954 1639469.189438
39953 1639469.779529
39952 1639470.369619
39951 1639470.959710
39950 1639471.549800
39949 1639472.139890
39948 1639472.731119
39947 1639473.322365
39945 1639474.505006
39944 1639475.096390
39941 1639476.870827
39940 1639477.462574
39936 1639479.832108
39934 1639481.017698
39933 1639481.611118
39931 1639482.798209
39929 1639483.985300
39927 1639485.172391
39925 1639486.359482
39923 1639487.546573
39921 1639488.734501
39920 1639489.328496
39919 1639489.922763
39918 1639490.517177
39916 1639491.707188
39913 1639493.492210
39912 1639494.087369
39911 1639494.682589
39908 1639496.469589
39907 1639497.065712
39905 1639498.260819
39904 1639498.858428
39903 1639499.456206
39902 1639500.054581
39900 1639501.253195
39899 1639501.852686
39897 1639503.051681
39896 1639503.651341
39895 1639504.251431
39894 1639504.851522
39893 1639505.451612
39892 1639506.051703
39891 1639506.651793
39890 1639507.252327
39889 1639507.853169
39887 1639509.055242
39886 1639509.656326
39885 1639510.257600
39884 1639510.859857
39883 1639511.462300
39882 1639512.064744
39881 1639512.667585
39878 1639514.476388
39877 1639515.079788
39875 1639516.287123
39874 1639516.890818
39873 1639517.494679
39872 1639518.098587
39866 1639521.725735
39865 1639522.330351
39863 1639523.540791
39862 1639524.146099
39861 1639524.751581
39860 1639525.357561
39859 1639525.964089
39857 1639527.177502
39856 1639527.784255
39855 1639528.391350
39854 1639528.998475
39853 1639529.605600
39852 1639530.212726
39851 1639530.820859
39849 1639532.038678
39846 1639533.866356
39843 1639535.694236
39842 1639536.303981
39841 1639536.914188
39840 1639537.524472
39838 1639538.745222
39837 1639539.355656
39836 1639539.966090
39835 1639540.576524
39834 1639541.186958
39833 1639541.797392
39832 1639542.407826
39831 1639543.018260
39830 1639543.628694
39828 1639544.851186
39827 1639545.462460
39826 1639546.074051
39824 1639547.297317
39823 1639547.910398
39821 1639549.136589
39819 1639550.362936
39818 1639550.976357
39813 1639554.043868
39812 1639554.657890
39811 1639555.272442
39810 1639555.888727
39807 1639557.737891
39798 1639563.286322
39796 1639564.520895
39795 1639565.138182
39794 1639565.755469
39793 1639566.372755
39792 1639566.990042
39791 1639567.607328
39790 1639568.224615
39789 1639568.841902
39788 1639569.459188
39787 1639570.076475
39786 1639570.693762
39784 1639571.928373
39782 1639573.163428
39781 1639573.781076
39780 1639574.399304
39778 1639575.635945
39776 1639576.874185
39775 1639577.493816
39774 1639578.113552
39773 1639578.733362
39770 1639580.594597
39768 1639581.836537
39764 1639584.325663
39762 1639585.570287
39760 1639586.815400
39758 1639588.060512
39756 1639589.305625
39754 1639590.550737
39752 1639591.795850
39750 1639593.040962
39748 1639594.286075
39746 1639595.531187
39744 1639596.776300
39742 1639598.021412
39740 1639599.266525
39738 1639600.511637
39736 1639601.756750
39734 1639603.001862
39732 1639604.246975
39730 1639605.492087
39728 1639606.737200
39726 1639607.982312
39724 1639609.227425
39722 1639610.472537
39720 1639611.717650
39718 1639612.962762
39716 1639614.207875
39714 1639615.452987
39712 1639616.698100
39710 1639617.943212
39708 1639619.188325
39706 1639620.433437
39704 1639621.678550
39702 1639622.923662
39700 1639624.168775
39698 1639625.413887
39696 1639626.659000
39694 1639627.904112
39692 1639629.149225
39690 1639630.394337
39688 1639631.639450
39686 1639632.884562
39684 1639634.129675
39682 1639635.374787
39680 1639636.619900
39679 1639637.242568
39678 1639637.865240
39677 1639638.488218
39675 1639639.735200
39673 1639640.982273
39672 1639641.605812
39671 1639642.229350
39670 1639642.853134
39669 1639643.477461
39666 1639645.350813
39664 1639646.600376
39661 1639648.475919
39660 1639649.101111
39656 1639651.604232
39647 1639657.236798
39645 1639658.488521
39642 1639660.368369
39640 1639661.622062
39639 1639662.249594
39638 1639662.877342
39637 1639663.505133
39636 1639664.133099
39635 1639664.761176
39634 1639665.389319
39633 1639666.017479
39632 1639666.645662
39630 1639667.902200
39629 1639668.530541
39628 1639669.158935
39626 1639670.415951
39624 1639671.673160
39622 1639672.931080
39621 1639673.560212
39614 1639677.964164
39612 1639679.222461
39611 1639679.851652
39610 1639680.480842
39609 1639681.110033
39608 1639681.739223
39607 1639682.368414
39606 1639682.997604
39605 1639683.626795
39604 1639684.255985
39603 1639684.885176
39602 1639685.514366
39601 1639686.143557
39600 1639686.772747
39599 1639687.401937
39598 1639688.031128
39597 1639688.660318
39595 1639689.918704
39594 1639690.549925
39593 1639691.181172
39592 1639691.812457
39591 1639692.443966
39588 1639694.338555
39585 1639696.236430
39583 1639697.502232
39582 1639698.135204
39579 1639700.035339
39576 1639701.935473
39573 1639703.835608
39570 1639705.736105
39567 1639707.637581
39566 1639708.271620
39564 1639709.539820
39562 1639710.808432
39561 1639711.442916
39560 1639712.077810
39558 1639713.347695
39557 1639713.982897
39556 1639714.618099
39555 1639715.254142
39554 1639715.890185
39553 1639716.526374
39549 1639719.072795
39548 1639719.709417
39544 1639722.256185
39541 1639724.167648
39539 1639725.443316
39538 1639726.081166
39535 1639727.995948
39532 1639729.912254
39528 1639732.467411
39527 1639733.106382
39524 1639735.023877
39521 1639736.943024
39520 1639737.582886
39517 1639739.502592
39515 1639740.782804
39513 1639742.063365
39504 1639747.827359
39501 1639749.749006
39500 1639750.389878
39497 1639752.313224
39495 1639753.596072
39493 1639754.878919
39492 1639755.520673
39491 1639756.162427
39490 1639756.804199
39488 1639758.088412
39486 1639759.372624
39484 1639760.656837
39482 1639761.941049
39480 1639763.226108
39479 1639763.868975
39477 1639765.155931
39476 1639765.799733
39475 1639766.443664
39467 1639771.599475
39466 1639772.244009
39465 1639772.888542
39464 1639773.533079
39461 1639775.468147
39460 1639776.113210
39457 1639778.048891
39456 1639778.694319
39455 1639779.340017
39454 1639779.986599
39453 1639780.633182
39452 1639781.279764
39451 1639781.926346
39450 1639782.573516
39449 1639783.221089
39448 1639783.869037
39446 1639785.165101
39445 1639785.813740
39444 1639786.462623
39442 1639787.760681
39441 1639788.409805
39438 1639790.357521
39435 1639792.310149
39434 1639792.961084
39433 1639793.613197
39432 1639794.265379
39431 1639794.917781
39430 1639795.570182
39429 1639796.222803
39426 1639798.180959
39425 1639798.833798
39424 1639799.486922
39423 1639800.140149
39421 1639801.447113
39419 1639802.754573
39418 1639803.408549
39415 1639805.370690
39413 1639806.680176
39412 1639807.335100
39411 1639807.990058
39410 1639808.645080
39409 1639809.300102
39408 1639809.955124
39406 1639811.265168
39405 1639811.920190
39404 1639812.575212
39403 1639813.230234
39402 1639813.885256
39401 1639814.540278
39400 1639815.195300
39399 1639815.850323
39398 1639816.505345
39397 1639817.160367
39396 1639817.815389
39395 1639818.470411
39394 1639819.125433
39393 1639819.780455
39392 1639820.435477
39391 1639821.090499
39389 1639822.400543
39388 1639823.055565
39387 1639823.710587
39386 1639824.365609
39385 1639825.020631
39384 1639825.675653
39383 1639826.330675
39382 1639826.985697
39381 1639827.640719
39380 1639828.295741
39379 1639828.950763
39378 1639829.605785
39377 1639830.260807
39376 1639830.915829
39375 1639831.570851
39374 1639832.225873
39373 1639832.880895
39372 1639833.535917
39371 1639834.190939
39370 1639834.845961
39369 1639835.500983
39368 1639836.156006
39367 1639836.811028
39366 1639837.466050
39365 1639838.121072
39364 1639838.776094
39363 1639839.431116
39361 1639840.741160
39360 1639841.396182
39359 1639842.051204
39358 1639842.706226
39356 1639844.016270
39355 1639844.671292
39354 1639845.326314
39353 1639845.981336
39352 1639846.636358
39351 1639847.291380
39350 1639847.946402
39349 1639848.601424
39348 1639849.256446
39347 1639849.911468
39346 1639850.566490
39345 1639851.221512
39344 1639851.876549
39343 1639852.531657
39342 1639853.187934
39340 1639854.500696
39339 1639855.157981
39338 1639855.815468
39335 1639857.788787
39333 1639859.105066
39332 1639859.763673
39331 1639860.422340
39330 1639861.081759
39326 1639863.723512
39325 1639864.384176
39324 1639865.044839
39323 1639865.705503
39322 1639866.367089
39320 1639867.693075
39318 1639869.019854
39317 1639869.683281
39316 1639870.347093
39314 1639871.675519
39309 1639874.997401
39305 1639877.658462
39304 1639878.323856
39303 1639878.989251
39301 1639880.320336
39299 1639881.651843
39292 1639886.317604
39289 1639888.317604
39286 1639890.317604
39282 1639892.985426
39279 1639894.987914
39278 1639895.655735
39273 1639898.994979
39270 1639900.999754
39269 1639901.668259
39267 1639903.005593
39265 1639904.343058
39264 1639905.011994
39261 1639907.022299
39260 1639907.692759
39259 1639908.363367
39254 1639911.717217
39251 1639913.730303
39249 1639915.072757
39248 1639915.744065
39247 1639916.415687
39245 1639917.760845
39243 1639919.107224
39242 1639919.780425
39241 1639920.453721
39238 1639922.473702
39237 1639923.147264
39236 1639923.821042
39235 1639924.494821
39234 1639925.168694
39233 1639925.842888
39232 1639926.517184
39231 1639927.191752
39230 1639927.866601
39229 1639928.541711
39227 1639929.893061
39226 1639930.569042
39222 1639933.276808
39221 1639933.954041
39220 1639934.631324
39219 1639935.309084
39215 1639938.020468
39213 1639939.376630
39212 1639940.054776
39210 1639941.412023
39209 1639942.091146
39207 1639943.450305
39204 1639945.489405
39203 1639946.169241
39201 1639947.529773
39199 1639948.892200
39196 1639950.938320
39195 1639951.621200
39194 1639952.304081
39193 1639952.986962
39191 1639954.352786
39190 1639955.035900
39189 1639955.719030
39187 1639957.085508
39186 1639957.769170
39185 1639958.452832
39183 1639959.820897
39181 1639961.188963
39179 1639962.557028
39178 1639963.241262
39174 1639965.979724
39172 1639967.350148
39171 1639968.036146
39170 1639968.722760
39169 1639969.410015
39166 1639971.472052
39165 1639972.159501
39164 1639972.847679
39163 1639973.536812
39162 1639974.225944
39159 1639976.296000
39157 1639977.678443
39156 1639978.369676
39154 1639979.752390
39153 1639980.444303
39152 1639981.136215
39150 1639982.520166
39148 1639983.904766
39144 1639986.674301
39143 1639987.366705
39140 1639989.444133
39139 1639990.136890
39138 1639990.829647
39137 1639991.522405
39136 1639992.215162
39135 1639992.907920
39134 1639993.600677
39133 1639994.293434
39132 1639994.986192
39131 1639995.678949
39130 1639996.371748
39122 1640001.917468
39121 1640002.610715
39119 1640003.997537
39117 1640005.384359
39115 1640006.771181
39113 1640008.158003
39111 1640009.544825
39109 1640010.931647
39107 1640012.318469
39106 1640013.012362
39105 1640013.706319
39104 1640014.400383
39100 1640017.177072
39099 1640017.871428
39098 1640018.565783
39096 1640019.955239
39095 1640020.650324
39092 1640022.736728
39091 1640023.432500
39090 1640024.128727
39089 1640024.824955
39088 1640025.521740
39087 1640026.218525
39086 1640026.915310
39084 1640028.309980
39083 1640029.007353
39082 1640029.704727
39081 1640030.402100
39080 1640031.099474
39079 1640031.796847
39078 1640032.494892
39077 1640033.193443
39075 1640034.591919
39073 1640035.990645
39071 1640037.389383
39069 1640038.788440
39068 1640039.488296
39066 1640040.888080
39062 1640043.687709
39058 1640046.487349
39057 1640047.187794
39054 1640049.290458
39050 1640052.094486
39049 1640052.795740
39048 1640053.497038
39047 1640054.198913
39045 1640055.603415
39042 1640057.710355
39040 1640059.115321
39039 1640059.818614
39037 1640061.226179
39035 1640062.633828
39034 1640063.337831
39032 1640064.746708
39027 1640068.268923
39025 1640069.678833
39023 1640071.088742
39021 1640072.498652
39019 1640073.908561
39017 1640075.318630
39016 1640076.023813
39015 1640076.729172
39010 1640080.257703
39005 1640083.788794
39004 1640084.495479
39003 1640085.202164
39002 1640085.908849
39000 1640087.323637
38997 1640089.446590
38994 1640091.569543
38991 1640093.692496
38990 1640094.400346
38989 1640095.108196
38988 1640095.816046
38987 1640096.524500
38986 1640097.233744
38985 1640097.943002
38982 1640100.074380
38981 1640100.785052
38980 1640101.495882
38975 1640105.054154
38973 1640106.478711
38972 1640107.191169
38971 1640107.904225
38969 1640109.331162
38966 1640111.472871
38963 1640113.614580
38960 1640115.756290
38957 1640117.897999
38954 1640120.039735
38953 1640120.753673
38952 1640121.467611
38949 1640123.610425
38948 1640124.324775
38947 1640125.039407
38945 1640126.469479
38943 1640127.899552
38942 1640128.615319
38941 1640129.331125
38939 1640130.764268
38936 1640132.914383
38933 1640135.065194
38932 1640135.782135
38931 1640136.499448
38929 1640137.935949
38928 1640138.654267
38927 1640139.372654
38926 1640140.091041
38924 1640141.528060
38922 1640142.965505
38920 1640144.403153
38915 1640148.000364
38913 1640149.442160
38912 1640150.163256
38910 1640151.608099
38908 1640153.052943
38906 1640154.497786
38904 1640155.942629
38902 1640157.387473
38900 1640158.832316
38898 1640160.277160
38897 1640161.000393
38896 1640161.723886
38895 1640162.447379
38894 1640163.170944
38892 1640164.618564
38888 1640167.515161
38887 1640168.239886
38886 1640168.965089
38880 1640173.316691
38879 1640174.042013
38878 1640174.767521
38877 1640175.493061
38876 1640176.218632
38874 1640177.669776
38872 1640179.120977
38867 1640182.749290
38865 1640184.202512
38863 1640185.657759
38862 1640186.385664
38859 1640188.569564
38858 1640189.298465
38857 1640190.027453
38856 1640190.756509
38855 1640191.485565
38854 1640192.214621
38853 1640192.943677
38852 1640193.672733
38851 1640194.401789
38850 1640195.130845
38849 1640195.859901
38847 1640197.318164
38845 1640198.777081
38841 1640201.696766
38839 1640203.161013
38837 1640204.625787
38835 1640206.092293
38834 1640206.825991
38832 1640208.294655
38831 1640209.029027
38830 1640209.763628
38826 1640212.703599
38825 1640213.438622
38823 1640214.908884
38822 1640215.644137
38821 1640216.379801
38818 1640218.586930
38816 1640220.059034
38815 1640220.795165
38814 1640221.531296
38813 1640222.267427
38812 1640223.003558
38811 1640223.739689
38809 1640225.212217
38808 1640225.948532
38804 1640228.894086
38803 1640229.630925
38802 1640230.367992
38801 1640231.105168
38800 1640231.842345
38799 1640232.579660
38798 1640233.317311
38797 1640234.054962
38796 1640234.792612
38795 1640235.530263
38793 1640237.006338
38791 1640238.482864
38789 1640239.959390
38787 1640241.435915
38784 1640243.650708
38783 1640244.389415
38782 1640245.128290
38781 1640245.867165
38780 1640246.606040
38779 1640247.344915
38778 1640248.083790
38777 1640248.822665
38776 1640249.561540
38775 1640250.300415
38774 1640251.039290
38773 1640251.778166
38772 1640252.517041
38771 1640253.255916
38770 1640253.994791
38769 1640254.733666
38768 1640255.472541
38767 1640256.211416
38766 1640256.950291
38765 1640257.689166
38764 1640258.428041
38763 1640259.166916
38762 1640259.905791
38761 1640260.644666
38760 1640261.383541
38759 1640262.122417
38758 1640262.861358
38756 1640264.340342
38755 1640265.079967
38751 1640268.041301
38750 1640268.781708
38749 1640269.522487
38747 1640271.004903
38746 1640271.746493
38743 1640273.972056
38742 1640274.714163
38740 1640276.198538
38734 1640280.652090
38733 1640281.394648
38731 1640282.879833
38728 1640285.107990
38727 1640285.851845
38726 1640286.596311
38725 1640287.341151
38724 1640288.086064
38723 1640288.831479
38721 1640290.323698
38720 1640291.070422
38719 1640291.817180
38717 1640293.310942
38716 1640294.057852
38713 1640296.299936
38711 1640297.798424
38710 1640298.547999
38709 1640299.297653
38708 1640300.047509
38705 1640302.297093
38701 1640305.297721
38699 1640306.798711
38697 1640308.300841
38695 1640309.806507
38694 1640310.559636
38692 1640312.065958
38691 1640312.819558
38690 1640313.573778
38689 1640314.328666
38688 1640315.083553
38687 1640315.838441
38686 1640316.593328
38685 1640317.348216
38684 1640318.103103
38683 1640318.857991
38682 1640319.612878
38681 1640320.367766
38680 1640321.122653
38679 1640321.877541
38678 1640322.632428
38677 1640323.387316
38676 1640324.142203
38675 1640324.897091
38674 1640325.651978
38673 1640326.406866
38672 1640327.161753
38671 1640327.916641
38670 1640328.671528
38669 1640329.426416
38668 1640330.181303
38667 1640330.936191
38666 1640331.691078
38665 1640332.445966
38664 1640333.200853
38663 1640333.955741
38662 1640334.710628
38661 1640335.465516
38660 1640336.220403
38659 1640336.975291
38658 1640337.730178
38657 1640338.485066
38656 1640339.239953
38655 1640339.994841
38654 1640340.749728
38653 1640341.504616
38652 1640342.259503
38651 1640343.014391
38650 1640343.769278
38649 1640344.524166
38648 1640345.279053
38647 1640346.033941
38646 1640346.788828
38645 1640347.543716
38644 1640348.298603
38643 1640349.053491
38642 1640349.808378
38641 1640350.563266
38640 1640351.318153
38639 1640352.073041
38638 1640352.827928
38637 1640353.582816
38636 1640354.337703
38635 1640355.092591
38634 1640355.847478
38633 1640356.602366
38632 1640357.357253
38631 1640358.112141
38630 1640358.867028
38629 1640359.621916
38628 1640360.376803
38627 1640361.131691
38626 1640361.886578
38625 1640362.641466
38624 1640363.396353
38623 1640364.151241
38622 1640364.906128
38621 1640365.661016
38620 1640366.415903
38619 1640367.170791
38618 1640367.925678
38617 1640368.680566
38616 1640369.435453
38615 1640370.190341
38614 1640370.945228
38613 1640371.700116
38612 1640372.455003
38611 1640373.209891
38610 1640373.964778
38609 1640374.719666
38608 1640375.474553
38607 1640376.229441
38606 1640376.984328
38605 1640377.739216
38601 1640380.758766
38600 1640381.513653
38599 1640382.268541
38598 1640383.023428
38597 1640383.778316
38596 1640384.533203
38595 1640385.288091
38594 1640386.042978
38593 1640386.797866
38592 1640387.552753
38591 1640388.307641
38590 1640389.062528
38589 1640389.817416
38588 1640390.572303
38587 1640391.327191
38586 1640392.082078
38585 1640392.836966
38584 1640393.591853
38583 1640394.346741
38582 1640395.101628
38581 1640395.856516
38580 1640396.611403
38579 1640397.366291
38578 1640398.121178
38577 1640398.876066
38576 1640399.630953
38575 1640400.385841
38574 1640401.140728
38573 1640401.895616
38572 1640402.650503
38571 1640403.405391
38570 1640404.160278
38569 1640404.915166
38568 1640405.670053
38567 1640406.424941
38566 1640407.179828
38565 1640407.934716
38564 1640408.689603
38563 1640409.444491
38562 1640410.199378
38561 1640410.954266
38560 1640411.709153
38559 1640412.464041
38558 1640413.218928
38557 1640413.973816
38556 1640414.728703
38555 1640415.483591
38554 1640416.238478
38553 1640416.993366
38552 1640417.748253
38551 1640418.503141
38550 1640419.258028
38549 1640420.012916
38548 1640420.767803
38547 1640421.522691
38546 1640422.277578
38545 1640423.032466
38544 1640423.787353
38543 1640424.542241
38542 1640425.297129
38541 1640426.052016
38540 1640426.806904
38539 1640427.561791
38538 1640428.316679
38537 1640429.071566
38536 1640429.826454
38534 1640431.336229
38533 1640432.091116
38532 1640432.846004
38531 1640433.600891
38530 1640434.355779
38529 1640435.110666
38528 1640435.865554
38527 1640436.620441
38526 1640437.375329
38525 1640438.130216
38524 1640438.885104
38523 1640439.639991
38522 1640440.394879
38521 1640441.149766
38520 1640441.904654
38519 1640442.659541
38518 1640443.414429
38517 1640444.169316
38516 1640444.924204
38515 1640445.679091
38514 1640446.433979
38513 1640447.188866
38512 1640447.943754
38511 1640448.698641
38510 1640449.453529
38509 1640450.208416
38508 1640450.963304
38507 1640451.718191
38506 1640452.473079
38505 1640453.227966
38504 1640453.982854
38503 1640454.737741
38500 1640457.002404
38497 1640459.267066
38494 1640461.531729
38492 1640463.041504
38490 1640464.552001
38489 1640465.307481
38487 1640466.818464
38486 1640467.574420
38485 1640468.331028
38484 1640469.087943
38483 1640469.844858
38482 1640470.602927
38480 1640472.119513
38479 1640472.878315
38478 1640473.637154
38477 1640474.396038
38476 1640475.155035
38475 1640475.914031
38474 1640476.673027
38473 1640477.432023
38472 1640478.191843
38470 1640479.712419
38469 1640480.472949
38467 1640481.994722
38461 1640486.562952
38460 1640487.325034
38459 1640488.087171
38458 1640488.849308
38456 1640490.373731
38455 1640491.136347
38453 1640492.662208
38452 1640493.425224
38449 1640495.715090
38446 1640498.005584
38443 1640500.296882
38441 1640501.824559
38440 1640502.588416
38438 1640504.116911
38437 1640504.881180
38436 1640505.645487
38435 1640506.410400
38433 1640507.940461
38430 1640510.239444
38429 1640511.006107
38428 1640511.772770
38427 1640512.539861
38425 1640514.074510
38422 1640516.376908
38421 1640517.144439
38420 1640517.912233
38419 1640518.680028
38418 1640519.447822
38417 1640520.215796
38413 1640523.291280
38412 1640524.060307
38410 1640525.598904
38408 1640527.138788
38407 1640527.908909
38406 1640528.679488
38399 1640534.074778
38398 1640534.845734
38397 1640535.616799
38396 1640536.387864
38395 1640537.158929
38394 1640537.929994
38393 1640538.701059
38392 1640539.472151
38391 1640540.243275
38388 1640542.556980
38387 1640543.328298
38386 1640544.099837
38382 1640547.186003
38381 1640547.957712
38380 1640548.730150
38379 1640549.502785
38376 1640551.822725
38375 1640552.596614
38374 1640553.370894
38373 1640554.145235
38372 1640554.919577
38366 1640559.568501
38365 1640560.343732
38362 1640562.670401
38361 1640563.446520
38360 1640564.223473
38359 1640565.000692
38356 1640567.333273
38354 1640568.888419
38352 1640570.444312
38350 1640572.000247
38349 1640572.778589
38346 1640575.114207
38345 1640575.892897
38344 1640576.672850
38343 1640577.453191
38342 1640578.233725
38341 1640579.014517
38339 1640580.578594
38338 1640581.361013
38337 1640582.143677
38336 1640582.926713
38333 1640585.276553
38330 1640587.626674
38329 1640588.410462
38328 1640589.195184
38327 1640589.980016
38326 1640590.765272
38325 1640591.550536
38324 1640592.335961
38323 1640593.121430
38321 1640594.693083
38319 1640596.264823
38318 1640597.051011
38315 1640599.411431
38314 1640600.198510
38313 1640600.986162
38311 1640602.561870
38310 1640603.350513
38309 1640604.139236
38306 1640606.508163
38305 1640607.297985
38304 1640608.087806
38303 1640608.877627
38302 1640609.667449
38301 1640610.457270
38300 1640611.247092
38299 1640612.036913
38295 1640615.198033
38294 1640615.988346
38293 1640616.778680
38289 1640619.942229
38287 1640621.524749
38286 1640622.316856
38285 1640623.109276
38284 1640623.901697
38282 1640625.486687
38280 1640627.071805
38279 1640627.864428
38278 1640628.657051
38277 1640629.449674
38276 1640630.242309
38274 1640631.828012
38272 1640633.414019
38270 1640635.000753
38268 1640636.588365
38267 1640637.382353
38266 1640638.176478
38264 1640639.765251
38262 1640641.354605
38261 1640642.149353
38258 1640644.535439
38254 1640647.718545
38253 1640648.514429
38252 1640649.310492
38251 1640650.106554
38248 1640652.496668
38246 1640654.090130
38243 1640656.480490
38242 1640657.277288
38240 1640658.870916
38238 1640660.464544
38236 1640662.058172
38234 1640663.651800
38232 1640665.245428
38231 1640666.042340
38230 1640666.839253
38229 1640667.636165
38228 1640668.433077
38227 1640669.229990
38226 1640670.026902
38224 1640671.620773
38222 1640673.215805
38220 1640674.812358
38219 1640675.611586
38218 1640676.411067
38217 1640677.210757
38215 1640678.810432
38214 1640679.610399
38213 1640680.410558
38205 1640686.820224
38204 1640687.621810
38202 1640689.225092
38200 1640690.830082
38199 1640691.632694
38198 1640692.435335
38197 1640693.237976
38196 1640694.041347
38195 1640694.844787
38192 1640697.255978
38191 1640698.060467
38190 1640698.864998
38189 1640699.669561
38188 1640700.474201
38185 1640702.888311
38183 1640704.497951
38181 1640706.107592
38179 1640707.717232
38177 1640709.326872
38175 1640710.936513
38173 1640712.546153
38171 1640714.155794
38169 1640715.765434
38167 1640717.375075
38164 1640719.790293
38160 1640723.017322
38159 1640723.824248
38158 1640724.631174
38157 1640725.438708
38156 1640726.247343
38155 1640727.056236
38154 1640727.865196
38151 1640730.293921
38149 1640731.913723
38145 1640735.156011
38144 1640735.966675
38141 1640738.398878
38138 1640740.832209
38135 1640743.267403
38134 1640744.079990
38132 1640745.705808
38131 1640746.518736
38130 1640747.331769
38129 1640748.144884
38124 1640752.211501
38121 1640754.653866
38118 1640757.097734
38117 1640757.912372
38116 1640758.727009
38113 1640761.171117
38112 1640761.986454
38109 1640764.432574
38107 1640766.063889
38105 1640767.695897
38101 1640770.960047
38099 1640772.592775
38097 1640774.225860
38094 1640776.675513
38091 1640779.125233
38087 1640782.393433
38086 1640783.210770
38085 1640784.028276
38084 1640784.845782
38083 1640785.663287
38082 1640786.480793
38078 1640789.751572
38076 1640791.387044
38074 1640793.022516
38072 1640794.657988
38070 1640796.293460
38068 1640797.928932
38066 1640799.564404
38064 1640801.199876
38062 1640802.836617
38059 1640805.291824
38058 1640806.110665
38057 1640806.929572
38056 1640807.749279
38055 1640808.569098
38054 1640809.388917
38053 1640810.208736
38052 1640811.028555
38051 1640811.848812
38049 1640813.490017
38048 1640814.311366
38044 1640817.598323
38042 1640819.244635
38040 1640820.891489
38039 1640821.715197
38038 1640822.539290
38037 1640823.363383
38036 1640824.187476
38035 1640825.011568
38034 1640825.835661
38033 1640826.659754
38032 1640827.483847
38029 1640829.957493
38028 1640830.782645
38026 1640832.433344
38024 1640834.084479
38020 1640837.386896
38019 1640838.212544
38016 1640840.689610
38014 1640842.341404
38011 1640844.819361
38010 1640845.645374
38008 1640847.298446
38007 1640848.125780
38005 1640849.781418
38003 1640851.437926
38001 1640853.094624
37999 1640854.752713
37996 1640857.240194
37993 1640859.727892
37989 1640863.045038
37987 1640864.704370
37984 1640867.194595
37981 1640869.684820
37979 1640871.345407
37978 1640872.175848
37976 1640873.836869
37974 1640875.498173
37972 1640877.159715
37971 1640877.990600
37967 1640881.314220
37965 1640882.976458
37964 1640883.807999
37963 1640884.639540
37962 1640885.471081
37961 1640886.302622
37957 1640889.630536
37955 1640891.294665
37954 1640892.126887
37953 1640892.959574
37952 1640893.792262
37951 1640894.624950
37949 1640896.290371
37948 1640897.123089
37944 1640900.454351
37943 1640901.288062
37942 1640902.121934
37941 1640902.956236
37940 1640903.790968
37939 1640904.626520
37938 1640905.462317
37937 1640906.298314
37936 1640907.134310
37935 1640907.970307
37934 1640908.806303
37933 1640909.642300
37932 1640910.478297
37931 1640911.314293
37929 1640912.986555
37927 1640914.660488
37921 1640919.682984
37919 1640921.357248
37916 1640923.870561
37915 1640924.708513
37913 1640926.384850
37911 1640928.061652
37904 1640933.951882
37903 1640934.793606
37902 1640935.635386
37899 1640938.160895
37898 1640939.003786
37895 1640941.533111
37894 1640942.376232
37893 1640943.219535
37892 1640944.062934
37889 1640946.593806
37887 1640948.281259
37886 1640949.125706
37885 1640949.970311
37884 1640950.814999
37879 1640955.040562
37877 1640956.731311
37875 1640958.422061
37873 1640960.112810
37871 1640961.803560
37869 1640963.498210
37864 1640967.735364
37862 1640969.430694
37860 1640971.127036
37859 1640971.975299
37858 1640972.823611
37857 1640973.672348
37856 1640974.521085
37855 1640975.369822
37854 1640976.218559
37853 1640977.067324
37852 1640977.917146
37849 1640980.470155
37847 1640982.172553
37844 1640984.726651
37842 1640986.429514
37841 1640987.281214
37838 1640989.836492
37836 1640991.541074
37834 1640993.245832
37830 1640996.655742
37828 1640998.361720
37826 1641000.067762
37825 1641000.921424
37823 1641002.630452
37822 1641003.485205
37821 1641004.339958
37820 1641005.194711
37819 1641006.049464
37818 1641006.904217
37817 1641007.758970
37816 1641008.613723
37815 1641009.468476
37814 1641010.323229
37813 1641011.177982
37812 1641012.032735
37811 1641012.887488
37810 1641013.742241
37809 1641014.596994
37808 1641015.451747
37807 1641016.306500
37806 1641017.161253
37805 1641018.016006
37804 1641018.870759
37803 1641019.725512
37802 1641020.580264
37801 1641021.435017
37800 1641022.289770
37799 1641023.144523
37798 1641023.999276
37797 1641024.854029
37796 1641025.708782
37795 1641026.563535
37794 1641027.418288
37793 1641028.273041
37792 1641029.127794
37791 1641029.982547
37790 1641030.837300
37789 1641031.692053
37788 1641032.546806
37787 1641033.401559
37786 1641034.256312
37785 1641035.111065
37784 1641035.965818
37783 1641036.820571
37782 1641037.675324
37781 1641038.530077
37780 1641039.384830
37779 1641040.239583
37778 1641041.094336
37777 1641041.949089
37776 1641042.803842
37775 1641043.658595
37774 1641044.513348
37773 1641045.368101
37772 1641046.222854
37771 1641047.077607
37770 1641047.932360
37769 1641048.787113
37767 1641050.496619
37766 1641051.351371
37765 1641052.206124
37764 1641053.060877
37762 1641054.770383
37761 1641055.625136
37760 1641056.479889
37759 1641057.334642
37758 1641058.189395
37757 1641059.044148
37756 1641059.898901
37755 1641060.753654
37754 1641061.608407
37753 1641062.463160
37752 1641063.317913
37751 1641064.172666
37750 1641065.027419
37749 1641065.882172
37748 1641066.736925
37747 1641067.591678
37746 1641068.446431
37745 1641069.301184
37744 1641070.155937
37743 1641071.010690
37742 1641071.865443
37741 1641072.720196
37740 1641073.574949
37739 1641074.429702
37738 1641075.284455
37737 1641076.139208
37736 1641076.993961
37735 1641077.848838
37732 1641080.416570
37731 1641081.272997
37730 1641082.129892
37729 1641082.987508
37728 1641083.845514
37726 1641085.561531
37725 1641086.419657
37723 1641088.136927
37721 1641089.854198
37719 1641091.572654
37717 1641093.291814
37714 1641095.871830
37712 1641097.592394
37710 1641099.313084
37708 1641101.033774
37706 1641102.754464
37704 1641104.476142
37703 1641105.337427
37693 1641113.951859
37688 1641118.260094
37687 1641119.121771
37686 1641119.983603
37685 1641120.846063
37680 1641125.159766
37677 1641127.748785
37676 1641128.611934
37673 1641131.202024
37672 1641132.065453
37671 1641132.929023
37670 1641133.794211
37668 1641135.524672
37667 1641136.390293
37666 1641137.256099
37664 1641138.987785
37663 1641139.855101
37661 1641141.589810
37659 1641143.325148
37657 1641145.060485
37655 1641146.795823
37654 1641147.664075
37652 1641149.401661
37651 1641150.271243
37650 1641151.140924
37648 1641152.880515
37647 1641153.750673
37646 1641154.621881
37645 1641155.493973
37644 1641156.366176
37643 1641157.238404
37642 1641158.110791
37635 1641164.219143
37634 1641165.093959
37631 1641167.720591
37629 1641169.471941
37627 1641171.223780
37625 1641172.975790
37623 1641174.728670
37621 1641176.481610
37617 1641179.991385
37616 1641180.868992
37615 1641181.747862
37613 1641183.506287
37612 1641184.385526
37609 1641187.024535
37608 1641187.904784
37607 1641188.785222
37604 1641191.427147
37603 1641192.307916
37593 1641201.119048
37591 1641202.881480
37590 1641203.762867
37586 1641207.290103
37585 1641208.171929
37584 1641209.053755
37583 1641209.935666
37582 1641210.817854
37580 1641212.582241
37579 1641213.464510
37578 1641214.346780
37576 1641216.113597
37574 1641217.880705
37571 1641220.533142
37569 1641222.301614
37565 1641225.843305
37563 1641227.614936
37561 1641229.386629
37558 1641232.044395
37556 1641233.816399
37548 1641240.904999
37546 1641242.677511
37545 1641243.563947
37544 1641244.450382
37542 1641246.223385
37536 1641251.542532
37530 1641256.862557
37528 1641258.636009
37525 1641261.297266
37522 1641263.958831
37520 1641265.733269
37518 1641267.507706
37516 1641269.282806
37514 1641271.059499
37513 1641271.947930
37512 1641272.837418
37511 1641273.727086
37510 1641274.617006
37509 1641275.507019
37508 1641276.397675
37502 1641281.743189
37496 1641287.091188
37495 1641287.982588
37493 1641289.765998
37491 1641291.550308
37490 1641292.442979
37489 1641293.335719
37488 1641294.228944
37480 1641301.375906
37479 1641302.269331
37478 1641303.162804
37477 1641304.056276
37475 1641305.843277
37473 1641307.630277
37472 1641308.524584
37471 1641309.419231
37469 1641311.208842
37465 1641314.788848
37464 1641315.684226
37463 1641316.579808
37462 1641317.476139
37461 1641318.372736
37460 1641319.269333
37459 1641320.165930
37458 1641321.062527
37457 1641321.959123
37456 1641322.855720
37455 1641323.752317
37454 1641324.648914
37453 1641325.545511
37452 1641326.442108
37451 1641327.338705
37450 1641328.235302
37449 1641329.131899
37448 1641330.028496
37447 1641330.925093
37446 1641331.821690
37445 1641332.718287
37444 1641333.614884
37443 1641334.511481
37442 1641335.408078
37441 1641336.304675
37440 1641337.201272
37439 1641338.097869
37438 1641338.994466
37437 1641339.891063
37436 1641340.787659
37435 1641341.684256
37434 1641342.580853
37433 1641343.477450
37432 1641344.374047
37431 1641345.270644
37430 1641346.167241
37429 1641347.063838
37428 1641347.960435
37427 1641348.857032
37426 1641349.753629
37425 1641350.650226
37424 1641351.546823
37423 1641352.443420
37422 1641353.340017
37421 1641354.236779
37420 1641355.133541
37419 1641356.030303
37418 1641356.927065
37417 1641357.823827
37416 1641358.720589
37415 1641359.618022
37413 1641361.413581
37412 1641362.311968
37411 1641363.211164
37409 1641365.011434
37408 1641365.911801
37407 1641366.812176
37406 1641367.713243
37403 1641370.417004
37401 1641372.219620
37393 1641379.431364
37392 1641380.332935
37389 1641383.038396
37387 1641384.842273
37385 1641386.647029
37384 1641387.549695
37383 1641388.452722
37381 1641390.259347
37378 1641392.970576
37377 1641393.874570
37374 1641396.587293
37373 1641397.491932
37372 1641398.397203
37371 1641399.302849
37365 1641404.737531
37364 1641405.643338
37356 1641412.892455
37354 1641414.706485
37352 1641416.520777
37348 1641420.149971
37344 1641423.782699
37343 1641424.691360
37340 1641427.418332
37335 1641431.963984
37333 1641433.783174
37332 1641434.692856
37330 1641436.513089
37329 1641437.423545
37326 1641440.155345
37323 1641442.887325
37322 1641443.798334
37321 1641444.709343
37320 1641445.620352
37319 1641446.531360
37318 1641447.442369
37317 1641448.353378
37316 1641449.264684
37313 1641452.000715
37311 1641453.824902
37310 1641454.737677
37309 1641455.650451
37308 1641456.563926
37307 1641457.478227
37306 1641458.392546
37304 1641460.222024
37301 1641462.967338
37298 1641465.713399
37297 1641466.628917
37296 1641467.544651
37294 1641469.376393
37293 1641470.292804
37289 1641473.958822
37288 1641474.875987
37285 1641477.627641
37282 1641480.379703
37281 1641481.297327
37280 1641482.215102
37279 1641483.132877
37278 1641484.050653
37269 1641492.314699
37266 1641495.069586
37263 1641497.824474
37260 1641500.579361
37257 1641503.334249
37254 1641506.091308
37253 1641507.010485
37252 1641507.929861
37251 1641508.849546
37250 1641509.769230
37249 1641510.688915
37248 1641511.608599
37247 1641512.528284
37246 1641513.447968
37245 1641514.367653
37244 1641515.287338
37243 1641516.207022
37242 1641517.126707
37241 1641518.046391
37240 1641518.966076
37239 1641519.885825
37237 1641521.729791
37236 1641522.651927
37235 1641523.574200
37234 1641524.496629
37233 1641525.419057
37232 1641526.341486
37231 1641527.263914
37230 1641528.186343
37227 1641530.953684
37225 1641532.800071
37224 1641533.723381
37220 1641537.416874
37219 1641538.341002
37215 1641542.041425
37213 1641543.893441
37211 1641545.746309
37208 1641548.527028
37206 1641550.380913
37202 1641554.089867
37200 1641555.945759
37197 1641558.729830
37190 1641565.230157
37185 1641569.873267
37184 1641570.801895
37183 1641571.730997
37180 1641574.518958
37176 1641578.238392
37173 1641581.029486
37172 1641581.960028
37169 1641584.752452
37168 1641585.683280
37167 1641586.614446
37166 1641587.545785
37165 1641588.477154
37164 1641589.409149
37161 1641592.205880
37158 1641595.002612
37156 1641596.867246
37154 1641598.734131
37152 1641600.601017
37151 1641601.534730
37149 1641603.403254
37148 1641604.337520
37147 1641605.271852
37146 1641606.206184
37145 1641607.140517
37144 1641608.074849
37143 1641609.009181
37142 1641609.943514
37141 1641610.878259
37138 1641613.686894
37134 1641617.431775
37133 1641618.368144
37129 1641622.114870
37128 1641623.052456
37125 1641625.865365
37122 1641628.678274
37119 1641631.491183
37115 1641635.242028
37114 1641636.180072
37113 1641637.118572
37112 1641638.057424
37110 1641639.935671
37109 1641640.874982
37108 1641641.814293
37105 1641644.632304
37102 1641647.450448
37101 1641648.390784
37100 1641649.331119
37097 1641652.152623
37096 1641653.094205
37095 1641654.035787
37092 1641656.862623
37091 1641657.805227
37082 1641666.290631
37080 1641668.176528
37079 1641669.119513
37077 1641671.005631
37076 1641671.948948
37075 1641672.892294
37074 1641673.836113
37073 1641674.780232
37072 1641675.724689
37071 1641676.669146
37070 1641677.613603
37069 1641678.558060
37068 1641679.502517
37067 1641680.446974
37066 1641681.391430
37065 1641682.335887
37064 1641683.280344
37061 1641686.114811
37060 1641687.060551
37058 1641688.952382
37057 1641689.898406
37054 1641692.736541
37051 1641695.575282
37048 1641698.415398
37047 1641699.363439
37045 1641701.260732
37043 1641703.160709
37041 1641705.060844
37039 1641706.960978
37037 1641708.861113
37035 1641710.761247
37033 1641712.661382
37031 1641714.561516
37029 1641716.461651
37027 1641718.361786
37025 1641720.261920
37024 1641721.212734
37021 1641724.065402
37020 1641725.016580
37017 1641727.871333
37014 1641730.726086
37013 1641731.677960
37012 1641732.629835
37010 1641734.533627
37007 1641737.395586
37006 1641738.350205
37005 1641739.304823
37004 1641740.259442
37003 1641741.214060
37000 1641744.078813
36999 1641745.034124
36998 1641745.989561
36997 1641746.945288
36995 1641748.857075
36994 1641749.813241
36991 1641752.681960
36990 1641753.639463
36989 1641754.597006
36988 1641755.554550
36987 1641756.512093
36985 1641758.427179
36981 1641762.258407
36979 1641764.174719
36977 1641766.091031
36975 1641768.008227
36973 1641769.925987
36971 1641771.844284
36968 1641774.722125
36966 1641776.641016
36964 1641778.559907
36963 1641779.519419
36962 1641780.478981
36960 1641782.398414
36954 1641788.157924
36952 1641790.078042
36946 1641795.838608
36943 1641798.719193
36940 1641801.599777
36937 1641804.480362
36935 1641806.400840
36932 1641809.282021
36931 1641810.243292
36927 1641814.089853
36926 1641815.051870
36925 1641816.013886
36924 1641816.975903
36923 1641817.938147
36921 1641819.862690
36920 1641820.827257
36916 1641824.688292
36913 1641827.584889
36912 1641828.550526
36911 1641829.516163
36910 1641830.482334
36907 1641833.381424
36905 1641835.314792
36904 1641836.281691
36902 1641838.216759
36901 1641839.184308
36900 1641840.152830
36899 1641841.121457
36898 1641842.090085
36897 1641843.058712
36896 1641844.027339
36895 1641844.995976
36893 1641846.933651
36892 1641847.902526
36890 1641849.840562
36889 1641850.809654
36887 1641852.747917
36886 1641853.717504
36885 1641854.687377
36882 1641857.598667
36877 1641862.453420
36875 1641864.396208
36873 1641866.339988
36872 1641867.311883
36871 1641868.284227
36867 1641872.176942
36866 1641873.150162
36865 1641874.123381
36864 1641875.096659
36863 1641876.070627
36859 1641879.970762
36855 1641883.870896
36852 1641886.797339
36848 1641890.699342
36847 1641891.675098
36845 1641893.627238
36844 1641894.603761
36840 1641898.510519
36837 1641901.441396
36836 1641902.418723
36835 1641903.396495
36832 1641906.330625
36829 1641909.264958
36828 1641910.243095
36827 1641911.221244
36823 1641915.136027
36822 1641916.115608
36819 1641919.056048
36818 1641920.036498
36817 1641921.016948
36816 1641921.997398
36815 1641922.977848
36814 1641923.958298
36813 1641924.938748
36812 1641925.919198
36811 1641926.899699
36810 1641927.880309
36808 1641929.842349
36806 1641931.805679
36805 1641932.787654
36804 1641933.770058
36802 1641935.735024
36801 1641936.718165
36799 1641938.684896
36798 1641939.668793
36796 1641941.637709
36790 1641947.545293
36788 1641949.515296
36787 1641950.500302
36784 1641953.457250
36783 1641954.443105
36776 1641961.346777
36774 1641963.319261
36771 1641966.279475
36769 1641968.253643
36766 1641971.215337
36764 1641973.189973
36763 1641974.177742
36760 1641977.142015
36757 1641980.106555
36755 1641982.083295
36754 1641983.072213
36750 1641987.029416
36748 1641989.008323
36745 1641991.977050
36743 1641993.956455
36740 1641996.926256
36735 1642001.876370
36734 1642002.867464
36732 1642004.850337
36728 1642008.817088
36726 1642010.800653
36723 1642013.778359
36722 1642014.770943
36717 1642019.736746
36710 1642026.691191
36709 1642027.685130
36705 1642031.660902
36702 1642034.642789
36701 1642035.637206
36700 1642036.632304
36699 1642037.628420
36698 1642038.624537
36697 1642039.621097
36695 1642041.614479
36691 1642045.601375
36683 1642053.595228
36682 1642054.594656
36680 1642056.594656
36678 1642058.594656
36676 1642060.594656
36674 1642062.594656
36672 1642064.594656
36670 1642066.595475
36669 1642067.595922
36668 1642068.596463
36663 1642073.601347
36661 1642075.603858
36659 1642077.606369
36657 1642079.609010
36655 1642081.612000
36653 1642083.614990
36650 1642086.620450
36649 1642087.622925
36647 1642089.628842
36646 1642090.632329
36642 1642094.647717
36640 1642096.656130
36638 1642098.664566
36637 1642099.669201
36635 1642101.679298
36634 1642102.684416
36631 1642105.699799
36628 1642108.716605
36627 1642109.722977
36625 1642111.735725
36624 1642112.742109
36622 1642114.754925
36619 1642117.774408
36618 1642118.781089
36617 1642119.787771
36614 1642122.807995
36613 1642123.815069
36611 1642125.829717
36609 1642127.844364
36607 1642129.859012
36606 1642130.866860
36604 1642132.882980
36603 1642133.891085
36600 1642136.915933
36598 1642138.932612
36597 1642139.941229
36593 1642143.976401
36588 1642149.021783
36587 1642150.031071
36583 1642154.068528
36582 1642155.077895
36573 1642164.162376
36572 1642165.171900
36569 1642168.201591
36568 1642169.211592
36565 1642172.241991
36564 1642173.252218
36561 1642176.284655
36559 1642178.306302
36557 1642180.328154
36555 1642182.350737
36552 1642185.385100
36550 1642187.408187
36548 1642189.431275
36546 1642191.454363
36544 1642193.477938
36543 1642194.489764
36541 1642196.514109
36538 1642199.551927
36537 1642200.564591
36535 1642202.589951
36530 1642207.656131
36524 1642213.736653
36522 1642215.764674
36521 1642216.779267
36519 1642218.809410
36515 1642222.869855
36513 1642224.900193
36512 1642225.915450
36510 1642227.946277
36509 1642228.962467
36508 1642229.978963
36507 1642230.995683
36506 1642232.012460
36505 1642233.029659
36500 1642238.115825
36499 1642239.133916
36495 1642243.206424
36494 1642244.224812
36493 1642245.243310
36492 1642246.262218
36491 1642247.281258
36490 1642248.300981
36488 1642250.341362
36486 1642252.382134
36485 1642253.402555
36484 1642254.423000
36482 1642256.464844
36480 1642258.506688
36478 1642260.548532
36476 1642262.590376
36474 1642264.632220
36472 1642266.674064
36470 1642268.715908
36468 1642270.757752
36466 1642272.799596
36464 1642274.841440
36462 1642276.883449
36460 1642278.925513
36458 1642280.969051
36457 1642281.990914
36456 1642283.012990
36455 1642284.036263
36454 1642285.059537
36452 1642287.107869
36451 1642288.132190
36450 1642289.156530
36448 1642291.205449
36445 1642294.278848
36444 1642295.303727
36443 1642296.328606
36442 1642297.353795
36438 1642301.455589
36436 1642303.506719
36432 1642307.609426
36430 1642309.661394
36429 1642310.687570
36428 1642311.714526
36427 1642312.742090
36425 1642314.797368
36421 1642318.909452
36419 1642320.965509
36417 1642323.022734
36413 1642327.137762
36412 1642328.166623
36410 1642330.224645
36409 1642331.253807
36408 1642332.283003
36405 1642335.370647
36403 1642337.429161
36402 1642338.458508
36401 1642339.488130
36400 1642340.518466
36399 1642341.549243
36398 1642342.580616
36393 1642347.737767
36391 1642349.801639
36389 1642351.866571
36388 1642352.900107
36386 1642354.968290
36385 1642356.002488
36384 1642357.036686
36383 1642358.070884
36382 1642359.105082
36381 1642360.139279
36380 1642361.173477
36379 1642362.207675
36378 1642363.242038
36377 1642364.276401
36374 1642367.379804
36371 1642370.484360
36367 1642374.626070
36363 1642378.767779
36359 1642382.909489
36356 1642386.018207
36355 1642387.054480
36352 1642390.163452
36350 1642392.236511
36348 1642394.309612
36346 1642396.383646
36345 1642397.420761
36342 1642400.532147
36338 1642404.681203
36336 1642406.756059
36335 1642407.794042
36332 1642410.908135
36331 1642411.946941
36326 1642417.141957
36324 1642419.221537
36322 1642421.301116
36320 1642423.380695
36318 1642425.460275
36314 1642429.622177
36310 1642433.786974
36306 1642437.952991
36304 1642440.036338
36303 1642441.078119
36302 1642442.120251
36300 1642444.204700
36299 1642445.247157
36298 1642446.289614
36297 1642447.332070
36295 1642449.417806
36291 1642453.591233
36288 1642456.725297
36287 1642457.770470
36286 1642458.815878
36285 1642459.861353
36284 1642460.906985
36281 1642464.044551
36279 1642466.137177
36276 1642469.278009
36275 1642470.325646
36274 1642471.373436
36273 1642472.421523
36272 1642473.469648
36268 1642477.663032
36265 1642480.809278
36262 1642483.956290
36261 1642485.005346
36260 1642486.054582
36259 1642487.104150
36258 1642488.153913
36256 1642490.253779
36254 1642492.353644
36252 1642494.453509
36250 1642496.553375
36248 1642498.653240
36246 1642500.753106
36244 1642502.852971
36242 1642504.952837
36240 1642507.052702
36238 1642509.152568
36236 1642511.252433
36234 1642513.352299
36232 1642515.452164
36230 1642517.552030
36228 1642519.651895
36226 1642521.751761
36224 1642523.851626
36222 1642525.951492
36220 1642528.051357
36218 1642530.151222
36216 1642532.251088
36214 1642534.350953
36212 1642536.450912
36211 1642537.501575
36209 1642539.603464
36207 1642541.706602
36206 1642542.758262
36205 1642543.810320
36202 1642546.970918
36200 1642549.078495
36196 1642553.295747
36195 1642554.350167
36192 1642557.514516
36191 1642558.570060
36189 1642560.681146
36188 1642561.736689
36185 1642564.907853
36183 1642567.022046
36182 1642568.079456
36181 1642569.136866
36179 1642571.251801
36175 1642575.482793
36174 1642576.540670
36173 1642577.598667
36170 1642580.773752
36169 1642581.832191
36167 1642583.950490
36166 1642585.009670
36163 1642588.187874
36158 1642593.488264
36155 1642596.670175
36153 1642598.791510
36152 1642599.852203
36151 1642600.913425
36150 1642601.974799
36149 1642603.036602
36147 1642605.160747
36142 1642610.473789
36140 1642612.599486
36138 1642614.725183
36136 1642616.850880
36134 1642618.976577
36132 1642621.102274
36131 1642622.165971
36129 1642624.293824
36123 1642630.678221
36122 1642631.742359
36121 1642632.806497
36120 1642633.870635
36119 1642634.934773
36118 1642635.998911
36117 1642637.063049
36114 1642640.258268
36113 1642641.323935
36112 1642642.389603
36111 1642643.455271
36110 1642644.520938
36109 1642645.586606
36108 1642646.652274
36107 1642647.717941
36106 1642648.783609
36104 1642650.915157
36103 1642651.980984
36102 1642653.047314
36101 1642654.113968
36097 1642658.382321
36095 1642660.517501
36094 1642661.586297
36093 1642662.655093
36091 1642664.792694
36088 1642667.999233
36084 1642672.274744
36082 1642674.413656
36080 1642676.552911
36075 1642681.901422
36073 1642684.043132
36071 1642686.184841
36069 1642688.326551
36067 1642690.468260
36065 1642692.609970
36063 1642694.751679
36060 1642697.965090
36049 1642709.751041
36044 1642715.110452
36043 1642716.182678
36037 1642722.618474
36035 1642724.765821
36034 1642725.839495
36033 1642726.913352
36029 1642731.209979
36027 1642733.358763
36025 1642735.507671
36023 1642737.658691
36021 1642739.810219
36020 1642740.886018
36019 1642741.962048
36015 1642746.268555
36014 1642747.345378
36013 1642748.423020
36012 1642749.501904
36010 1642751.659790
36009 1642752.739094
36007 1642754.897806
36005 1642757.057057
36004 1642758.137208
36003 1642759.217523
36002 1642760.297839
36001 1642761.378154
36000 1642762.458470
35999 1642763.538785
35998 1642764.619100
35996 1642766.779731
35995 1642767.860047
35994 1642768.940362
35993 1642770.020678
35992 1642771.100993
35991 1642772.181309
35990 1642773.261624
35989 1642774.341940
35988 1642775.422255
35987 1642776.502571
35986 1642777.582901
35982 1642781.905585
35981 1642782.986982
35979 1642785.150344
35976 1642788.395456
35973 1642791.640569
35970 1642794.885681
35967 1642798.130794
35964 1642801.375906
35961 1642804.621019
35958 1642807.866131
35955 1642811.111244
35952 1642814.356356
35949 1642817.601469
35946 1642820.846581
35940 1642827.344224
35937 1642830.593482
35935 1642832.759733
35934 1642833.842973
35933 1642834.926213
35931 1642837.092694
35930 1642838.175934
35927 1642841.426635
35921 1642847.930367
35919 1642850.098608
35916 1642853.351361
35912 1642857.689763
35911 1642858.775234
35910 1642859.860884
35909 1642860.947559
35908 1642862.034630
35904 1642866.383146
35900 1642870.731662
35896 1642875.080177
35894 1642877.254693
35892 1642879.429615
35890 1642881.604935
35889 1642882.692906
35885 1642887.047374
35884 1642888.136125
35878 1642894.668683
35877 1642895.757464
35876 1642896.846531
35875 1642897.935614
35872 1642901.203814
35869 1642904.472015
35868 1642905.561826
35867 1642906.652175
35865 1642908.833374
35863 1642911.014965
35862 1642912.106064
35861 1642913.197168
35860 1642914.288671
35859 1642915.380173
35856 1642918.654955
35853 1642921.930008
35851 1642924.113561
35844 1642931.756286
35843 1642932.848358
35841 1642935.033559
35840 1642936.126224
35838 1642938.312478
35836 1642940.498926
35834 1642942.685374
35833 1642943.778958
35832 1642944.872542
35830 1642947.060431
35827 1642950.344643
35821 1642956.917923
35818 1642960.204880
35815 1642963.491836
35814 1642964.587804
35813 1642965.684320
35810 1642968.973921
35809 1642970.070703
35803 1642976.651435
35800 1642979.942353
35798 1642982.136748
35793 1642987.623850
35789 1642992.014209
35781 1643000.795777
35780 1643001.893671
35777 1643005.188257
35774 1643008.483664
35772 1643010.680651
35771 1643011.779522
35769 1643013.978113
35766 1643017.276973
35763 1643020.575833
35760 1643023.874694
35759 1643024.974319
35758 1643026.074439
35754 1643030.475817
35753 1643031.576489
35750 1643034.879623
35748 1643037.083389
35746 1643039.287451
35745 1643040.390852
35744 1643041.494255
35743 1643042.597658
35742 1643043.701061
35741 1643044.804464
35740 1643045.907867
35739 1643047.011270
35738 1643048.114674
35737 1643049.218077
35735 1643051.424883
35734 1643052.528286
35733 1643053.631689
35732 1643054.735092
35731 1643055.838495
35730 1643056.941898
35729 1643058.045301
35728 1643059.148704
35727 1643060.252107
35726 1643061.355510
35723 1643064.665843
35722 1643065.769303
35721 1643066.873011
35718 1643070.184740
35715 1643073.498506
35706 1643083.445198
35704 1643085.655770
35702 1643087.866609
35700 1643090.077524
35699 1643091.183022
35698 1643092.288548
35693 1643097.817079
35692 1643098.923175
35691 1643100.029315
35689 1643102.241935
35686 1643105.560901
35685 1643106.667287
35684 1643107.773753
35682 1643109.987133
35680 1643112.202026
35679 1643113.310179
35676 1643116.634871
35674 1643118.853401
35673 1643119.963000
35670 1643123.291966
35668 1643125.512002
35665 1643128.842332
35664 1643129.952480
35663 1643131.062628
35662 1643132.172776
35661 1643133.283032
35660 1643134.393345
35659 1643135.503658
35658 1643136.614009
35655 1643139.945278
35653 1643142.168096
35651 1643144.390915
35649 1643146.613734
35647 1643148.836552
35646 1643149.949069
35645 1643151.061729
35643 1643153.287292
35642 1643154.400288
35640 1643156.627050
35637 1643159.968187
35636 1643161.082262
35635 1643162.197183
35634 1643163.312813
35631 1643166.660346
35628 1643170.009432
35626 1643172.242869
35621 1643177.827400
35615 1643184.529737
35611 1643188.998604
35608 1643192.352240
35607 1643193.470434
35604 1643196.825982
35601 1643200.181754
35599 1643202.419314
35598 1643203.538730
35597 1643204.658304
35593 1643209.138187
35591 1643211.379762
35585 1643218.110726
35583 1643220.354556
35582 1643221.476620
35581 1643222.599333
35580 1643223.722211
35579 1643224.846035
35578 1643225.970148
35574 1643230.467791
35565 1643240.600860
35563 1643242.852895
35562 1643243.979366
35561 1643245.106180
35558 1643248.486819
35557 1643249.613750
35552 1643255.249222
35548 1643259.758384
35547 1643260.886679
35544 1643264.272913
35542 1643266.530525
35540 1643268.788356
35537 1643272.176388
35531 1643278.956942
35528 1643282.347350
35523 1643288.000832
35522 1643289.132316
35520 1643291.395630
35519 1643292.527628
35516 1643295.924269
35515 1643297.056559
35511 1643301.585884
35509 1643303.850546
35507 1643306.115209
35505 1643308.379871
35503 1643310.644534
35501 1643312.909196
35499 1643315.173859
35497 1643317.438521
35495 1643319.703184
35493 1643321.967846
35491 1643324.235129
35490 1643325.369603
35487 1643328.773417
35486 1643329.909089
35485 1643331.044928
35484 1643332.180776
35483 1643333.316683
35482 1643334.452850
35479 1643337.862759
35476 1643341.272669
35472 1643345.819277
35471 1643346.956826
35470 1643348.094423
35469 1643349.232083
35465 1643353.783252
35461 1643358.334423
35460 1643359.472232
35459 1643360.610041
35458 1643361.747850
35457 1643362.885659
35454 1643366.300183
35453 1643367.438408
35452 1643368.576761
35451 1643369.715114
35447 1643374.270085
35446 1643375.409230
35444 1643377.687533
35442 1643379.966369
35440 1643382.245680
35439 1643383.385355
35438 1643384.525192
35437 1643385.665658
35433 1643390.228213
35426 1643398.214762
35417 1643408.485892
35415 1643410.768417
35413 1643413.051018
35410 1643416.475161
35409 1643417.616834
35407 1643419.900253
35405 1643422.185323
35404 1643423.328432
35401 1643426.758829
35400 1643427.902524
35397 1643431.336908
35396 1643432.482155
35395 1643433.627403
35394 1643434.772650
35393 1643435.917897
35391 1643438.208391
35390 1643439.353638
35389 1643440.498885
35388 1643441.644132
35387 1643442.789379
35386 1643443.934626
35385 1643445.079873
35384 1643446.225120
35383 1643447.370367
35381 1643449.660861
35380 1643450.806108
35379 1643451.951355
35378 1643453.096602
35377 1643454.241849
35376 1643455.387096
35375 1643456.532343
35374 1643457.677590
35373 1643458.822837
35372 1643459.968084
35371 1643461.113331
35370 1643462.258578
35369 1643463.403825
35368 1643464.549072
35367 1643465.694319
35366 1643466.839566
35365 1643467.984813
35364 1643469.130060
35363 1643470.275307
35362 1643471.420554
35361 1643472.565801
35360 1643473.711048
35359 1643474.856296
35358 1643476.001543
35357 1643477.146790
35356 1643478.292037
35355 1643479.437284
35354 1643480.582531
35353 1643481.727778
35352 1643482.873025
35349 1643486.308766
35348 1643487.454372
35347 1643488.599978
35341 1643495.477819
35339 1643497.771616
35338 1643498.918704
35336 1643501.213627
35334 1643503.509266
35332 1643505.805755
35329 1643509.251963
35327 1643511.549844
35326 1643512.699069
35325 1643513.848753
35324 1643514.999231
35323 1643516.150012
35321 1643518.451625
35320 1643519.602468
35319 1643520.753566
35318 1643521.904664
35316 1643524.207062
35314 1643526.511243
35313 1643527.663427
35312 1643528.815645
35309 1643532.273138
35307 1643534.579673
35303 1643539.193146
35302 1643540.346597
35301 1643541.500477
35300 1643542.654919
35299 1643543.809447
35297 1643546.118698
35296 1643547.273850
35292 1643551.900362
35289 1643555.370485
35285 1643559.997501
35284 1643561.154562
35283 1643562.311713
35282 1643563.468864
35280 1643565.783539
35279 1643566.941207
35276 1643570.416094
35274 1643572.733253
35273 1643573.891908
35271 1643576.209242
35270 1643577.367922
35269 1643578.526603
35268 1643579.685284
35267 1643580.843964
35266 1643582.002645
35265 1643583.161325
35264 1643584.320006
35262 1643586.637692
35261 1643587.796717
35260 1643588.956134
35254 1643595.919370
35253 1643597.081346
35252 1643598.244054
35251 1643599.406901
35249 1643601.733388
35247 1643604.060057
35243 1643608.714406
35241 1643611.042076
35239 1643613.370344
35235 1643618.030509
35233 1643620.362256
35232 1643621.528710
35228 1643626.195791
35225 1643629.697116
35218 1643637.876561
35211 1643646.056602
35209 1643648.395654
35204 1643654.243948
35201 1643657.753723
35198 1643661.263498
35195 1643664.773273
35194 1643665.943297
35193 1643667.113389
35192 1643668.283867
35191 1643669.454617
35190 1643670.625368
35187 1643674.137679
35186 1643675.308650
35182 1643679.994114
35181 1643681.165553
35180 1643682.337339
35173 1643690.544468
35169 1643695.234424
35166 1643698.751997
35165 1643699.924606
35163 1643702.270519
35160 1643705.790052
35159 1643706.963766
35158 1643708.137518
35157 1643709.311646
35156 1643710.485774
35155 1643711.659902
35154 1643712.834030
35152 1643715.182286
35151 1643716.356414
35150 1643717.530542
35149 1643718.704670
35147 1643721.053020
35145 1643723.401536
35143 1643725.750051
35139 1643730.450206
35138 1643731.625466
35136 1643733.976318
35132 1643738.680850
35124 1643748.097324
35123 1643749.274761
35122 1643750.452198
35121 1643751.629635
35120 1643752.807072
35119 1643753.984509
35118 1643755.161946
35117 1643756.339383
35116 1643757.516820
35110 1643764.582106
35107 1643768.115827
35106 1643769.294701
35103 1643772.832097
35099 1643777.549025
35098 1643778.729206
35097 1643779.909778
35095 1643782.271039
35088 1643790.535702
35087 1643791.716572
35085 1643794.079992
35084 1643795.261714
35081 1643798.807246
35080 1643799.989388
35078 1643802.353916
35076 1643804.718444
35075 1643805.901790
35073 1643808.268812
35072 1643809.452458
35070 1643811.821059
35068 1643814.192510
35067 1643815.378542
35066 1643816.564574
35065 1643817.750605
35064 1643818.936637
35063 1643820.122669
35062 1643821.308701
35061 1643822.495113
35056 1643828.429543
35053 1643831.990269
35052 1643833.177360
35051 1643834.364451
35050 1643835.551542
35049 1643836.738633
35048 1643837.925724
35047 1643839.112815
35046 1643840.299906
35045 1643841.486997
35044 1643842.674088
35043 1643843.861179
35042 1643845.048270
35041 1643846.235361
35040 1643847.422452
35039 1643848.609543
35036 1643852.170981
35034 1643854.545329
35032 1643856.920272
35030 1643859.295649
35029 1643860.483384
35028 1643861.671167
35026 1643864.047018
35024 1643866.424625
35023 1643867.613970
35022 1643868.803907
35019 1643872.373787
35012 1643880.706260
35002 1643892.611743
34997 1643898.568171
34996 1643899.759721
34995 1643900.951836
34990 1643906.913197
34989 1643908.106641
34987 1643910.495332
34985 1643912.884405
34983 1643915.274765
34982 1643916.469987
34981 1643917.665460
34980 1643918.860933
34979 1643920.056407
34978 1643921.251880
34977 1643922.447353
34976 1643923.643107
34969 1643932.016888
34967 1643934.410172
34961 1643941.591287
34957 1643946.380281
34953 1643951.169455
34949 1643955.961112
34948 1643957.159054
34947 1643958.356996
34940 1643966.746769
34939 1643967.945383
34938 1643969.143997
34937 1643970.342611
34936 1643971.541225
34933 1643975.137762
34932 1643976.336632
34927 1643982.332301
34920 1643990.729442
34919 1643991.929132
34915 1643996.727898
34910 1644002.727898
34909 1644003.927977
34906 1644007.528289
34904 1644009.930552
34902 1644012.332815
34900 1644014.735079
34899 1644015.936453
34898 1644017.137826
34897 1644018.339497
34896 1644019.541238
34895 1644020.743202
34890 1644026.758434
34887 1644030.368074
34884 1644033.977715
34881 1644037.587355
34878 1644041.196996
34875 1644044.806636
34873 1644047.214366
34871 1644049.622669
34868 1644053.235599
34867 1644054.440241
34866 1644055.644969
34865 1644056.849697
34864 1644058.055069
34863 1644059.260645
34862 1644060.466440
34861 1644061.672698
34855 1644068.917811
34849 1644076.163900
34846 1644079.788188
34844 1644082.204445
34840 1644087.038912
34837 1644090.666001
34835 1644093.084545
34834 1644094.293876
34833 1644095.503667
34831 1644097.923391
34828 1644101.553317
34827 1644102.763408
34826 1644103.974086
34819 1644112.449763
34818 1644113.661406
34817 1644114.873125
34814 1644118.508378
34811 1644122.143850
34808 1644125.779322
34805 1644129.414794
34804 1644130.626753
34803 1644131.838712
34802 1644133.050769
34800 1644135.475105
34797 1644139.111818
34796 1644140.324079
34794 1644142.749213
34793 1644143.962581
34789 1644148.817334
34786 1644152.459518
34776 1644164.602892
34773 1644168.247467
34772 1644169.462527
34768 1644174.324226
34767 1644175.539671
34766 1644176.755117
34764 1644179.187321
34762 1644181.619524
34760 1644184.051728
34756 1644188.916135
34754 1644191.348338
34752 1644193.780542
34746 1644201.079402
34745 1644202.296173
34743 1644204.730166
34742 1644205.947237
34739 1644209.598721
34738 1644210.816223
34737 1644212.033736
34735 1644214.471613
34729 1644221.786164
34726 1644225.443482
34722 1644230.321323
34720 1644232.760329
34719 1644233.980373
34718 1644235.200527
34717 1644236.420798
34709 1644246.184301
34706 1644249.846318
34705 1644251.067187
34703 1644253.508923
34701 1644255.950800
34699 1644258.392983
34697 1644260.835348
34695 1644263.277713
34691 1644268.166737
34690 1644269.389575
34689 1644270.612413
34687 1644273.058863
34686 1644274.282129
34685 1644275.505396
34683 1644277.952913
34681 1644280.400578
34680 1644281.624517
34676 1644286.521114
34674 1644288.969495
34670 1644293.868028
34669 1644295.092854
34668 1644296.317681
34667 1644297.542507
34666 1644298.767334
34665 1644299.992160
34664 1644301.216986
34663 1644302.441813
34662 1644303.666639
34661 1644304.891465
34660 1644306.116292
34659 1644307.341118
34658 1644308.565945
34657 1644309.790771
34656 1644311.015597
34655 1644312.240430
34651 1644317.140030
34645 1644324.491376
34644 1644325.716617
34642 1644328.167562
34639 1644331.844244
34635 1644336.747916
34633 1644339.200406
34631 1644341.653096
34630 1644342.879850
34629 1644344.106758
34624 1644350.242935
34621 1644353.926102
34620 1644355.153944
34619 1644356.383243
34616 1644360.072463
34614 1644362.533930
34612 1644364.995399
34609 1644368.687927
34607 1644371.149748
34604 1644374.843242
34603 1644376.074566
34601 1644378.537866
34598 1644382.233450
34594 1644387.161572
34593 1644388.393890
34589 1644393.328222
34588 1644394.561856
34587 1644395.795490
34580 1644404.432939
34578 1644406.901513
34572 1644414.308124
34571 1644415.543149
34567 1644420.484429
34563 1644425.425775
34562 1644426.661310
34561 1644427.896869
34558 1644431.603713
34556 1644434.074949
34552 1644439.020884
34549 1644442.730390
34547 1644445.203404
34546 1644446.440104
34543 1644450.150222
34538 1644456.335306
34536 1644458.809967
34532 1644463.760428
34531 1644464.998372
34528 1644468.712698
34527 1644469.951214
34526 1644471.189753
34524 1644473.667973
34521 1644477.386334
34519 1644479.865434
34517 1644482.347531
34515 1644484.829745
34513 1644487.312231
34511 1644489.795058
34507 1644494.760860
34503 1644499.726662
34499 1644504.692464
34497 1644507.175707
34494 1644510.901733
34487 1644519.598764
34484 1644523.327159
34483 1644524.570673
34482 1644525.814226
34479 1644529.545350
34477 1644532.033456
34475 1644534.521899
34474 1644535.766270
34473 1644537.010743
34472 1644538.255217
34471 1644539.499690
34470 1644540.744314
34468 1644543.234539
34467 1644544.479652
34466 1644545.724764
34465 1644546.969877
34464 1644548.214989
34463 1644549.460102
34462 1644550.705214
34461 1644551.950327
34460 1644553.195439
34459 1644554.440552
34458 1644555.685664
34457 1644556.930777
34456 1644558.175889
34455 1644559.421002
34454 1644560.666114
34453 1644561.911227
34452 1644563.156339
34451 1644564.401452
34450 1644565.646564
34449 1644566.891677
34448 1644568.136789
34447 1644569.381902
34446 1644570.627014
34445 1644571.872127
34444 1644573.117239
34443 1644574.362352
34442 1644575.607464
34441 1644576.852577
34440 1644578.097689
34439 1644579.342802
34438 1644580.587914
34437 1644581.833027
34436 1644583.078139
34435 1644584.323252
34434 1644585.568364
34433 1644586.813477
34432 1644588.058589
34431 1644589.303702
34430 1644590.548814
34428 1644593.039039
34427 1644594.284152
34426 1644595.529264
34425 1644596.774377
34424 1644598.019489
34423 1644599.264602
34422 1644600.509714
34421 1644601.754827
34420 1644602.999939
34419 1644604.245052
34418 1644605.490164
34417 1644606.735277
34415 1644609.225502
34414 1644610.470614
34413 1644611.715727
34409 1644616.696177
34408 1644617.941289
34407 1644619.186402
34406 1644620.431514
34405 1644621.676627
34404 1644622.921739
34403 1644624.166852
34402 1644625.411964
34401 1644626.657077
34400 1644627.902189
34399 1644629.147302
34398 1644630.392414
34397 1644631.637527
34396 1644632.882639
34395 1644634.127752
34394 1644635.372864
34392 1644637.863089
34391 1644639.108202
34390 1644640.353314
34389 1644641.598427
34388 1644642.843539
34387 1644644.088652
34386 1644645.333764
34385 1644646.578877
34382 1644650.314214
34381 1644651.559327
34380 1644652.804439
34379 1644654.049552
34378 1644655.294664
34377 1644656.539777
34376 1644657.784889
34375 1644659.030002
34374 1644660.275114
34373 1644661.520227
34372 1644662.765339
34371 1644664.010452
34370 1644665.255564
34369 1644666.500677
34368 1644667.745789
34367 1644668.990902
34366 1644670.236014
34365 1644671.481127
34364 1644672.726239
34363 1644673.971352
34362 1644675.216464
34361 1644676.461577
34360 1644677.706689
34359 1644678.951801
34358 1644680.196914
34357 1644681.442026
34356 1644682.687139
34355 1644683.932251
34354 1644685.177364
34353 1644686.422476
34352 1644687.667589
34351 1644688.912701
34350 1644690.157814
34349 1644691.402926
34348 1644692.648039
34347 1644693.893151
34346 1644695.138264
34345 1644696.383376
34344 1644697.628489
34343 1644698.873601
34342 1644700.118714
34341 1644701.363826
34340 1644702.608939
34339 1644703.854051
34338 1644705.099164
34337 1644706.344276
34336 1644707.589389
34335 1644708.834501
34334 1644710.079614
34333 1644711.324726
34332 1644712.569839
34331 1644713.814951
34330 1644715.060064
34329 1644716.305176
34326 1644720.042082
34325 1644721.289029
34323 1644723.785886
34322 1644725.034433
34317 1644731.279304
34312 1644737.524227
34309 1644741.272353
34308 1644742.521760
34307 1644743.771403
34306 1644745.021113
34304 1644747.521196
34301 1644751.273097
34300 1644752.524534
34295 1644758.781798
34289 1644766.291433
34287 1644768.794970
34286 1644770.046912
34285 1644771.298895
34274 1644785.082061
34273 1644786.335553
34267 1644793.859975
34265 1644796.368267
34263 1644798.877162
34256 1644807.660133
34255 1644808.915064
34254 1644810.169996
34253 1644811.425121
34251 1644813.935788
34245 1644821.471580
34240 1644827.754349
34238 1644830.267520
34237 1644831.524224
34236 1644832.781823
34234 1644835.297779
34231 1644839.072213
34228 1644842.846650
34227 1644844.104823
34226 1644845.363204
34224 1644847.881114
34221 1644851.659274
34218 1644855.437854
34217 1644856.697528
34216 1644857.957458
34215 1644859.217766
34213 1644861.739527
34211 1644864.261435
34209 1644866.783342
34205 1644871.828724
34203 1644874.352552
34202 1644875.614984
34199 1644879.404069
34196 1644883.193154
34195 1644884.456457
34191 1644889.510796
34190 1644890.774557
34186 1644895.832736
34184 1644898.362061
34182 1644900.891386
34178 1644905.950037
34176 1644908.479362
34174 1644911.008687
34172 1644913.538012
34170 1644916.067848
34168 1644918.598252
34165 1644922.395495
34160 1644928.724966
34157 1644932.525070
34155 1644935.059663
34152 1644938.863618
34151 1644940.131984
34149 1644942.669075
34146 1644946.474845
34145 1644947.743642
34142 1644951.550171
34140 1644954.087923
34139 1644955.357336
34138 1644956.626962
34137 1644957.897906
34136 1644959.168850
34135 1644960.439794
34134 1644961.710738
34133 1644962.981938
34132 1644964.253156
34131 1644965.524423
34126 1644971.881560
34122 1644976.967726
34118 1644982.053893
34114 1644987.140059
34112 1644989.685562
34111 1644990.958626
34105 1644998.599949
34102 1645002.422739
34101 1645003.697298
34099 1645006.248354
34096 1645010.075019
34093 1645013.902489
34092 1645015.178508
34090 1645017.730739
34089 1645019.006919
34088 1645020.283348
34087 1645021.560016
34085 1645024.114403
34083 1645026.670360
34082 1645027.948721
34081 1645029.227083
34080 1645030.505444
34079 1645031.783806
34077 1645034.340666
34073 1645039.455585
34071 1645042.013486
34070 1645043.292599
34068 1645045.851864
34067 1645047.132059
34066 1645048.412330
34065 1645049.692891
34061 1645054.816294
34059 1645057.378521
34058 1645058.660440
34054 1645063.788502
34052 1645066.352761
34050 1645068.917632
34042 1645079.182056
34037 1645085.599415
34036 1645086.883444
34034 1645089.451714
34033 1645090.735926
34032 1645092.020139
34031 1645093.304351
34030 1645094.588564
34029 1645095.872776
34028 1645097.156989
34027 1645098.441201
34026 1645099.725414
34025 1645101.009626
34024 1645102.293839
34023 1645103.578051
34022 1645104.862264
34021 1645106.146476
34020 1645107.430689
34019 1645108.714901
34018 1645109.999114
34017 1645111.283327
34016 1645112.567539
34015 1645113.851752
34014 1645115.135964
34013 1645116.420177
34012 1645117.704389
34011 1645118.988602
34010 1645120.272814
34009 1645121.557027
34006 1645125.410556
34002 1645130.549953
34001 1645131.834891
33997 1645136.976661
33993 1645142.118744
33992 1645143.404410
33990 1645145.975799
33983 1645154.976412
33979 1645160.120042
33976 1645163.978536
33974 1645166.551748
33971 1645170.413145
33969 1645172.987743
33965 1645178.137882
33956 1645189.732406
33955 1645191.020789
33954 1645192.309612
33950 1645197.465652
33949 1645198.755874
33948 1645200.046531
33947 1645201.337697
33945 1645203.920249
33944 1645205.211962
33941 1645209.087947
33940 1645210.380046
33937 1645214.257093
33933 1645219.426948
33932 1645220.719633
33931 1645222.012376
33930 1645223.305504
33929 1645224.598657
33928 1645225.891922
33927 1645227.185338
33921 1645234.950213
33919 1645237.538778
33917 1645240.128868
33915 1645242.718959
33911 1645247.900376
33902 1645259.560903
33901 1645260.856624
33896 1645267.338991
33895 1645268.635601
33894 1645269.932719
33893 1645271.229837
33892 1645272.526955
33891 1645273.824073
33890 1645275.121191
33889 1645276.418309
33888 1645277.715428
33887 1645279.012750
33885 1645281.608057
33884 1645282.906190
33883 1645284.204658
33882 1645285.503689
33881 1645286.803440
33878 1645290.703575
33875 1645294.603709
33872 1645298.503844
33869 1645302.403979
33866 1645306.304113
33863 1645310.204248
33860 1645314.104382
33857 1645318.004517
33854 1645321.905016
33853 1645323.205393
33849 1645328.408662
33847 1645331.011058
33842 1645337.518825
33840 1645340.122508
33838 1645342.726714
33828 1645355.751568
33827 1645357.054618
33826 1645358.358075
33824 1645360.965201
33823 1645362.269160
33822 1645363.573385
33820 1645366.181981
33819 1645367.486325
33818 1645368.790712
33815 1645372.707232
33812 1645376.623815
33808 1645381.846232
33807 1645383.151849
33800 1645392.291245
33794 1645400.130124
33793 1645401.437010
33791 1645404.051344
33789 1645406.665679
33788 1645407.972898
33786 1645410.588230
33784 1645413.204333
33782 1645415.820436
33781 1645417.129032
33777 1645422.366926
33776 1645423.676635
33773 1645427.606433
33772 1645428.916477
33771 1645430.226522
33770 1645431.536566
33769 1645432.846610
33768 1645434.156654
33767 1645435.466698
33766 1645436.776742
33765 1645438.086786
33764 1645439.396830
33763 1645440.707708
33761 1645443.329545
33757 1645448.574172
33753 1645453.819284
33751 1645456.443002
33749 1645459.069663
33748 1645460.383300
33747 1645461.697125
33746 1645463.011775
33745 1645464.327086
33738 1645473.534426
33734 1645478.797227
33733 1645480.113094
33732 1645481.429535
33725 1645490.644822
33724 1645491.961786
33721 1645495.914910
33712 1645507.780432
33711 1645509.099071
33710 1645510.417710
33709 1645511.736349
33708 1645513.054988
33707 1645514.373626
33706 1645515.692265
33705 1645517.010904
33703 1645519.648291
33702 1645520.967016
33701 1645522.286669
33698 1645526.246162
33695 1645530.206751
33689 1645538.128114
33687 1645540.768977
33686 1645542.089409
33683 1645546.053863
33680 1645550.018382
33678 1645552.661407
33675 1645556.627153
33670 1645563.243256
33665 1645569.860420
33661 1645575.157501
33657 1645580.454582
33656 1645581.779261
33653 1645585.753430
33650 1645589.727598
33646 1645595.027988
33642 1645600.328378
33640 1645602.978581
33639 1645604.304967
33634 1645610.936902
33633 1645612.263945
33632 1645613.591742
33631 1645614.919688
33630 1645616.247661
33629 1645617.575919
33627 1645620.232625
33626 1645621.561051
33624 1645624.218584
33621 1645628.206881
33620 1645629.536685
33617 1645633.527923
33612 1645640.182172
33610 1645642.844390
33609 1645644.175590
33607 1645646.839263
33606 1645648.171126
33604 1645650.835250
33603 1645652.167335
33599 1645657.496135
33596 1645661.496135
33593 1645665.496135
33590 1645669.496135
33587 1645673.496135
33584 1645677.496135
33578 1645685.496135
33575 1645689.496135
33572 1645693.496135
33569 1645697.496135
33565 1645702.830952
33561 1645708.170153
33559 1645710.839823
33556 1645714.844473
33555 1645716.180519
33553 1645718.853265
33552 1645720.190143
33549 1645724.201624
33546 1645728.214110
33543 1645732.227020
33541 1645734.903010
33539 1645737.580472
33538 1645738.919423
33536 1645741.597675
33535 1645742.937180
33529 1645750.975039
33521 1645761.692663
33519 1645764.372436
33518 1645765.713135
33515 1645769.735977
33513 1645772.418163
33512 1645773.760095
33509 1645777.786597
33508 1645779.128787
33505 1645783.156408
33503 1645785.841954
33500 1645789.875211
33499 1645791.219991
33497 1645793.909947
33495 1645796.599903
33493 1645799.289859
33491 1645801.979815
33490 1645803.324958
33489 1645804.670101
33488 1645806.015260
33487 1645807.360419
33484 1645811.398154
33483 1645812.744644
33480 1645816.785376
33477 1645820.827220
33476 1645822.174929
33474 1645824.870461
33471 1645828.915646
33470 1645830.264323
33466 1645835.660964
33461 1645842.407401
33460 1645843.757091
33458 1645846.456474
33457 1645847.806569
33456 1645849.156708
33454 1645851.857296
33450 1645857.260777
33445 1645864.018343
33444 1645865.370174
33436 1645876.185541
33435 1645877.538265
33432 1645881.596974
33427 1645888.364433
33426 1645889.718914
33422 1645895.136982
33419 1645899.201913
33416 1645903.268101
33414 1645905.978896
33411 1645910.046305
33410 1645911.402467
33405 1645918.186227
33401 1645923.613668
33398 1645927.684777
33392 1645935.830637
33390 1645938.546425
33387 1645942.620459
33383 1645948.054046
33378 1645954.846669
33375 1645958.923062
33374 1645960.282148
33373 1645961.641235
33370 1645965.720979
33366 1645971.162409
33364 1645973.884047
33363 1645975.245072
33362 1645976.606148
33361 1645977.967284
33360 1645979.328448
33358 1645982.051106
33357 1645983.412472
33354 1645987.496793
33350 1645992.944562
33349 1645994.306776
33346 1645998.395305
33343 1646002.485009
33342 1646003.848500
33337 1646010.668097
33329 1646021.583166
33326 1646025.677264
33323 1646029.772766
33318 1646036.599021
33315 1646040.695732
33311 1646046.158047
33310 1646047.523758
33306 1646052.987206
33304 1646055.719187
33302 1646058.451168
33300 1646061.183148
33298 1646063.915129
33297 1646065.281561
33296 1646066.648910
33295 1646068.016883
33294 1646069.384948
33293 1646070.753014
33292 1646072.121079
33290 1646074.857210
33289 1646076.225276
33287 1646078.961407
33286 1646080.329473
33285 1646081.697538
33283 1646084.433669
33282 1646085.802254
33278 1646091.278358
33276 1646094.016516
33269 1646103.600281
33267 1646106.339526
33266 1646107.709172
33262 1646113.188949
33260 1646115.928957
33258 1646118.669365
33257 1646120.040358
33254 1646124.155386
33250 1646129.642254
33246 1646135.129122
33238 1646146.109572
33236 1646148.854953
33234 1646151.600671
33232 1646154.348648
33229 1646158.471601
33226 1646162.594554
33223 1646166.717507
33219 1646172.216215
33215 1646177.717472
33213 1646180.469534
33211 1646183.221597
33209 1646185.975336
33207 1646188.730224
33205 1646191.485111
33203 1646194.239999
33201 1646196.994886
33199 1646199.749774
33195 1646205.259549
33193 1646208.014436
33191 1646210.769324
33189 1646213.524211
33187 1646216.279099
33185 1646219.033986
33183 1646221.788874
33181 1646224.543761
33179 1646227.298649
33177 1646230.053536
33175 1646232.808424
33173 1646235.563311
33171 1646238.318199
33169 1646241.073086
33167 1646243.827974
33165 1646246.582861
33163 1646249.337749
33161 1646252.092636
33159 1646254.847524
33157 1646257.602411
33155 1646260.357299
33153 1646263.112186
33151 1646265.867074
33149 1646268.621961
33147 1646271.376849
33145 1646274.131736
33143 1646276.886624
33141 1646279.641511
33139 1646282.396399
33137 1646285.151286
33135 1646287.906174
33133 1646290.661061
33131 1646293.415949
33129 1646296.170836
33127 1646298.925724
33125 1646301.680611
33123 1646304.435499
33121 1646307.190386
33119 1646309.945274
33117 1646312.700161
33115 1646315.455049
33113 1646318.209936
33111 1646320.964824
33109 1646323.719711
33107 1646326.474599
33105 1646329.229486
33103 1646331.984374
33101 1646334.739261
33099 1646337.494149
33097 1646340.249036
33095 1646343.003924
33093 1646345.758811
33091 1646348.513699
33089 1646351.268586
33087 1646354.023474
33085 1646356.778361
33083 1646359.533249
33081 1646362.288136
33079 1646365.043024
33077 1646367.797911
33075 1646370.552799
33073 1646373.307686
33071 1646376.062574
33069 1646378.817461
33067 1646381.572349
33065 1646384.327236
33063 1646387.082124
33059 1646392.591899
33057 1646395.347065
33055 1646398.104117
33054 1646399.482657
33050 1646404.997270
33049 1646406.376001
33048 1646407.754841
33045 1646411.891790
33043 1646414.649995
33041 1646417.408329
33039 1646420.166767
33038 1646421.546265
33035 1646425.686346
33034 1646427.066492
33030 1646432.587858
33028 1646435.348607
33025 1646439.490317
33022 1646443.632026
33019 1646447.773736
33016 1646451.915445
33013 1646456.057155
33010 1646460.198864
33009 1646461.579853
33008 1646462.960946
33004 1646468.485369
33001 1646472.629987
32999 1646475.393658
32997 1646478.157469
32993 1646483.686000
32992 1646485.068201
32988 1646490.599703
32986 1646493.366181
32984 1646496.135784
32981 1646500.291384
32978 1646504.447034
32977 1646505.832548
32976 1646507.218379
32969 1646516.920202
32966 1646521.079361
32964 1646523.852827
32963 1646525.239649
32962 1646526.626471
32961 1646528.013293
32960 1646529.400115
32959 1646530.786937
32958 1646532.173759
32957 1646533.560581
32956 1646534.947403
32955 1646536.334225
32954 1646537.721047
32953 1646539.107869
32952 1646540.494691
32951 1646541.881513
32950 1646543.268335
32949 1646544.655156
32948 1646546.041978
32947 1646547.428800
32946 1646548.815622
32945 1646550.202444
32944 1646551.589266
32943 1646552.976088
32942 1646554.362910
32938 1646559.910394
32935 1646564.071025
32934 1646565.458423
32930 1646571.009272
32928 1646573.786844
32927 1646575.176352
32926 1646576.566385
32925 1646577.956453
32921 1646583.517891
32919 1646586.298610
32917 1646589.079329
32916 1646590.470036
32914 1646593.251588
32913 1646594.642576
32912 1646596.033745
32909 1646600.207644
32907 1646602.991361
32903 1646608.559158
32898 1646615.519283
32896 1646618.305853
32894 1646621.092423
32891 1646625.275977
32890 1646626.670724
32888 1646629.460380
32887 1646630.856014
32886 1646632.251938
32881 1646639.236003
32877 1646644.824528
32876 1646646.221817
32872 1646651.811500
32870 1646654.607367
32868 1646657.403891
32866 1646660.200623
32864 1646662.997354
32862 1646665.794086
32860 1646668.590817
32858 1646671.387549
32857 1646672.786133
32853 1646678.381698
32850 1646682.581429
32847 1646686.781160
32846 1646688.181287
32845 1646689.581543
32844 1646690.981798
32843 1646692.382054
32842 1646693.782309
32841 1646695.182565
32837 1646700.784963
32835 1646703.587739
32833 1646706.391081
32830 1646710.596503
32828 1646713.401131
32824 1646719.010794
32822 1646721.818911
32820 1646724.627314
32817 1646728.841693
32815 1646731.651528
32813 1646734.461441
32809 1646740.081444
32808 1646741.487022
32807 1646742.892601
32803 1646748.515232
32801 1646751.327425
32799 1646754.140334
32796 1646758.361553
32792 1646763.990689
32783 1646776.657970
32781 1646779.473998
32780 1646780.882178
32778 1646783.699072
32776 1646786.518105
32772 1646792.156502
32771 1646793.566570
32769 1646796.387314
32767 1646799.208744
32763 1646804.853318
32759 1646810.497893
32755 1646816.143753
32754 1646817.555367
32753 1646818.967265
32751 1646821.792247
32748 1646826.030150
32745 1646830.268216
32743 1646833.097740
32742 1646834.512575
32741 1646835.928504
32738 1646840.176362
32737 1646841.592510
32729 1646852.923625
32728 1646854.340351
32726 1646857.174818
32724 1646860.009285
32722 1646862.843752
32720 1646865.678218
32718 1646868.512685
32715 1646872.765280
32712 1646877.019298
32711 1646878.437679
32707 1646884.112251
32705 1646886.949650
32703 1646889.787334
32701 1646892.625909
32699 1646895.464650
32698 1646896.884114
32696 1646899.724219
32691 1646906.825102
32688 1646911.086480
32686 1646913.928145
32682 1646919.613113
32681 1646921.035677
32680 1646922.458578
32678 1646925.304881
32676 1646928.151346
32674 1646930.998223
32671 1646935.268613
32670 1646936.693685
32669 1646938.120587
32667 1646940.975340
32665 1646943.830093
32663 1646946.685458
32661 1646949.541435
32658 1646953.829118
32656 1646956.687980
32652 1646962.407140
32650 1646965.266782
32649 1646966.697544
32647 1646969.559372
32645 1646972.421375
32642 1646976.715203
32639 1646981.013324
32634 1646988.177328
32632 1646991.043708
32628 1646996.778880
32625 1647001.080400
32624 1647002.514362
32623 1647003.949044
32622 1647005.383726
32621 1647006.818407
32619 1647009.688490
32617 1647012.558762
32616 1647013.994000
32614 1647016.864598
32613 1647018.299980
32611 1647021.170745
32609 1647024.043767
32608 1647025.480750
32606 1647028.355483
32597 1647041.293747
32594 1647045.609028
32592 1647048.486038
32590 1647051.363878
32588 1647054.241719
32586 1647057.119559
32584 1647059.997492
32581 1647064.314631
32579 1647067.193574
32578 1647068.633191
32577 1647070.073251
32575 1647072.953670
32574 1647074.394550
32572 1647077.276550
32571 1647078.717594
32570 1647080.159063
32569 1647081.600870
32565 1647087.368397
32563 1647090.252681
32560 1647094.579302
32559 1647096.021952
32557 1647098.909446
32556 1647100.353628
32555 1647101.797817
32552 1647106.131546
32550 1647109.021007
32545 1647116.244761
32544 1647117.689605
32543 1647119.134448
32542 1647120.579292
32541 1647122.024135
32540 1647123.468979
32539 1647124.913822
32538 1647126.358665
32537 1647127.803509
32536 1647129.248352
32535 1647130.693196
32534 1647132.138039
32533 1647133.582883
32530 1647137.919494
32529 1647139.365188
32527 1647142.256601
32526 1647143.702411
32525 1647145.148284
32524 1647146.594314
32522 1647149.486984
32521 1647150.933381
32519 1647153.827234
32517 1647156.723041
32515 1647159.619638
32514 1647161.067939
32511 1647165.413159
32509 1647168.310244
32507 1647171.207843
32506 1647172.657151
32505 1647174.106522
32502 1647178.455038
32499 1647182.803553
32496 1647187.152069
32493 1647191.500584
32490 1647195.849100
32487 1647200.198368
32484 1647204.548248
32480 1647210.348517
32476 1647216.148786
32475 1647217.598963
32471 1647223.401266
32470 1647224.852854
32469 1647226.304443
32464 1647233.563050
32462 1647236.467670
32460 1647239.374132
32459 1647240.827894
32458 1647242.281956
32455 1647246.646385
32452 1647251.010913
32449 1647255.375441
32446 1647259.740903
32445 1647261.196299
32443 1647264.108188
32439 1647269.932313
32437 1647272.844579
32435 1647275.757569
32432 1647280.127247
32431 1647281.584281
32428 1647285.955554
32426 1647288.869867
32425 1647290.327055
32423 1647293.243041
32420 1647297.618715
32419 1647299.077600
32418 1647300.536485
32415 1647304.913965
32413 1647307.833650
32411 1647310.753334
32409 1647313.674436
32407 1647316.595592
32404 1647320.978877
32403 1647322.440177
32401 1647325.363113
32399 1647328.286834
32397 1647331.210833
32396 1647332.673276
32394 1647335.599936
32391 1647339.990295
32389 1647342.918387
32385 1647348.776149
32383 1647351.705480
32382 1647353.170175
32379 1647357.565145
32376 1647361.962475
32374 1647364.894723
32372 1647367.829055
32368 1647373.697885
32366 1647376.633034
32365 1647378.100831
32364 1647379.568788
32361 1647383.976646
32358 1647388.386089
32356 1647391.326554
32354 1647394.267019
32352 1647397.207824
32351 1647398.678499
32350 1647400.149300
32345 1647407.505296
32339 1647416.332524
32338 1647417.804313
32336 1647420.748770
32335 1647422.221032
32334 1647423.693622
32333 1647425.166236
32331 1647428.111752
32329 1647431.057268
32327 1647434.002784
32325 1647436.948385
32318 1647447.258912
32313 1647454.625156
32306 1647464.938289
32305 1647466.412423
32304 1647467.886641
32303 1647469.360995
32302 1647470.835349
32301 1647472.310231
32295 1647481.161510
32294 1647482.636811
32292 1647485.587966
32289 1647490.017219
32288 1647491.493745
32287 1647492.970271
32286 1647494.446797
32285 1647495.923323
32284 1647497.399848
32283 1647498.876374
32282 1647500.352900
32281 1647501.829514
32280 1647503.307264
32278 1647506.263178
32277 1647507.741773
32275 1647510.700946
32271 1647516.619837
32270 1647518.100411
32268 1647521.063527
32265 1647525.508528
32263 1647528.472074
32262 1647529.954653
32261 1647531.437232
32260 1647532.919811
32259 1647534.402389
32258 1647535.884968
32257 1647537.367547
32256 1647538.850126
32255 1647540.332705
32252 1647544.780540
32250 1647547.746342
32248 1647550.712145
32246 1647553.677947
32244 1647556.643749
32242 1647559.609551
32240 1647562.575785
32236 1647568.510215
32233 1647572.961340
32224 1647586.320564
32222 1647589.289671
32219 1647593.743860
32218 1647595.228816
32215 1647599.684788
32213 1647602.657839
32212 1647604.144487
32211 1647605.631406
32207 1647611.579469
32206 1647613.066789
32200 1647621.992153
32197 1647626.456546
32194 1647630.921720
32191 1647635.387661
32189 1647638.365367
32187 1647641.343073
32185 1647644.320779
32183 1647647.299642
32182 1647648.789420
32181 1647650.279199
32180 1647651.769199
32179 1647653.259199
32178 1647654.749897
32177 1647656.240699
32175 1647659.223453
32173 1647662.206494
32168 1647669.664485
32162 1647678.618387
32160 1647681.603291
32159 1647683.096724
32152 1647693.554833
32151 1647695.049194
32150 1647696.543987
32148 1647699.535120
32147 1647701.030774
32146 1647702.526951
32145 1647704.023176
32144 1647705.519670
32143 1647707.016177
32142 1647708.512684
32141 1647710.009190
32140 1647711.505697
32138 1647714.499085
32135 1647718.989310
32132 1647723.479535
32131 1647724.976381
32128 1647729.467163
32126 1647732.461743
32124 1647735.456840
32121 1647739.951174
32118 1647744.445508
32114 1647750.438637
32110 1647756.432394
32109 1647757.930901
32108 1647759.429507
32105 1647763.927149
32104 1647765.426928
32103 1647766.926706
32102 1647768.426735
32099 1647772.927669
32098 1647774.428458
32097 1647775.929531
32095 1647778.932032
32093 1647781.935570
32087 1647790.949733
32086 1647792.452322
32085 1647793.955922
32084 1647795.459731
32083 1647796.964091
32082 1647798.468600
32075 1647809.008939
32074 1647810.514948
32072 1647813.527588
32069 1647818.047130
32068 1647819.554028
32066 1647822.567939
32064 1647825.583720
32062 1647828.600406
32061 1647830.110131
32060 1647831.619906
32059 1647833.129681
32058 1647834.639456
32057 1647836.149231
32056 1647837.659006
32055 1647839.168781
32054 1647840.678556
32053 1647842.188331
32050 1647846.717656
32049 1647848.227431
32048 1647849.737206
32047 1647851.246981
32046 1647852.756756
32044 1647855.776306
32043 1647857.286081
32042 1647858.795856
32041 1647860.305631
32040 1647861.815406
32037 1647866.344731
32036 1647867.854506
32035 1647869.364281
32032 1647873.893606
32031 1647875.403869
32030 1647876.914132
32027 1647881.444971
32025 1647884.466228
32024 1647885.977223
32023 1647887.488333
32022 1647888.999893
32021 1647890.512027
32017 1647896.561304
32012 1647904.122928
32010 1647907.148033
32008 1647910.173356
32007 1647911.686422
32005 1647914.712879
32001 1647920.766627
31996 1647928.333936
31995 1647929.848687
31994 1647931.363840
31993 1647932.879028
31991 1647935.910852
31987 1647941.976480
31984 1647946.525721
31981 1647951.077034
31976 1647958.664590
31973 1647963.217908
31972 1647964.736150
31971 1647966.254481
31968 1647970.809637
31965 1647975.364959
31963 1647978.403488
31961 1647981.442283
31959 1647984.481411
31956 1647989.040676
31955 1647990.560991
31954 1647992.081305
31953 1647993.601933
31949 1647999.684912
31945 1648005.768600
31940 1648013.379053
31933 1648024.036335
31931 1648027.081551
31927 1648033.171984
31926 1648034.695310
31920 1648043.839565
31919 1648045.364142
31914 1648052.995818
31912 1648056.049106
31911 1648057.576696
31910 1648059.106192
31907 1648063.695604
31905 1648066.755420
31904 1648068.285452
31903 1648069.815513
31902 1648071.345574
31901 1648072.875635
31900 1648074.405696
31899 1648075.935757
31898 1648077.466940
31895 1648082.061769
31894 1648083.593625
31893 1648085.125533
31891 1648088.189506
31887 1648094.318128
31885 1648097.382773
31882 1648101.983324
31881 1648103.516942
31878 1648108.118216
31877 1648109.652286
31876 1648111.186502
31874 1648114.255155
31873 1648115.789891
31871 1648118.859574
31866 1648126.534147
31864 1648129.604257
31860 1648135.748349
31859 1648137.285155
31854 1648144.974375
31850 1648151.126027
31848 1648154.201888
31844 1648160.354839
31842 1648163.432080
31841 1648164.970863
31839 1648168.048435
31837 1648171.126006
31835 1648174.203578
31834 1648175.742720
31833 1648177.282025
31832 1648178.821419
31830 1648181.900901
31829 1648183.440838
31828 1648184.982060
31825 1648189.605741
31820 1648197.313562
31813 1648208.106844
31811 1648211.192154
31809 1648214.277828
31808 1648215.820756
31807 1648217.363780
31805 1648220.449947
31803 1648223.536113
31799 1648229.710603
31798 1648231.254385
31794 1648237.429874
31793 1648238.974045
31792 1648240.521135
31789 1648245.164116
31787 1648248.261361
31783 1648254.458018
31782 1648256.007203
31763 1648285.452538
31760 1648290.102424
31759 1648291.652886
31755 1648297.857128
31754 1648299.408262
31753 1648300.959422
31749 1648307.165359
31746 1648311.819865
31743 1648316.474887
31741 1648319.578290
31739 1648322.681694
31738 1648324.233536
31737 1648325.785482
31735 1648328.889757
31733 1648331.994426
31731 1648335.100831
31729 1648338.207765
31728 1648339.761941
31727 1648341.316469
31726 1648342.871118
31721 1648350.645556
31719 1648353.755869
31717 1648356.866182
31712 1648364.642997
31710 1648367.754398
31709 1648369.310291
31707 1648372.422185
31706 1648373.979022
31704 1648377.092755
31702 1648380.206697
31699 1648384.878553
31698 1648386.436205
31696 1648389.551834
31695 1648391.109897
31694 1648392.668580
31691 1648397.346554
31688 1648402.026348
31686 1648405.146618
31685 1648406.706845
31678 1648417.635848
31675 1648422.320921
31674 1648423.882665
31673 1648425.444527
31669 1648431.692170
31662 1648442.626503
31659 1648447.312671
31656 1648452.002627
31653 1648456.692583
31650 1648461.382539
31647 1648466.072495
31644 1648470.762451
31643 1648472.326042
31637 1648481.708072
31634 1648486.399724
31631 1648491.092481
31628 1648495.785362
31627 1648497.350015
31625 1648500.481429
31623 1648503.613042
31621 1648506.745931
31620 1648508.314720
31619 1648509.883576
31615 1648516.159087
31614 1648517.728614
31613 1648519.298142
31610 1648524.007583
31607 1648528.717455
31605 1648531.859053
31601 1648538.142472
31600 1648539.714591
31598 1648542.859120
31594 1648549.149462
31592 1648552.294709
31590 1648555.439956
31588 1648558.585203
31585 1648563.305157
31584 1648564.878652
31583 1648566.452253
31580 1648571.173546
31579 1648572.749194
31578 1648574.325070
31577 1648575.902209
31574 1648580.635573
31573 1648582.213600
31571 1648585.369787
31568 1648590.108174
31567 1648591.687817
31562 1648599.586268
31560 1648602.746001
31557 1648607.486401
31554 1648612.230781
31552 1648615.395006
31547 1648623.306270
31546 1648624.888583
31545 1648626.471702
31541 1648632.805750
31540 1648634.389509
31537 1648639.140947
31536 1648640.725041
31535 1648642.310200
31534 1648643.895567
31533 1648645.481014
31532 1648647.066928
31531 1648648.652842
31530 1648650.239072
31529 1648651.825806
31528 1648653.412539
31527 1648654.999273
31526 1648656.586007
31525 1648658.172741
31524 1648659.759709
31521 1648664.521671
31519 1648667.696473
31518 1648669.284085
31517 1648670.871697
31515 1648674.047123
31513 1648677.223030
31512 1648678.812214
31509 1648683.579910
31508 1648685.169265
31506 1648688.347973
31505 1648689.937328
31504 1648691.526682
31503 1648693.116036
31502 1648694.705391
31501 1648696.294745
31496 1648704.243082
31494 1648707.422624
31492 1648710.602952
31491 1648712.193591
31485 1648721.742194
31484 1648723.333684
31481 1648728.108689
31479 1648731.292816
31477 1648734.478074
31474 1648739.256049
31470 1648745.629417
31467 1648750.409830
31466 1648752.003458
31465 1648753.597086
31464 1648755.190714
31463 1648756.784342
31461 1648759.971598
31460 1648761.565226
31459 1648763.158854
31458 1648764.752482
31457 1648766.346110
31456 1648767.939738
31455 1648769.533366
31454 1648771.126994
31453 1648772.720622
31452 1648774.314250
31451 1648775.907878
31450 1648777.501506
31449 1648779.095134
31448 1648780.688763
31447 1648782.282391
31446 1648783.876019
31445 1648785.469647
31438 1648796.628626
31435 1648801.412187
31433 1648804.601727
31432 1648806.196924
31429 1648810.982951
31428 1648812.579214
31424 1648818.969574
31422 1648822.166790
31420 1648825.364005
31418 1648828.561258
31416 1648831.758510
31414 1648834.956586
31409 1648842.953194
31408 1648844.552971
31407 1648846.152816
31406 1648847.752661
31402 1648854.155354
31401 1648855.756097
31399 1648858.958955
31397 1648862.162312
31396 1648863.764517
31395 1648865.366740
31394 1648866.968963
31385 1648881.389485
31384 1648882.992396
31382 1648886.198408
31379 1648891.008517
31376 1648895.818682
31373 1648900.628847
31370 1648905.439012
31369 1648907.042794
31368 1648908.646677
31366 1648911.854658
31363 1648916.667949
31358 1648924.692588
31354 1648931.112502
31350 1648937.536716
31347 1648942.356577
31344 1648947.178219
31342 1648950.392751
31339 1648955.214605
31336 1648960.037225
31333 1648964.860820
31332 1648966.468685
31331 1648968.077142
31330 1648969.686060
31322 1648982.558828
31316 1648992.214340
31314 1648995.433342
31313 1648997.042964
31312 1648998.652604
31311 1649000.262245
31310 1649001.871885
31309 1649003.481526
31308 1649005.091166
31307 1649006.700807
31306 1649008.310447
31305 1649009.920087
31304 1649011.529728
31303 1649013.139368
31302 1649014.749009
31301 1649016.358649
31300 1649017.968290
31299 1649019.577930
31298 1649021.187571
31297 1649022.797211
31296 1649024.406852
31295 1649026.016492
31294 1649027.626133
31292 1649030.845414
31291 1649032.455054
31290 1649034.064695
31289 1649035.674335
31288 1649037.283976
31285 1649042.112897
31284 1649043.722537
31283 1649045.332178
31282 1649046.941818
31281 1649048.551459
31280 1649050.161099
31279 1649051.770740
31278 1649053.380380
31277 1649054.990021
31276 1649056.599661
31275 1649058.209302
31274 1649059.818942
31273 1649061.428583
31272 1649063.038223
31271 1649064.647864
31270 1649066.257504
31269 1649067.867145
31268 1649069.476785
31267 1649071.086425
31266 1649072.696066
31265 1649074.305706
31264 1649075.915347
31263 1649077.524987
31262 1649079.134628
31261 1649080.744268
31260 1649082.353909
31254 1649092.012515
31249 1649100.064483
31246 1649104.898950
31243 1649109.733417
31240 1649114.567884
31237 1649119.402351
31234 1649124.236818
31231 1649129.071285
31229 1649132.294458
31228 1649133.906138
31227 1649135.517991
31226 1649137.130182
31223 1649141.967558
31219 1649148.418234
31216 1649153.256572
31211 1649161.321313
31209 1649164.550037
31207 1649167.781132
31203 1649174.245525
31199 1649180.710531
31197 1649183.943388
31196 1649185.559923
31195 1649187.176888
31194 1649188.793853
31192 1649192.028416
31190 1649195.263367
31188 1649198.498318
31185 1649203.353071
31182 1649208.207824
31179 1649213.062577
31176 1649217.917329
31173 1649222.772082
31170 1649227.626835
31167 1649232.481588
31164 1649237.336341
31161 1649242.191094
31158 1649247.045847
31155 1649251.900600
31152 1649256.755353
31149 1649261.610106
31146 1649266.464859
31143 1649271.319612
31140 1649276.174365
31134 1649285.884618
31133 1649287.503038
31132 1649289.121637
31127 1649297.216014
31125 1649300.455488
31124 1649302.075290
31123 1649303.695092
31122 1649305.314894
31120 1649308.557182
31118 1649311.800743
31115 1649316.666308
31111 1649323.156281
31109 1649326.401393
31107 1649329.646506
31105 1649332.891618
31103 1649336.136731
31101 1649339.381843
31099 1649342.626956
31097 1649345.872068
31095 1649349.117181
31093 1649352.362293
31091 1649355.607406
31089 1649358.852518
31087 1649362.097631
31085 1649365.342743
31083 1649368.587856
31081 1649371.832968
31079 1649375.078081
31077 1649378.323193
31075 1649381.568306
31073 1649384.813418
31071 1649388.058531
31069 1649391.303643
31067 1649394.548756
31065 1649397.793868
31063 1649401.038981
31061 1649404.284093
31059 1649407.529206
31057 1649410.774318
31055 1649414.019431
31053 1649417.264543
31051 1649420.509656
31049 1649423.754768
31047 1649426.999881
31045 1649430.244993
31043 1649433.490106
31041 1649436.735218
31039 1649439.980331
31037 1649443.225443
31035 1649446.470556
31033 1649449.715668
31031 1649452.960781
31029 1649456.205893
31027 1649459.451006
31025 1649462.696118
31023 1649465.941231
31021 1649469.186343
31019 1649472.431456
31017 1649475.676568
31015 1649478.921681
31013 1649482.166793
31011 1649485.411906
31009 1649488.657018
31007 1649491.902131
31005 1649495.147243
31003 1649498.392356
31001 1649501.637468
30999 1649504.882581
30997 1649508.127693
30995 1649511.372806
30993 1649514.617918
30991 1649517.863031
30988 1649522.730736
30987 1649524.353328
30985 1649527.599021
30983 1649530.846342
30981 1649534.093904
30980 1649535.717961
30977 1649540.591471
30976 1649542.216112
30973 1649547.091697
30972 1649548.716969
30970 1649551.967720
30969 1649553.593137
30964 1649561.721355
30962 1649564.973663
30959 1649569.854248
30956 1649574.734832
30953 1649579.615417
30952 1649581.242679
30950 1649584.499153
30947 1649589.383981
30945 1649592.640997
30943 1649595.898013
30940 1649600.785221
30936 1649607.302472
30935 1649608.932287
30927 1649621.981434
30926 1649623.612694
30924 1649626.875645
30922 1649630.138996
30917 1649638.298973
30914 1649643.195287
30911 1649648.091884
30910 1649649.724124
30907 1649654.622028
30906 1649656.254702
30903 1649661.155631
30899 1649667.691973
30897 1649670.960173
30895 1649674.228473
30894 1649675.862929
30892 1649679.132746
30890 1649682.403690
30888 1649685.674634
30887 1649687.310106
30886 1649688.945578
30885 1649690.581050
30884 1649692.216522
30883 1649693.851994
30882 1649695.487466
30880 1649698.758410
30879 1649700.393882
30878 1649702.029354
30877 1649703.664826
30876 1649705.300298
30875 1649706.935770
30868 1649718.388282
30867 1649720.024846
30866 1649721.661416
30863 1649726.571317
30860 1649731.484092
30856 1649738.035261
30854 1649741.312360
30852 1649744.590397
30849 1649749.510081
30846 1649754.431450
30845 1649756.072655
30844 1649757.714335
30841 1649762.640055
30837 1649769.207952
30836 1649770.850108
30835 1649772.492442
30834 1649774.135756
30832 1649777.422713
30830 1649780.709669
30828 1649783.996626
30826 1649787.283582
30824 1649790.570539
30822 1649793.857495
30818 1649800.431754
30817 1649802.075352
30813 1649808.650251
30810 1649813.583313
30807 1649818.517301
30806 1649820.162603
30804 1649823.453217
30802 1649826.744448
30801 1649828.390171
30800 1649830.036112
30798 1649833.328827
30795 1649838.268130
30794 1649839.914840
30793 1649841.561575
30791 1649844.856068
30790 1649846.503443
30789 1649848.150819
30788 1649849.798195
30787 1649851.445571
30784 1649856.390028
30783 1649858.038234
30781 1649861.335354
30780 1649862.984392
30778 1649866.283253
30775 1649871.231913
30771 1649877.831463
30768 1649882.782851
30767 1649884.433518
30765 1649887.735936
30764 1649889.387294
30761 1649894.342803
30757 1649900.952339
30752 1649909.217002
30747 1649917.481664
30745 1649920.788240
30740 1649929.057479
30738 1649932.365625
30737 1649934.019817
30736 1649935.674617
30735 1649937.329542
30732 1649942.295344
30729 1649947.261146
30726 1649952.226949
30723 1649957.192751
30720 1649962.158553
30717 1649967.126208
30713 1649973.749760
30708 1649982.029245
30706 1649985.341756
30705 1649986.998217
30703 1649990.312311
30702 1649991.969427
30698 1649998.599421
30694 1650005.230034
30692 1650008.547650
30686 1650018.502165
30684 1650021.821311
30682 1650025.140600
30680 1650028.461032
30678 1650031.781464
30677 1650033.442039
30674 1650038.426039
30673 1650040.087602
30672 1650041.749838
30670 1650045.074530
30669 1650046.737691
30668 1650048.401079
30667 1650050.064467
30666 1650051.729777
30661 1650060.058156
30658 1650065.056874
30650 1650078.387142
30645 1650086.722224
30644 1650088.389918
30642 1650091.726229
30639 1650096.731487
30636 1650101.736974
30633 1650106.746844
30632 1650108.417796
30631 1650110.088820
30629 1650113.431993
30628 1650115.103640
30624 1650121.799385
30621 1650126.821541
30617 1650133.520093
30609 1650146.921446
30603 1650156.972971
30602 1650158.648334
30593 1650173.727777
30583 1650190.491061
30581 1650193.844769
30577 1650200.554210
30573 1650207.263651
30571 1650210.620067
30570 1650212.298637
30569 1650213.977762
30568 1650215.657185
30566 1650219.016148
30564 1650222.375471
30556 1650235.812806
30553 1650240.853251
30550 1650245.895400
30549 1650247.576825
30548 1650249.258250
30547 1650250.939674
30541 1650261.028968
30538 1650266.074350
30537 1650267.756784
30534 1650272.804915
30532 1650276.170609
30530 1650279.537087
30529 1650281.220499
30522 1650293.005504
30516 1650303.108295
30506 1650319.946616
30505 1650321.630530
30503 1650324.998502
30502 1650326.682937
30496 1650336.792743
30494 1650340.163493
30492 1650343.535668
30490 1650346.908574
30489 1650348.595709
30487 1650351.970378
30482 1650360.409907
30480 1650363.788517
30478 1650367.167443
30475 1650372.236036
30473 1650375.615513
30468 1650384.066638
30465 1650389.137947
30464 1650390.828696
30463 1650392.519446
30462 1650394.210196
30461 1650395.900945
30460 1650397.591695
30459 1650399.282546
30457 1650402.666086
30455 1650406.050164
30454 1650407.744131
30452 1650411.132163
30450 1650414.521423
30449 1650416.216073
30447 1650419.605978
30446 1650421.301206
30443 1650426.387372
30441 1650429.778660
30440 1650431.474621
30439 1650433.172096
30438 1650434.870499
30437 1650436.569831
30433 1650443.368532
30427 1650453.566697
30426 1650455.267100
30425 1650456.967669
30421 1650463.770575
30420 1650465.471483
30417 1650470.574328
30416 1650472.275849
30414 1650475.679377
30413 1650477.382995
30411 1650480.792904
30409 1650484.202814
30407 1650487.612723
30405 1650491.022633
30404 1650492.727858
30402 1650496.139335
30399 1650501.256897
30397 1650504.670563
30396 1650506.377591
30395 1650508.084619
30394 1650509.791821
30393 1650511.499788
30392 1650513.208577
30391 1650514.917366
30390 1650516.626156
30389 1650518.334945
30387 1650521.753500
30386 1650523.463006
30385 1650525.172512
30383 1650528.591524
30382 1650530.301030
30381 1650532.010536
30380 1650533.720042
30379 1650535.429548
30378 1650537.139054
30377 1650538.848560
30376 1650540.558066
30374 1650543.977278
30373 1650545.687454
30372 1650547.397965
30370 1650550.820675
30369 1650552.532809
30366 1650557.670635
30365 1650559.384751
30354 1650578.240846
30352 1650581.669403
30350 1650585.098068
30348 1650588.526734
30343 1650597.101397
30341 1650600.531513
30337 1650607.393154
30335 1650610.824909
30334 1650612.541612
30331 1650617.693326
30326 1650626.281732
30325 1650628.000188
30324 1650629.718733
30322 1650633.156095
30319 1650638.313245
30317 1650641.751444
30313 1650648.629285
30309 1650655.507125
30304 1650664.104529
30303 1650665.824303
30298 1650674.423736
30296 1650677.864808
30295 1650679.585497
30294 1650681.306187
30293 1650683.026877
30292 1650684.747567
30291 1650686.468256
30289 1650689.909945
30287 1650693.352187
30280 1650705.401036
30279 1650707.123214
30275 1650714.014141
30273 1650717.459877
30271 1650720.905899
30268 1650726.076833
30264 1650732.973430
30262 1650736.422382
30259 1650741.595830
30256 1650746.770517
30255 1650748.496528
30254 1650750.222776
30251 1650755.402303
30250 1650757.128974
30247 1650762.309155
30246 1650764.036929
30244 1650767.493288
30243 1650769.221856
30242 1650770.951113
30238 1650777.869511
30234 1650784.787909
30227 1650796.895751
30226 1650798.625662
30222 1650805.545346
30221 1650807.275305
30218 1650812.472557
30215 1650817.669810
30213 1650821.135315
30205 1650834.998128
30202 1650840.197247
30197 1650848.864915
30196 1650850.598525
30192 1650857.536576
30190 1650861.005664
30189 1650862.741416
30187 1650866.213324
30186 1650867.949523
30185 1650869.686672
30182 1650874.898380
30181 1650876.636514
30177 1650883.590852
30173 1650890.545470
30172 1650892.284287
30171 1650894.023605
30168 1650899.242886
30167 1650900.983017
30165 1650904.464523
30160 1650913.176214
30158 1650916.660943
30153 1650925.376475
30150 1650930.606412
30147 1650935.838982
30143 1650942.816633
30140 1650948.051400
30136 1650955.031850
30132 1650962.012300
30128 1650968.994126
30123 1650977.722477
30122 1650979.468586
30120 1650982.961739
30115 1650991.696116
30114 1650993.443812
30113 1650995.191977
30110 1651000.440859
30109 1651002.190575
30106 1651007.443347
30105 1651009.194549
30104 1651010.946054
30103 1651012.697892
30101 1651016.203558
30100 1651017.956766
30099 1651019.710061
30097 1651023.216749
30095 1651026.726524
30093 1651030.236299
30091 1651033.746349
30086 1651042.527068
30085 1651044.284276
30082 1651049.556728
30081 1651051.315153
30080 1651053.073578
30079 1651054.832003
30078 1651056.590428
30077 1651058.348853
30076 1651060.107278
30072 1651067.141916
30071 1651068.901315
30070 1651070.661707
30069 1651072.422326
30067 1651075.944041
30065 1651079.467561
30063 1651082.991099
30062 1651084.753108
30060 1651088.277512
30058 1651091.803692
30056 1651095.331962
30054 1651098.860863
30044 1651116.511223
30043 1651118.276397
30042 1651120.042283
30040 1651123.574123
30037 1651128.872154
30036 1651130.638666
30033 1651135.939056
30031 1651139.473604
30029 1651143.008814
30024 1651151.847582
30023 1651153.615870
30013 1651171.299055
30012 1651173.068603
30010 1651176.608908
30008 1651180.149517
30007 1651181.920356
30004 1651187.233770
30003 1651189.005741
30002 1651190.778186
30000 1651194.323561
29995 1651203.188319
29993 1651206.734387
29990 1651212.054875
29986 1651219.148990
29984 1651222.696500
29982 1651226.244852
29981 1651228.019290
29980 1651229.793727
29979 1651231.568165
29977 1651235.117040
29976 1651236.891477
29975 1651238.665915
29974 1651240.440352
29973 1651242.214790
29972 1651243.989227
29968 1651251.087076
29966 1651254.636488
29965 1651256.411538
29963 1651259.961663
29957 1651270.618074
29954 1651275.947519
29952 1651279.500667
29950 1651283.054959
29949 1651284.833155
29948 1651286.611722
29944 1651293.727877
29942 1651297.288980
29939 1651302.634041
29937 1651306.199264
29936 1651307.982248
29933 1651313.333213
29928 1651322.252897
29925 1651327.605274
29920 1651336.527904
29918 1651340.098286
29916 1651343.669382
29914 1651347.240529
29912 1651350.812311
29910 1651354.384498
29909 1651356.170777
29908 1651357.957777
29907 1651359.744778
29906 1651361.531779
29905 1651363.318779
29904 1651365.105780
29903 1651366.892780
29902 1651368.679781
29901 1651370.467281
29900 1651372.255196
29899 1651374.044137
29897 1651377.622076
29896 1651379.411205
29894 1651382.990185
29892 1651386.569900
29889 1651391.940127
29885 1651399.101068
29877 1651413.423926
29875 1651417.004698
29870 1651425.957114
29868 1651429.539064
29866 1651433.121377
29864 1651436.704497
29862 1651440.287713
29859 1651445.663048
29858 1651447.455003
29856 1651451.038977
29855 1651452.831697
29853 1651456.417746
29852 1651458.210940
29851 1651460.004134
29850 1651461.797328
29847 1651467.177240
29840 1651479.732619
29833 1651492.290009
29832 1651494.083923
29827 1651503.057670
29821 1651513.828513
29819 1651517.419704
29818 1651519.215648
29817 1651521.011592
29816 1651522.807536
29813 1651528.196446
29811 1651531.789290
29809 1651535.384024
29807 1651538.980789
29804 1651544.377430
29801 1651549.774071
29800 1651551.572982
29797 1651556.970727
29796 1651558.770128
29795 1651560.569690
29789 1651571.376445
29787 1651574.981327
29785 1651578.586494
29781 1651585.797161
29775 1651596.613833
29774 1651598.417093
29773 1651600.220585
29770 1651605.631458
29769 1651607.435835
29768 1651609.240218
29767 1651611.044982
29765 1651614.654622
29763 1651618.264263
29761 1651621.873903
29759 1651625.483544
29757 1651629.093184
29753 1651636.312465
29751 1651639.922105
29749 1651643.531746
29747 1651647.141386
29745 1651650.751027
29743 1651654.360667
29741 1651657.970308
29739 1651661.579948
29737 1651665.189589
29735 1651668.799229
29733 1651672.408870
29731 1651676.018510
29729 1651679.628151
29727 1651683.237791
29725 1651686.847432
29721 1651694.066713
29719 1651697.676353
29717 1651701.285994
29715 1651704.895634
29713 1651708.505274
29711 1651712.114915
29709 1651715.724555
29707 1651719.334196
29705 1651722.943836
29703 1651726.553477
29701 1651730.163117
29699 1651733.772758
29697 1651737.382398
29695 1651740.992039
29693 1651744.601679
29691 1651748.211320
29689 1651751.820960
29687 1651755.430601
29684 1651760.845855
29681 1651766.263182
29679 1651769.874791
29677 1651773.486680
29676 1651775.292764
29675 1651777.099974
29674 1651778.907906
29673 1651780.716036
29671 1651784.332529
29669 1651787.949022
29667 1651791.566759
29666 1651793.376536
29664 1651796.998670
29662 1651800.620874
29661 1651802.432307
29660 1651804.244231
29658 1651807.868519
29657 1651809.680802
29655 1651813.306078
29653 1651816.931513
29652 1651818.744273
29651 1651820.557241
29650 1651822.370305
29649 1651824.183753
29646 1651829.625345
29645 1651831.439724
29644 1651833.254641
29643 1651835.069558
29641 1651838.699484
29640 1651840.514612
29638 1651844.144904
29635 1651849.591638
29634 1651851.407989
29632 1651855.040717
29627 1651864.125332
29625 1651867.759422
29622 1651873.211340
29621 1651875.029053
29619 1651878.664525
29617 1651882.299997
29616 1651884.117768
29615 1651885.935998
29610 1651895.033371
29605 1651904.134185
29604 1651905.954464
29596 1651920.516738
29593 1651925.977877
29585 1651940.542388
29577 1651955.107845
29576 1651956.928582
29575 1651958.749503
29570 1651967.855068
29569 1651969.677082
29565 1651976.965249
29563 1651980.612117
29562 1651982.436304
29561 1651984.260491
29560 1651986.084679
29554 1651997.034208
29553 1651998.859567
29551 1652002.511051
29549 1652006.162536
29547 1652009.814020
29545 1652013.465505
29543 1652017.117022
29541 1652020.768994
29540 1652022.596607
29539 1652024.424411
29538 1652026.252216
29533 1652035.391877
29531 1652039.048181
29527 1652046.361223
29524 1652051.847046
29521 1652057.335383
29518 1652062.824086
29516 1652066.483953
29513 1652071.976824
29510 1652077.469815
29509 1652079.301066
29506 1652084.798089
29505 1652086.630686
29502 1652092.130482
29501 1652093.963809
29499 1652097.631321
29498 1652099.466353
29496 1652103.137999
29490 1652114.153860
29487 1652119.663635
29484 1652125.173410
29481 1652130.683185
29478 1652136.192960
29475 1652141.702735
29472 1652147.212510
29470 1652150.886788
29468 1652154.562251
29460 1652169.266917
29457 1652174.781959
29455 1652178.460054
29454 1652180.299411
29453 1652182.138780
29449 1652189.497367
29448 1652191.337250
29447 1652193.177786
29442 1652202.380624
29439 1652207.902839
29436 1652213.425920
29435 1652215.266974
29434 1652217.108028
29433 1652218.949082
29432 1652220.790135
29430 1652224.473302
29426 1652231.841578
29423 1652237.369692
29420 1652242.898224
29419 1652244.741220
29418 1652246.585263
29416 1652250.274483
29413 1652255.808804
29412 1652257.653585
29411 1652259.498442
29408 1652265.033048
29405 1652270.568637
29403 1652274.261120
29401 1652277.954613
29399 1652281.649166
29398 1652283.496944
29395 1652289.045353
29393 1652292.744428
29391 1652296.445094
29386 1652305.697446
29382 1652313.099401
29379 1652318.650937
29373 1652329.756544
29372 1652331.607843
29371 1652333.459672
29370 1652335.312541
29365 1652344.577100
29363 1652348.283078
29362 1652350.136157
29360 1652353.842379
29358 1652357.549141
29357 1652359.402707
29354 1652364.963775
29353 1652366.818485
29351 1652370.528305
29350 1652372.383771
29349 1652374.239678
29348 1652376.096207
29346 1652379.809490
29342 1652387.237641
29340 1652390.952692
29339 1652392.810226
29336 1652398.384545
29332 1652405.818761
29328 1652413.254643
29327 1652415.113809
29325 1652418.832639
29323 1652422.551965
29321 1652426.272161
29320 1652428.133374
29317 1652433.721935
29316 1652435.584847
29315 1652437.447961
29314 1652439.311860
29313 1652441.175838
29310 1652446.769466
29307 1652452.363877
29303 1652459.823192
29301 1652463.555439
29298 1652469.155065
29297 1652471.021950
29296 1652472.888836
29290 1652484.092777
29288 1652487.828115
29286 1652491.563452
29284 1652495.298790
29282 1652499.034127
29280 1652502.770001
29277 1652508.374743
29275 1652512.111649
29274 1652513.980313
29272 1652517.718985
29271 1652519.588372
29270 1652521.457838
29264 1652532.680241
29262 1652536.421429
29258 1652543.904631
29253 1652553.260727
29251 1652557.003506
29248 1652562.617858
29247 1652564.489468
29246 1652566.361157
29245 1652568.233236
29241 1652575.723421
29240 1652577.595975
29239 1652579.468563
29237 1652583.214015
29235 1652586.960434
29234 1652588.833695
29233 1652590.707114
29232 1652592.580712
29231 1652594.454610
29228 1652600.077202
29227 1652601.951782
29225 1652605.704033
29221 1652613.209161
29220 1652615.085568
29215 1652624.468634
29213 1652628.222477
29212 1652630.099415
29209 1652635.730573
29208 1652637.607801
29203 1652646.995939
29201 1652650.751584
29200 1652652.629952
29197 1652658.265424
29191 1652669.538174
29190 1652671.417514
29189 1652673.297150
29188 1652675.177148
29186 1652678.937826
29185 1652680.818227
29181 1652688.342650
29177 1652695.867072
29175 1652699.633404
29173 1652703.399806
29172 1652705.283549
29169 1652710.937175
29168 1652712.822052
29164 1652720.362172
29163 1652722.247223
29159 1652729.790103
29155 1652737.333127
29154 1652739.220699
29153 1652741.108270
29152 1652742.997232
29151 1652744.886775
29150 1652746.776623
29144 1652758.119430
29143 1652760.010019
29141 1652763.791532
29136 1652773.245321
29132 1652780.810628
29129 1652786.485200
29126 1652792.160188
29123 1652797.836445
29122 1652799.728596
29119 1652805.406401
29116 1652811.087146
29114 1652814.875794
29112 1652818.664879
29110 1652822.454762
29108 1652826.246115
29106 1652830.039309
29105 1652831.936172
29104 1652833.833239
29102 1652837.629716
29101 1652839.528042
29098 1652845.223665
29097 1652847.122713
29096 1652849.022338
29087 1652866.120103
29086 1652868.019961
29085 1652869.919930
29084 1652871.819899
29082 1652875.620003
29080 1652879.420107
29079 1652881.320242
29078 1652883.220377
29077 1652885.120511
29075 1652888.920780
29074 1652890.820915
29073 1652892.721049
29072 1652894.621184
29071 1652896.521318
29070 1652898.421453
29069 1652900.321587
29068 1652902.221722
29067 1652904.121856
29066 1652906.021991
29065 1652907.922125
29064 1652909.822260
29063 1652911.722394
29062 1652913.622529
29061 1652915.522664
29060 1652917.422798
29059 1652919.322933
29058 1652921.223067
29057 1652923.123202
29056 1652925.023336
29055 1652926.923471
29054 1652928.823605
29053 1652930.723740
29052 1652932.623874
29051 1652934.524009
29050 1652936.424143
29049 1652938.324278
29048 1652940.224412
29047 1652942.124547
29046 1652944.024681
29045 1652945.924816
29044 1652947.824951
29043 1652949.725085
29042 1652951.625220
29039 1652957.335446
29037 1652961.143576
29025 1652983.998201
29023 1652987.807572
29021 1652991.618790
29015 1653003.054912
29013 1653006.867256
29012 1653008.773428
29009 1653014.492560
29008 1653016.399883
29000 1653031.659626
28998 1653035.475907
28994 1653043.111379
28991 1653048.838358
28987 1653056.474366
28982 1653066.020216
28979 1653071.748115
28977 1653075.567306
28975 1653079.387284
28972 1653085.121278
28968 1653092.766797
28966 1653096.590480
28962 1653104.237856
28961 1653106.149826
28960 1653108.061797
28955 1653117.623589
28952 1653123.360895
28949 1653129.099350
28947 1653132.927533
28946 1653134.842329
28942 1653142.503633
28941 1653144.419228
28936 1653153.997205
28932 1653161.659759
28928 1653169.323330
28927 1653171.239620
28926 1653173.155932
28925 1653175.072244
28924 1653176.988556
28923 1653178.904868
28922 1653180.821180
28920 1653184.654888
28915 1653194.239740
28914 1653196.156849
28913 1653198.074074
28912 1653199.993485
28909 1653205.751910
28908 1653207.671426
28907 1653209.591235
28905 1653213.430892
28901 1653221.111981
28888 1653246.082614
28886 1653249.924892
28884 1653253.768854
28882 1653257.613782
28876 1653269.148730
28875 1653271.071904
28869 1653282.611035
28864 1653292.227727
28861 1653297.997833
28860 1653299.921867
28859 1653301.846194
28855 1653309.546267
28851 1653317.248871
28847 1653324.952933
28845 1653328.808704
28843 1653332.667011
28842 1653334.596261
28837 1653344.243401
28835 1653348.104798
28834 1653350.036863
28832 1653353.903573
28829 1653359.703677
28826 1653365.503781
28823 1653371.303885
28818 1653380.972078
28815 1653386.773281
28814 1653388.707275
28812 1653392.576758
28809 1653398.381136
28808 1653400.315979
28805 1653406.120602
28804 1653408.055671
28803 1653409.990739
28802 1653411.925808
28801 1653413.860876
28800 1653415.795944
28799 1653417.731013
28798 1653419.666081
28797 1653421.601150
28796 1653423.536831
28794 1653427.409099
28792 1653431.281957
28791 1653433.218452
28790 1653435.155947
28785 1653444.848736
28779 1653456.485321
28777 1653460.364805
28775 1653464.244379
28768 1653477.825225
28765 1653483.645838
28761 1653491.409029
28760 1653493.350223
28755 1653503.059729
28754 1653505.002368
28753 1653506.945391
28750 1653512.776365
28748 1653516.666217
28747 1653518.612524
28746 1653520.558964
28745 1653522.507602
28744 1653524.457385
28743 1653526.407309
28741 1653530.307444
28739 1653534.207578
28737 1653538.107713
28733 1653545.907982
28731 1653549.808117
28729 1653553.708251
28727 1653557.608386
28725 1653561.508520
28723 1653565.408655
28719 1653573.208924
28717 1653577.109058
28715 1653581.009193
28713 1653584.909327
28711 1653588.809462
28709 1653592.709596
28707 1653596.609731
28705 1653600.509865
28703 1653604.410000
28701 1653608.310135
28699 1653612.210269
28697 1653616.110404
28695 1653620.010538
28693 1653623.910673
28689 1653631.710942
28687 1653635.611076
28685 1653639.511211
28683 1653643.411345
28681 1653647.311480
28679 1653651.211614
28678 1653653.161765
28677 1653655.111915
28676 1653657.062163
28672 1653664.864285
28671 1653666.815925
28670 1653668.767826
28669 1653670.719966
28668 1653672.672106
28667 1653674.624246
28666 1653676.576386
28665 1653678.528526
28664 1653680.480667
28661 1653686.337147
28659 1653690.246399
28657 1653694.158438
28656 1653696.114737
28655 1653698.071169
28651 1653705.897560
28646 1653715.680686
28645 1653717.637782
28642 1653723.510538
28637 1653733.298710
28635 1653737.214152
28633 1653741.129594
28632 1653743.087569
28630 1653747.003716
28628 1653750.921423
28626 1653754.839598
28623 1653760.718415
28617 1653772.476123
28614 1653778.355113
28609 1653788.155564
28604 1653797.960419
28602 1653801.883784
28599 1653807.769245
28598 1653809.731387
28597 1653811.693528
28596 1653813.655669
28595 1653815.619659
28594 1653817.584725
28593 1653819.549791
28589 1653827.410331
28587 1653831.340910
28586 1653833.306638
28580 1653845.101869
28578 1653849.034012
28575 1653854.932294
28574 1653856.898494
28572 1653860.831882
28568 1653868.698936
28562 1653880.505185
28559 1653886.409776
28558 1653888.378471
28552 1653900.192033
28551 1653902.162228
28549 1653906.103223
28548 1653908.073725
28546 1653912.016707
28544 1653915.960062
28542 1653919.904866
28540 1653923.850069
28538 1653927.795993
28536 1653931.741965
28535 1653933.715283
28532 1653939.636975
28529 1653945.560177
28525 1653953.465262
28524 1653955.442016
28523 1653957.418769
28522 1653959.395680
28520 1653963.350057
28518 1653967.304599
28517 1653969.282394
28515 1653973.238065
28511 1653981.149760
28508 1653987.084189
28507 1653989.062567
28505 1653993.020723
28504 1653995.000059
28502 1653998.960625
28498 1654006.890105
28496 1654010.858422
28490 1654022.764657
28488 1654026.733816
28485 1654032.689350
28481 1654040.631096
28473 1654056.524579
28471 1654060.498747
28466 1654070.435706
28465 1654072.423482
28461 1654080.374611
28458 1654086.338893
28457 1654088.326994
28453 1654096.284758
28449 1654104.244138
28445 1654112.203518
28438 1654126.135088
28436 1654130.115857
28431 1654140.068830
28428 1654146.042999
28427 1654148.034783
28424 1654154.010499
28419 1654163.971913
28417 1654167.959622
28416 1654169.954076
28415 1654171.948531
28414 1654173.943138
28413 1654175.938093
28412 1654177.933339
28411 1654179.929121
28410 1654181.926092
28409 1654183.923462
28405 1654191.913336
28403 1654195.909168
28399 1654203.901540
28397 1654207.898715
28395 1654211.895890
28393 1654215.893065
28392 1654217.891921
28389 1654223.889096
28387 1654227.888674
28386 1654229.888674
28384 1654233.888674
28383 1654235.888674
28382 1654237.888674
28381 1654239.888674
28380 1654241.888674
28379 1654243.888674
28378 1654245.888674
28377 1654247.888674
28376 1654249.888674
28375 1654251.888674
28374 1654253.888674
28373 1654255.888674
28371 1654259.888674
28370 1654261.888674
28368 1654265.888674
28367 1654267.888674
28366 1654269.888674
28365 1654271.888674
28363 1654275.888674
28362 1654277.888674
28360 1654281.888674
28359 1654283.888674
28358 1654285.888674
28357 1654287.888674
28356 1654289.888674
28355 1654291.888674
28354 1654293.888674
28353 1654295.888674
28352 1654297.888674
28350 1654301.888674
28349 1654303.888674
28348 1654305.888674
28347 1654307.888674
28346 1654309.888674
28345 1654311.888674
28344 1654313.888674
28343 1654315.888674
28342 1654317.888674
28341 1654319.888674
28340 1654321.888674
28339 1654323.888674
28338 1654325.888674
28337 1654327.888674
28335 1654331.888674
28334 1654333.888674
28333 1654335.888674
28332 1654337.888674
28331 1654339.888674
28330 1654341.888674
28329 1654343.888674
28328 1654345.888674
28327 1654347.888674
28326 1654349.888674
28325 1654351.888674
28324 1654353.888674
28322 1654357.888674
28320 1654361.888674
28319 1654363.888674
28317 1654367.888674
28315 1654371.888674
28314 1654373.888674
28313 1654375.888674
28312 1654377.888674
28311 1654379.888674
28310 1654381.888674
28309 1654383.888674
28308 1654385.888674
28307 1654387.888674
28306 1654389.888674
28305 1654391.888674
28304 1654393.888674
28303 1654395.888674
28302 1654397.888674
28301 1654399.888674
28300 1654401.888674
28299 1654403.888674
28298 1654405.888674
28297 1654407.888674
28296 1654409.888674
28294 1654413.888674
28293 1654415.888674
28292 1654417.888674
28291 1654419.888674
28290 1654421.888674
28289 1654423.888674
28288 1654425.888674
28287 1654427.888674
28286 1654429.888674
28285 1654431.888674
28284 1654433.888674
28283 1654435.888674
28282 1654437.888674
28281 1654439.888674
28280 1654441.888674
28279 1654443.888674
28278 1654445.888674
28277 1654447.888674
28276 1654449.888674
28275 1654451.888674
28274 1654453.888674
28273 1654455.888674
28272 1654457.888674
28271 1654459.888674
28269 1654463.888674
28268 1654465.888674
28267 1654467.888674
28263 1654475.888674
28262 1654477.888674
28261 1654479.888674
28260 1654481.888674
28259 1654483.888674
28258 1654485.888674
28257 1654487.888674
28256 1654489.888674
28255 1654491.888674
28254 1654493.888674
28253 1654495.888674
28252 1654497.888674
28251 1654499.888674
28250 1654501.888674
28249 1654503.888674
28248 1654505.888674
28247 1654507.888674
28246 1654509.888674
28245 1654511.888674
28244 1654513.888674
28243 1654515.888674
28242 1654517.888674
28241 1654519.888674
28240 1654521.888674
28239 1654523.888674
28238 1654525.888674
28237 1654527.888674
28236 1654529.888674
28235 1654531.888674
28234 1654533.888674
28233 1654535.888674
28229 1654543.888703
28227 1654547.891061
28226 1654549.892472
28219 1654563.910421
28218 1654565.913411
28217 1654567.916402
28216 1654569.919392
28215 1654571.922382
28214 1654573.925372
28212 1654577.931788
28210 1654581.938863
28207 1654587.952482
28205 1654591.962642
28204 1654593.968311
28203 1654595.974006
28202 1654597.981424
28201 1654599.988841
28200 1654601.997144
28199 1654604.006048
28197 1654608.024316
28196 1654610.034441
28195 1654612.044565
28194 1654614.054690
28193 1654616.064814
28189 1654624.108851
28188 1654626.120155
28185 1654632.154847
28181 1654640.204866
28169 1654664.355460
28168 1654666.368028
28166 1654670.393613
28164 1654674.419444
28162 1654678.445276
28160 1654682.471107
28158 1654686.496939
28154 1654694.548908
28152 1654698.575527
28148 1654706.631128
28145 1654712.672972
28142 1654718.714816
28140 1654722.742856
28139 1654724.757504
28138 1654726.772152
28137 1654728.786800
28136 1654730.801447
28134 1654734.830957
28132 1654738.861124
28131 1654740.876908
28130 1654742.892732
28129 1654744.908745
28128 1654746.924757
28126 1654750.956997
28123 1654757.005576
28120 1654763.054534
28119 1654765.070894
28117 1654769.104187
28116 1654771.120912
28111 1654781.206075
28109 1654785.240379
28103 1654797.344406
28102 1654799.362983
28099 1654805.420288
28096 1654811.477593
28092 1654819.554019
28089 1654825.612040
28086 1654831.670873
28085 1654833.690499
28084 1654835.710677
28083 1654837.730964
28081 1654841.772138
28079 1654845.813982
28077 1654849.855826
28066 1654872.087374
28064 1654876.131582
28061 1654882.198199
28057 1654890.287903
28056 1654892.310990
28055 1654894.334078
28054 1654896.357165
28053 1654898.380253
28052 1654900.403340
28051 1654902.426428
28050 1654904.449516
28049 1654906.472603
28043 1654918.611257
28041 1654922.657954
28038 1654928.731072
28036 1654932.780245
28035 1654934.805097
28034 1654936.829950
28031 1654942.906469
28029 1654946.958437
28026 1654953.037027
28023 1654959.119840
28022 1654961.147451
28019 1654967.231304
28018 1654969.260125
28016 1654973.318146
28014 1654977.377702
28013 1654979.407862
28012 1654981.438523
28011 1654983.469481
28007 1654991.596872
28006 1654993.628775
28005 1654995.661422
27995 1655015.989930
27990 1655026.156362
27987 1655032.256228
27985 1655036.324413
27984 1655038.358708
27981 1655044.462381
27979 1655048.532531
27976 1655054.637927
27975 1655056.673975
27971 1655064.822759
27968 1655070.935500
27967 1655072.973085
27965 1655077.048414
27960 1655087.238943
27954 1655099.468568
27952 1655103.545175
27949 1655109.660203
27948 1655111.699460
27945 1655117.819389
27943 1655121.903077
27942 1655123.944921
27940 1655128.028609
27939 1655130.070453
27938 1655132.112297
27937 1655134.154141
27936 1655136.195985
27935 1655138.237829
27934 1655140.279673
27933 1655142.321517
27932 1655144.363361
27931 1655146.405205
27930 1655148.447049
27929 1655150.488893
27928 1655152.530737
27927 1655154.572581
27926 1655156.614425
27925 1655158.656269
27924 1655160.698113
27923 1655162.740445
27921 1655166.825663
27919 1655170.911347
27917 1655174.997724
27916 1655177.040927
27915 1655179.084325
27913 1655183.171829
27910 1655189.303377
27908 1655193.391089
27906 1655197.481623
27902 1655205.662983
27900 1655209.755659
27898 1655213.848506
27896 1655217.941837
27895 1655219.988963
27892 1655226.137632
27891 1655228.187453
27889 1655232.287318
27887 1655236.387902
27884 1655242.538966
27882 1655246.643700
27881 1655248.696183
27879 1655252.804077
27876 1655258.967163
27875 1655261.022148
27872 1655267.187433
27871 1655269.242711
27870 1655271.297989
27869 1655273.353266
27868 1655275.408544
27867 1655277.463821
27866 1655279.519099
27865 1655281.574376
27864 1655283.629654
27860 1655291.851764
27858 1655295.964361
27857 1655298.020842
27854 1655304.191372
27851 1655310.361902
27848 1655316.532432
27847 1655318.589698
27845 1655322.704726
27841 1655330.935319
27839 1655335.051235
27832 1655349.458373
27830 1655353.574802
27829 1655355.633076
27827 1655359.752197
27825 1655363.875150
27823 1655367.998103
27821 1655372.121056
27819 1655376.244009
27817 1655380.369001
27816 1655382.432070
27814 1655386.558745
27811 1655392.748898
27810 1655394.813279
27805 1655405.137088
27804 1655407.202019
27803 1655409.266951
27802 1655411.331882
27801 1655413.397140
27800 1655415.462399
27797 1655421.659205
27796 1655423.725469
27794 1655427.859879
27793 1655429.927800
27791 1655434.064387
27790 1655436.132783
27789 1655438.201976
27788 1655440.271725
27786 1655444.413435
27784 1655448.555144
27782 1655452.696853
27780 1655456.838563
27778 1655460.980272
27776 1655465.121982
27774 1655469.263691
27772 1655473.405401
27770 1655477.547110
27768 1655481.688820
27766 1655485.830529
27764 1655489.972239
27762 1655494.113948
27760 1655498.255657
27758 1655502.397367
27754 1655510.680786
27752 1655514.822495
27750 1655518.964205
27749 1655521.035484
27748 1655523.106883
27746 1655527.250512
27745 1655529.323132
27743 1655533.469233
27739 1655541.762162
27735 1655550.055419
27733 1655554.203144
27731 1655558.351929
27729 1655562.501056
27726 1655568.725031
27722 1655577.026379
27720 1655581.177580
27718 1655585.329022
27710 1655601.936258
27708 1655606.088357
27706 1655610.242010
27705 1655612.319649
27703 1655616.476171
27701 1655620.633192
27700 1655622.712655
27699 1655624.792234
27698 1655626.871814
27697 1655628.951393
27696 1655631.030972
27695 1655633.110552
27694 1655635.190131
27693 1655637.269710
27692 1655639.349290
27690 1655643.509082
27689 1655645.589145
27687 1655649.749775
27682 1655660.152039
27678 1655668.475868
27675 1655674.722593
27674 1655676.804859
27672 1655680.969656
27669 1655687.218238
27668 1655689.301711
27666 1655693.469418
27664 1655697.637133
27663 1655699.721250
27661 1655703.889677
27658 1655710.143832
27655 1655716.398436
27654 1655718.483350
27649 1655728.908478
27647 1655733.079008
27645 1655737.249655
27639 1655749.766521
27637 1655753.938871
27635 1655758.111663
27632 1655764.372951
27630 1655768.553024
27629 1655770.643120
27627 1655774.824994
27625 1655779.007015
27624 1655781.099047
27623 1655783.192231
27621 1655787.379274
27616 1655797.849533
27615 1655799.943749
27610 1655810.420444
27608 1655814.612402
27607 1655816.708592
27606 1655818.805633
27602 1655827.195474
27598 1655835.586412
27597 1655837.684527
27595 1655841.883643
27592 1655848.182522
27590 1655852.381823
27589 1655854.481645
27588 1655856.581511
27587 1655858.681376
27586 1655860.781242
27585 1655862.881107
27584 1655864.980973
27583 1655867.080838
27582 1655869.180704
27581 1655871.280569
27580 1655873.380435
27579 1655875.480300
27578 1655877.580166
27577 1655879.680031
27576 1655881.779897
27575 1655883.879762
27574 1655885.979628
27573 1655888.079493
27572 1655890.179358
27571 1655892.279224
27570 1655894.379089
27569 1655896.478955
27568 1655898.578820
27567 1655900.678686
27566 1655902.778551
27565 1655904.878417
27564 1655906.978282
27563 1655909.078148
27562 1655911.178013
27561 1655913.277879
27560 1655915.377744
27557 1655921.678979
27553 1655930.081584
27546 1655944.787230
27543 1655951.091204
27542 1655953.193157
27536 1655965.805363
27534 1655970.010426
27533 1655972.113014
27530 1655978.421302
27529 1655980.524093
27527 1655984.729887
27525 1655988.936139
27524 1655991.039277
27523 1655993.143762
27519 1656001.562427
27518 1656003.670847
27516 1656007.887890
27515 1656009.996705
27511 1656018.434840
27507 1656026.873567
27506 1656028.983317
27502 1656037.422914
27501 1656039.532882
27500 1656041.643186
27498 1656045.864047
27497 1656047.974808
27496 1656050.085894
27492 1656058.530786
27490 1656062.754762
27487 1656069.091373
27484 1656075.428228
27483 1656077.542484
27482 1656079.657730
27479 1656086.003623
27478 1656088.121068
27477 1656090.239141
27475 1656094.475676
27474 1656096.593974
27473 1656098.712273
27471 1656102.949029
27469 1656107.185812
27468 1656109.304744
27466 1656113.542648
27465 1656115.662698
27464 1656117.782748
27461 1656124.148003
27460 1656126.269771
27457 1656132.636582
27455 1656136.881251
27454 1656139.003807
27448 1656151.743824
27447 1656153.867267
27443 1656162.361889
27440 1656168.735256
27437 1656175.108624
27436 1656177.233317
27435 1656179.358653
27432 1656185.735437
27431 1656187.861134
27429 1656192.112774
27426 1656198.490542
27423 1656204.871237
27421 1656209.125610
27420 1656211.253241
27418 1656215.510212
27417 1656217.640364
27416 1656219.770515
27412 1656228.296387
27410 1656232.561050
27409 1656234.694024
27407 1656238.961430
27406 1656241.095232
27404 1656245.362938
27400 1656253.902863
27399 1656256.037944
27398 1656258.173025
27397 1656260.308106
27396 1656262.443788
27392 1656270.986833
27388 1656279.531509
27384 1656288.078088
27382 1656292.352687
27381 1656294.490863
27377 1656303.044634
27376 1656305.183566
27374 1656309.463043
27371 1656315.882323
27368 1656322.304240
27367 1656324.445950
27366 1656326.587659
27365 1656328.729369
27364 1656330.871078
27363 1656333.012788
27362 1656335.154497
27361 1656337.296207
27360 1656339.437916
27358 1656343.721335
27357 1656345.863044
27356 1656348.004754
27355 1656350.146463
27354 1656352.288173
27353 1656354.429882
27351 1656358.713301
27350 1656360.855010
27349 1656362.996720
27348 1656365.138429
27347 1656367.280139
27346 1656369.421848
27345 1656371.563558
27344 1656373.705267
27343 1656375.846977
27342 1656377.988686
27341 1656380.130396
27340 1656382.272105
27339 1656384.413814
27338 1656386.555524
27337 1656388.697233
27336 1656390.838943
27335 1656392.980652
27334 1656395.122362
27333 1656397.264791
27331 1656401.551720
27330 1656403.695357
27327 1656410.126348
27325 1656414.413957
27323 1656418.702103
27321 1656422.990341
27320 1656425.134802
27319 1656427.279306
27317 1656431.570422
27311 1656444.443962
27308 1656450.880807
27306 1656455.172631
27304 1656459.466333
27302 1656463.760079
27298 1656472.347596
27297 1656474.494944
27295 1656478.789639
27293 1656483.084385
27292 1656485.233274
27290 1656489.531294
27289 1656491.680551
27285 1656500.278061
27284 1656502.427495
27276 1656519.627855
27275 1656521.778484
27272 1656528.230776
27269 1656534.683853
27268 1656536.835243
27267 1656538.986772
27266 1656541.138300
27265 1656543.289829
27264 1656545.441953
27262 1656549.747068
27259 1656556.206568
27256 1656562.666682
27244 1656588.516278
27241 1656594.981284
27238 1656601.446290
27237 1656603.601636
27236 1656605.758523
27235 1656607.915693
27232 1656614.387485
27231 1656616.545645
27228 1656623.026051
27224 1656631.668116
27223 1656633.828747
27222 1656635.989383
27221 1656638.150331
27216 1656648.960419
27215 1656651.122580
27214 1656653.284741
27211 1656659.774133
27208 1656666.264358
27205 1656672.754583
27202 1656679.244808
27196 1656692.225415
27195 1656694.389705
27192 1656700.884038
27189 1656707.381681
27185 1656716.045920
27183 1656720.378259
27182 1656722.544646
27179 1656729.044922
27178 1656731.212193
27177 1656733.379498
27174 1656739.881627
27173 1656742.049168
27165 1656759.391073
27164 1656761.559856
27163 1656763.728823
27161 1656768.066976
27160 1656770.237561
27158 1656774.579561
27155 1656781.092990
27148 1656796.291114
27147 1656798.462799
27143 1656807.149643
27142 1656809.321581
27141 1656811.493917
27138 1656818.013025
27134 1656826.710056
27132 1656831.058571
27130 1656835.407087
27128 1656839.755602
27126 1656844.104118
27124 1656848.452633
27122 1656852.801149
27120 1656857.149664
27118 1656861.498180
27116 1656865.846708
27111 1656876.722514
27110 1656878.898228
27109 1656881.074147
27108 1656883.250790
27104 1656891.957485
27103 1656894.134391
27102 1656896.311936
27100 1656900.669046
27099 1656902.848336
27096 1656909.389120
27095 1656911.569929
27094 1656913.750739
27092 1656918.115267
27089 1656924.664878
27088 1656926.848437
27087 1656929.031997
27084 1656935.582852
27079 1656946.501049
27077 1656950.869134
27074 1656957.421925
27072 1656961.793347
27070 1656966.166715
27066 1656974.917746
27063 1656981.481623
27062 1656983.669996
27057 1656994.613256
27055 1656998.990737
27049 1657012.124572
27046 1657018.692265
27044 1657023.072477
27040 1657031.834092
27037 1657038.408208
27036 1657040.601194
27034 1657044.990817
27032 1657049.381177
27030 1657053.771536
27028 1657058.161896
27027 1657060.357268
27021 1657073.534560
27020 1657075.730827
27019 1657077.927263
27017 1657082.321768
27014 1657088.914162
27011 1657095.506557
27010 1657097.704057
27008 1657102.099347
27005 1657108.693907
27003 1657113.095523
27002 1657115.296718
26999 1657121.900361
26998 1657124.102027
26996 1657128.505560
26995 1657130.707746
26994 1657132.909933
26992 1657137.314984
26991 1657139.517639
26989 1657143.923124
26984 1657154.937623
26983 1657157.141427
26982 1657159.347341
26980 1657163.759218
26977 1657170.378408
26976 1657172.585112
26975 1657174.791918
26962 1657203.481361
26961 1657205.688352
26955 1657218.933464
26954 1657221.141580
26953 1657223.352348
26950 1657229.984823
26949 1657232.195737
26948 1657234.406652
26947 1657236.617567
26946 1657238.828481
26945 1657241.039396
26944 1657243.250311
26943 1657245.461396
26938 1657256.517879
26936 1657260.940869
26933 1657267.579165
26932 1657269.792084
26928 1657278.646845
26925 1657285.287998
26922 1657291.929761
26919 1657298.571746
26918 1657300.785934
26917 1657303.000828
26914 1657309.646241
26912 1657314.079477
26911 1657316.296124
26907 1657325.163021
26904 1657331.814312
26901 1657338.466953
26899 1657342.906392
26895 1657351.787108
26892 1657358.447960
26891 1657360.668357
26890 1657362.888755
26888 1657367.329742
26886 1657371.770850
26882 1657380.654359
26880 1657385.096393
26879 1657387.318406
26878 1657389.540632
26876 1657393.987329
26871 1657405.104248
26868 1657411.775719
26866 1657416.228209
26863 1657422.913900
26862 1657425.142645
26861 1657427.371701
26858 1657434.060217
26857 1657436.289888
26856 1657438.519559
26855 1657440.749230
26854 1657442.978901
26848 1657456.357909
26846 1657460.818458
26845 1657463.048778
26844 1657465.279786
26843 1657467.512066
26841 1657471.977072
26839 1657476.442077
26838 1657478.675101
26835 1657485.377357
26833 1657489.846574
26830 1657496.554580
26828 1657501.026719
26826 1657505.499593
26823 1657512.209034
26820 1657518.918475
26819 1657521.155851
26816 1657527.871927
26814 1657532.349824
26810 1657541.307774
26809 1657543.548513
26806 1657550.271976
26805 1657552.513365
26804 1657554.754940
26803 1657556.996515
26802 1657559.238090
26801 1657561.479690
26800 1657563.721446
26799 1657565.963202
26798 1657568.204958
26796 1657572.689079
26794 1657577.173975
26793 1657579.416750
26790 1657586.145101
26788 1657590.631657
26787 1657592.875068
26786 1657595.119933
26781 1657606.345227
26779 1657610.835452
26777 1657615.325677
26773 1657624.306127
26769 1657633.291706
26768 1657635.538121
26767 1657637.784901
26766 1657640.031804
26764 1657644.526138
26759 1657655.764181
26757 1657660.261328
26755 1657664.758721
26752 1657671.505004
26749 1657678.251441
26744 1657689.496554
26742 1657693.998508
26739 1657700.753396
26736 1657707.508283
26733 1657714.263171
26730 1657721.018603
26726 1657730.027350
26725 1657732.280023
26721 1657741.292110
26720 1657743.545738
26719 1657745.799470
26718 1657748.053681
26714 1657757.073231
26713 1657759.329398
26711 1657763.842789
26708 1657770.613502
26703 1657781.902439
26702 1657784.161357
26701 1657786.420649
26700 1657788.679940
26699 1657790.939616
26695 1657799.979061
26689 1657813.542349
26679 1657836.156055
26675 1657845.201758
26673 1657849.725141
26671 1657854.250077
26668 1657861.037771
26666 1657865.562930
26665 1657867.826595
26662 1657874.619218
26659 1657881.411841
26656 1657888.204464
26654 1657892.733789
26652 1657897.263114
26650 1657901.792439
26648 1657906.321764
26646 1657910.851089
26644 1657915.380414
26642 1657919.909739
26640 1657924.439064
26639 1657926.703726
26638 1657928.968389
26636 1657933.497714
26634 1657938.027039
26632 1657942.556364
26630 1657947.085689
26628 1657951.615014
26626 1657956.144339
26624 1657960.673664
26620 1657969.739096
26619 1657972.005512
26617 1657976.540181
26615 1657981.074963
26614 1657983.342691
26610 1657992.417613
26608 1657996.955662
26607 1657999.226057
26606 1658001.497099
26603 1658008.310892
26600 1658015.124941
26598 1658019.668053
26594 1658028.757042
26589 1658040.124739
26585 1658049.220547
26584 1658051.494715
26582 1658056.044326
26581 1658058.319374
26578 1658065.148296
26575 1658071.978334
26574 1658074.255034
26570 1658083.364006
26569 1658085.642211
26568 1658087.920416
26564 1658097.034524
26562 1658101.593144
26560 1658106.153549
26556 1658115.277913
26553 1658122.123564
26551 1658126.687988
26547 1658135.818798
26542 1658147.236088
26532 1658170.073365
26531 1658172.357324
26530 1658174.641791
26525 1658186.068597
26522 1658192.925130
26520 1658197.496639
26515 1658208.930764
26513 1658213.504522
26512 1658215.791648
26509 1658222.658661
26506 1658229.526589
26505 1658231.817084
26504 1658234.107578
26503 1658236.398072
26502 1658238.688566
26501 1658240.979060
26499 1658245.561668
26495 1658254.728758
26492 1658261.606046
26489 1658268.483887
26486 1658275.361728
26483 1658282.239568
26478 1658293.703941
26477 1658295.997654
26475 1658300.586444
26472 1658307.469954
26466 1658321.236972
26465 1658323.531678
26462 1658330.416825
26459 1658337.303805
26457 1658341.896146
26452 1658353.378444
26450 1658357.971475
26447 1658364.861471
26444 1658371.753399
26438 1658385.540392
26437 1658387.838790
26429 1658406.226110
26427 1658410.823691
26424 1658417.720288
26421 1658424.616885
26418 1658431.513481
26415 1658438.410078
26412 1658445.306675
26410 1658449.905608
26409 1658452.205972
26408 1658454.506620
26407 1658456.807746
26406 1658459.108996
26403 1658466.012833
26401 1658470.615709
26397 1658479.824287
26396 1658482.126654
26395 1658484.429032
26392 1658491.337227
26390 1658495.942718
26388 1658500.548697
26387 1658502.851752
26384 1658509.762680
26380 1658518.982749
26379 1658521.288097
26375 1658530.514678
26371 1658539.742007
26370 1658542.048955
26368 1658546.664815
26367 1658548.973917
26364 1658555.902725
26363 1658558.214503
26359 1658567.462887
26358 1658569.775197
26354 1658579.026160
26352 1658583.652215
26351 1658585.965939
26347 1658595.229808
26346 1658597.545862
26341 1658609.128370
26338 1658616.078831
26335 1658623.029291
26334 1658625.346882
26329 1658636.935667
26323 1658650.845462
26319 1658660.119088
26317 1658664.756150
26315 1658669.393624
26310 1658680.991172
26308 1658685.631157
26307 1658687.951320
26305 1658692.592815
26304 1658694.913879
26303 1658697.236331
26301 1658701.884799
26300 1658704.209359
26299 1658706.534148
26298 1658708.858937
26293 1658720.484476
26292 1658722.811145
26291 1658725.137814
26290 1658727.464484
26288 1658732.118060
26285 1658739.098510
26282 1658746.080336
26280 1658750.735722
26279 1658753.066195
26277 1658757.728546
26272 1658769.384865
26271 1658771.716144
26270 1658774.047423
26269 1658776.378702
26268 1658778.709981
26267 1658781.043086
26266 1658783.376301
26264 1658788.043351
26263 1658790.377671
26259 1658799.716841
26257 1658804.387684
26255 1658809.058884
26253 1658813.730083
26251 1658818.401554
26249 1658823.073025
26248 1658825.409143
26244 1658834.756890
26243 1658837.094392
26240 1658844.106916
26237 1658851.119527
26231 1658865.146747
26229 1658869.824070
26226 1658876.840729
26224 1658881.520523
26223 1658883.860553
26222 1658886.200947
26221 1658888.541540
26216 1658900.245129
26214 1658904.928403
26208 1658918.988347
26207 1658921.331919
26205 1658926.019907
26204 1658928.364468
26203 1658930.709358
26201 1658935.399314
26199 1658940.089270
26197 1658944.779226
26195 1658949.469182
26193 1658954.159138
26191 1658958.849094
26189 1658963.539050
26188 1658965.884963
26179 1658986.998420
26176 1658994.036403
26169 1659010.466818
26167 1659015.161247
26164 1659022.204906
26159 1659033.944732
26156 1659040.990113
26155 1659043.338629
26154 1659045.687144
26153 1659048.035660
26152 1659050.384175
26151 1659052.732691
26150 1659055.081206
26149 1659057.429722
26148 1659059.778238
26146 1659064.475269
26145 1659066.823784
26144 1659069.172300
26143 1659071.520815
26142 1659073.869331
26141 1659076.217846
26140 1659078.566362
26139 1659080.914877
26138 1659083.263393
26137 1659085.611909
26136 1659087.960424
26135 1659090.308940
26134 1659092.657455
26133 1659095.005971
26132 1659097.354486
26131 1659099.703002
26130 1659102.051649
26129 1659104.401507
26128 1659106.751587
26126 1659111.453611
26123 1659118.509643
26122 1659120.862207
26119 1659127.922645
26117 1659132.631324
26111 1659146.761157
26107 1659156.184718
26106 1659158.540699
26103 1659165.612254
26100 1659172.684281
26098 1659177.401374
26096 1659182.120013
26095 1659184.479465
26093 1659189.199859
26092 1659191.561461
26090 1659196.285257
26088 1659201.010870
26086 1659205.739021
26084 1659210.467297
26083 1659212.831825
26082 1659215.196353
26081 1659217.560881
26080 1659219.925408
26076 1659229.384875
26067 1659250.670168
26066 1659253.036207
26064 1659257.768310
26062 1659262.501697
26059 1659269.602580
26057 1659274.336623
26055 1659279.073002
26051 1659288.546172
26050 1659290.914552
26043 1659307.502324
26041 1659312.242153
26035 1659326.476184
26034 1659328.849307
26033 1659331.223120
26031 1659335.972301
26025 1659350.223365
26024 1659352.600170
26022 1659357.355058
26020 1659362.109945
26017 1659369.242324
26012 1659381.141534
26009 1659388.281195
26008 1659390.661527
26003 1659402.565432
25999 1659412.092686
25998 1659414.476038
25995 1659421.627310
25992 1659428.781772
25990 1659433.552672
25989 1659435.938246
25986 1659443.095165
25980 1659457.415834
25979 1659459.803071
25978 1659462.190364
25977 1659464.577865
25975 1659469.353243
25974 1659471.741110
25973 1659474.130049
25972 1659476.520416
25966 1659490.865290
25964 1659495.647798
25963 1659498.039189
25960 1659505.215905
25959 1659507.608305
25957 1659512.393169
25954 1659519.572637
25953 1659521.965921
25952 1659524.359205
25951 1659526.752490
25950 1659529.146132
25946 1659538.721774
25944 1659543.510282
25938 1659557.882672
25935 1659565.069763
25934 1659567.465561
25929 1659579.444574
25927 1659584.238823
25926 1659586.637056
25922 1659596.231762
25921 1659598.630752
25920 1659601.029878
25915 1659613.029878
25912 1659620.232026
25911 1659622.633569
25910 1659625.035833
25909 1659627.438096
25908 1659629.840359
25907 1659632.242623
25905 1659637.047276
25900 1659649.061249
25898 1659653.869330
25893 1659665.892078
25890 1659673.106019
25889 1659675.511119
25887 1659680.322855
25885 1659685.134698
25880 1659697.164728
25877 1659704.384009
25874 1659711.603290
25871 1659718.822571
25870 1659721.229099
25869 1659723.635766
25868 1659726.042626
25867 1659728.449486
25866 1659730.856346
25865 1659733.263207
25864 1659735.670388
25863 1659738.077570
25862 1659740.484752
25860 1659745.301017
25857 1659752.529952
25854 1659759.762124
25853 1659762.173901
25850 1659769.412182
25849 1659771.825662
25847 1659776.653009
25845 1659781.482816
25844 1659783.898242
25841 1659791.145962
25839 1659795.979853
25837 1659800.814320
25835 1659805.648787
25833 1659810.483254
25831 1659815.317720
25825 1659829.821121
25823 1659834.655588
25820 1659841.908050
25816 1659851.581907
25815 1659854.001713
25811 1659863.686268
25806 1659875.793531
25805 1659878.215115
25802 1659885.481008
25800 1659890.326344
25798 1659895.171782
25796 1659900.019449
25795 1659902.443511
25794 1659904.868772
25791 1659912.147516
25790 1659914.573906
25788 1659919.428659
25786 1659924.283412
25784 1659929.138165
25782 1659933.992918
25780 1659938.847671
25778 1659943.702424
25776 1659948.557177
25774 1659953.411930
25772 1659958.266683
25770 1659963.121436
25768 1659967.976189
25766 1659972.830942
25764 1659977.685695
25762 1659982.540448
25760 1659987.395201
25758 1659992.249953
25756 1659997.104706
25754 1660001.959459
25752 1660006.814253
25750 1660011.671198
25748 1660016.528876
25746 1660021.387104
25743 1660028.676143
25741 1660033.536543
25738 1660040.827581
25737 1660043.258846
25736 1660045.691432
25734 1660050.557767
25733 1660052.991690
25730 1660060.295635
25729 1660062.730894
25723 1660077.344808
25719 1660087.089340
25712 1660104.142354
25711 1660106.578600
25710 1660109.015000
25707 1660116.324973
25705 1660121.198482
25703 1660126.072107
25700 1660133.385149
25697 1660140.698192
25696 1660143.136237
25694 1660148.013280
25692 1660152.890956
25690 1660157.768796
25689 1660160.208435
25688 1660162.648476
25683 1660174.849329
25681 1660179.729914
25679 1660184.610498
25677 1660189.491083
25675 1660194.371667
25673 1660199.252252
25671 1660204.132836
25666 1660216.335500
25663 1660223.658163
25662 1660226.099484
25661 1660228.540818
25659 1660233.424992
25658 1660235.867357
25657 1660238.309722
25656 1660240.752087
25655 1660243.194537
25652 1660250.521943
25649 1660257.855198
25647 1660262.746972
25645 1660267.639460
25640 1660279.875352
25637 1660287.217405
25636 1660289.665070
25635 1660292.112734
25634 1660294.560398
25633 1660297.008063
25631 1660301.904659
25627 1660311.702710
25626 1660314.152363
25624 1660319.051704
25621 1660326.401678
25617 1660336.201773
25615 1660341.103566
25614 1660343.554517
25610 1660353.358522
25606 1660363.162829
25605 1660365.613954
25604 1660368.065079
25603 1660370.516204
25599 1660380.322569
25596 1660387.678237
25594 1660392.582032
25591 1660399.941823
25590 1660402.395240
25589 1660404.849677
25588 1660407.304576
25587 1660409.760374
25586 1660412.216173
25585 1660414.672184
25584 1660417.129145
25581 1660424.505805
25578 1660431.882465
25575 1660439.261615
25571 1660449.101311
25570 1660451.562779
25567 1660458.947973
25566 1660461.410460
25561 1660473.723913
25559 1660478.650415
25556 1660486.041023
25552 1660495.896570
25550 1660500.825192
25547 1660508.218191
25546 1660510.682763
25542 1660520.545403
25541 1660523.011529
25536 1660535.345815
25534 1660540.279574
25533 1660542.747586
25531 1660547.684255
25529 1660552.620993
25526 1660560.026372
25524 1660564.963442
25523 1660567.432626
25514 1660589.655309
25513 1660592.124648
25511 1660597.063631
25507 1660606.945133
25506 1660609.415546
25504 1660614.356729
25503 1660616.827397
25502 1660619.298211
25499 1660626.713869
25498 1660629.186547
25496 1660634.131985
25495 1660636.605219
25493 1660641.552164
25492 1660644.027015
25490 1660648.977360
25488 1660653.929234
25487 1660656.405531
25486 1660658.882117
25485 1660661.358704
25484 1660663.835769
25480 1660673.745312
25478 1660678.701684
25474 1660688.619071
25470 1660698.537639
25469 1660701.017297
25467 1660705.977069
25463 1660715.900497
25462 1660718.382688
25461 1660720.865514
25454 1660738.245436
25452 1660743.211239
25450 1660748.177041
25449 1660750.660705
25446 1660758.113874
25443 1660765.567533
25440 1660773.021441
25439 1660775.506697
25438 1660777.991986
25437 1660780.478065
25436 1660782.965511
25434 1660787.940591
25430 1660797.892465
25428 1660802.868889
25426 1660807.846414
25424 1660812.824120
25422 1660817.803098
25418 1660827.762118
25417 1660830.252343
25416 1660832.742568
25415 1660835.232793
25414 1660837.723018
25413 1660840.213243
25412 1660842.703468
25411 1660845.193693
25410 1660847.683918
25409 1660850.174143
25408 1660852.664368
25407 1660855.154593
25406 1660857.644818
25399 1660875.078696
25396 1660882.551150
25394 1660887.533207
25391 1660895.006481
25386 1660907.462615
25383 1660914.938930
25380 1660922.416760
25379 1660924.910335
25377 1660929.898880
25375 1660934.887893
25373 1660939.878340
25372 1660942.373702
25371 1660944.869411
25370 1660947.365479
25369 1660949.861555
25365 1660959.846503
25363 1660964.840279
25362 1660967.337193
25358 1660977.325444
25356 1660982.320420
25352 1660992.314041
25351 1660994.812706
25348 1661002.316024
25347 1661004.818095
25345 1661009.823358
25344 1661012.327335
25340 1661022.349274
25336 1661032.371829
25334 1661037.384353
25333 1661039.891054
25331 1661044.905106
25328 1661052.428746
25325 1661059.953169
25322 1661067.477592
25319 1661075.002014
25318 1661077.510620
25307 1661105.110070
25305 1661110.129620
25303 1661115.149170
25298 1661127.698781
25297 1661130.209218
25296 1661132.719916
25294 1661137.741491
25293 1661140.252406
25290 1661147.785757
25287 1661155.319984
25286 1661157.831400
25285 1661160.342816
25278 1661177.926992
25277 1661180.439142
25274 1661187.975869
25272 1661193.001086
25269 1661200.541380
25265 1661210.595860
25263 1661215.624011
25257 1661230.708492
25255 1661235.736711
25253 1661240.765015
25250 1661248.310044
25249 1661250.825216
25248 1661253.340512
25247 1661255.856786
25243 1661265.925769
25242 1661268.443687
25241 1661270.961844
25240 1661273.480889
25239 1661276.000669
25238 1661278.520449
25235 1661286.082073
25233 1661291.123183
25231 1661296.164838
25229 1661301.208376
25223 1661316.339907
25219 1661326.429174
25217 1661331.474556
25212 1661344.090815
25211 1661346.615643
25208 1661354.192035
25200 1661374.396104
25198 1661379.449755
25193 1661392.088519
25192 1661394.616463
25191 1661397.144973
25189 1661402.202584
25188 1661404.731909
25187 1661407.261234
25186 1661409.790559
25185 1661412.319884
25184 1661414.849209
25183 1661417.378534
25182 1661419.907859
25181 1661422.437184
25180 1661424.966509
25179 1661427.495834
25178 1661430.025159
25177 1661432.554484
25176 1661435.083809
25175 1661437.613352
25174 1661440.143113
25173 1661442.672875
25170 1661450.263536
25169 1661452.794409
25161 1661473.043836
25159 1661478.109135
25155 1661488.240683
25154 1661490.773924
25153 1661493.307446
25143 1661518.647217
25142 1661521.181929
25140 1661526.252509
25139 1661528.788200
25131 1661549.075579
25128 1661556.684856
25120 1661576.983341
25118 1661582.059063
25114 1661592.218113
25112 1661597.298429
25109 1661604.921022
25101 1661625.254507
25100 1661627.796395
25099 1661630.338283
25098 1661632.880477
25097 1661635.422670
25095 1661640.507640
25094 1661643.050325
25092 1661648.136254
25090 1661653.222421
25088 1661658.308587
25086 1661663.394753
25084 1661668.480920
25082 1661673.570144
25079 1661681.205616
25076 1661688.841088
25073 1661696.476560
25070 1661704.112032
25067 1661711.747504
25066 1661714.293007
25065 1661716.838509
25064 1661719.384012
25063 1661721.929552
25061 1661727.021515
25059 1661732.114032
25056 1661739.756621
25055 1661742.305279
25050 1661755.048946
25049 1661757.597757
25046 1661765.249242
25043 1661772.900868
25042 1661775.451485
25041 1661778.002507
25039 1661783.106663
25038 1661785.658829
25032 1661800.971925
25031 1661803.524305
25030 1661806.077119
25028 1661811.182771
25027 1661813.737762
25026 1661816.292754
25023 1661823.959588
25022 1661826.517014
25020 1661831.633523
25019 1661834.192629
25017 1661839.310846
25014 1661846.990047
25011 1661854.669307
25008 1661862.348711
25004 1661872.589404
25003 1661875.149768
25002 1661877.710291
25001 1661880.271151
25000 1661882.832898
24997 1661890.519528
24993 1661900.770173
24992 1661903.333091
24990 1661908.460077
24989 1661911.023988
24988 1661913.588247
24987 1661916.152953
24986 1661918.718457
24984 1661923.850163
24981 1661931.547773
24980 1661934.113865
24977 1661941.813938
24974 1661949.514402
24973 1661952.081801
24972 1661954.649602
24971 1661957.217536
24970 1661959.785961
24969 1661962.354386
24964 1661975.197223
24960 1661985.476502
24957 1661993.186385
24956 1661995.757122
24955 1661998.327960
24953 1662003.470951
24951 1662008.616852
24950 1662011.190064
24948 1662016.338703
24946 1662021.488234
24944 1662026.640085
24940 1662036.944877
24939 1662039.521227
24938 1662042.097577
24932 1662057.557601
24929 1662065.288095
24925 1662075.597511
24918 1662093.643217
24917 1662096.221404
24916 1662098.799591
24913 1662106.534928
24909 1662116.848907
24905 1662127.163507
24903 1662132.324939
24898 1662145.231495
24894 1662155.556923
24893 1662158.139087
24889 1662168.468605
24884 1662181.380871
24877 1662199.461634
24874 1662207.210595
24870 1662217.546123
24869 1662220.130101
24868 1662222.714087
24865 1662230.466090
24864 1662233.050447
24862 1662238.219407
24860 1662243.392793
24856 1662253.743887
24854 1662258.919599
24852 1662264.095497
24847 1662277.035337
24846 1662279.624436
24845 1662282.213556
24843 1662287.392607
24839 1662297.752187
24838 1662300.342660
24837 1662302.934112
24834 1662310.709995
24831 1662318.485883
24826 1662331.446293
24825 1662334.040396
24822 1662341.823445
24819 1662349.608640
24816 1662357.393845
24815 1662359.990743
24809 1662375.574969
24807 1662380.769817
24803 1662391.161119
24801 1662396.358372
24799 1662401.555624
24797 1662406.752877
24795 1662411.950129
24793 1662417.147933
24791 1662422.347051
24788 1662430.146949
24785 1662437.947218
24782 1662445.747487
24779 1662453.547756
24776 1662461.348026
24772 1662471.753707
24771 1662474.356068
24769 1662479.560892
24767 1662484.766905
24763 1662495.183096
24759 1662505.599368
24757 1662510.809789
24755 1662516.020648
24751 1662526.447340
24749 1662531.663046
24742 1662549.920305
24741 1662552.528901
24737 1662562.965378
24736 1662565.574770
24734 1662570.794051
24733 1662573.405153
24732 1662576.016862
24730 1662581.241869
24729 1662583.854430
24725 1662594.306082
24719 1662609.984648
24718 1662612.598562
24717 1662615.212876
24716 1662617.828125
24715 1662620.443571
24714 1662623.059070
24713 1662625.675173
24712 1662628.291276
24709 1662636.140361
24708 1662638.757173
24707 1662641.374036
24705 1662646.611127
24702 1662654.466990
24697 1662667.563475
24695 1662672.802109
24693 1662678.041757
24692 1662680.661653
24691 1662683.281741
24690 1662685.902291
24688 1662691.143940
24681 1662709.496014
24679 1662714.741127
24676 1662722.609179
24672 1662733.103512
24671 1662735.727230
24670 1662738.350947
24669 1662740.974664
24668 1662743.602022
24663 1662756.739245
24661 1662761.994275
24660 1662764.621840
24658 1662769.878798
24657 1662772.508249
24653 1662783.029420
24650 1662790.920353
24647 1662798.812216
24645 1662804.073650
24644 1662806.705189
24640 1662817.232766
24638 1662822.497187
24637 1662825.129532
24635 1662830.395074
24634 1662833.027869
24628 1662848.829915
24624 1662859.366013
24623 1662862.001036
24618 1662875.181056
24615 1662883.090184
24612 1662891.002966
24610 1662896.279144
24609 1662898.917598
24605 1662909.471511
24602 1662917.389493
24600 1662922.671079
24599 1662925.311878
24596 1662933.236349
24595 1662935.878103
24594 1662938.519856
24593 1662941.161610
24592 1662943.803363
24591 1662946.445117
24590 1662949.086870
24589 1662951.728624
24586 1662959.654780
24585 1662962.297101
24583 1662967.582981
24577 1662983.441812
24574 1662991.371651
24573 1662994.015600
24571 1662999.303754
24568 1663007.236040
24566 1663012.525987
24564 1663017.815955
24559 1663031.042320
24558 1663033.687797
24556 1663038.979957
24555 1663041.627348
24552 1663049.570856
24551 1663052.218917
24546 1663065.466655
24545 1663068.116591
24543 1663073.416981
24541 1663078.717371
24540 1663081.367574
24539 1663084.018608
24535 1663094.629940
24532 1663102.589320
24529 1663110.551015
24527 1663115.859068
24525 1663121.167649
24523 1663126.476634
24522 1663129.131780
24521 1663131.786967
24520 1663134.442978
24518 1663139.756294
24516 1663145.073417
24513 1663153.050269
24512 1663155.709398
24507 1663169.007563
24506 1663171.667750
24502 1663182.308611
24499 1663190.290931
24497 1663195.619732
24495 1663200.948715
24491 1663211.612840
24490 1663214.279689
24487 1663222.284792
24485 1663227.622287
24484 1663230.291957
24483 1663232.962120
24482 1663235.632710
24478 1663246.315411
24475 1663254.330962
24469 1663270.368733
24462 1663289.084008
24461 1663291.757838
24457 1663302.456475
24454 1663310.484431
24452 1663315.836711
24450 1663321.189109
24446 1663331.894385
24445 1663334.570752
24444 1663337.248532
24443 1663339.927093
24442 1663342.606400
24439 1663350.644617
24438 1663353.324077
24437 1663356.003537
24434 1663364.047313
24430 1663374.776847
24425 1663388.191467
24422 1663396.240471
24420 1663401.607472
24416 1663412.343329
24413 1663420.395298
24410 1663428.448368
24406 1663439.189617
24405 1663441.876321
24402 1663449.940397
24400 1663455.317058
24394 1663471.448016
24393 1663474.136786
24389 1663484.892607
24386 1663492.959888
24385 1663495.649205
24384 1663498.338521
24383 1663501.028477
24382 1663503.718433
24381 1663506.408389
24380 1663509.098345
24379 1663511.788301
24378 1663514.478257
24377 1663517.168213
24376 1663519.858169
24373 1663527.928037
24372 1663530.617993
24371 1663533.307949
24369 1663538.687861
24367 1663544.069012
24364 1663552.142965
24363 1663554.835225
24361 1663560.219745
24358 1663568.296888
24357 1663570.989617
24353 1663581.761221
24351 1663587.147149
24348 1663595.227188
24344 1663606.001807
24342 1663611.389451
24341 1663614.083280
24340 1663616.777112
24336 1663627.553457
24335 1663630.249585
24326 1663654.518275
24325 1663657.215762
24322 1663665.309503
24319 1663673.404396
24317 1663678.801037
24315 1663684.197678
24312 1663692.296335
24311 1663694.995945
24309 1663700.397026
24308 1663703.097610
24306 1663708.499137
24305 1663711.201986
24303 1663716.607910
24302 1663719.310923
24299 1663727.424216
24296 1663735.538226
24294 1663740.948149
24292 1663746.358223
24288 1663757.182979
24285 1663765.304358
24281 1663776.133279
24278 1663784.257622
24275 1663792.382133
24273 1663797.798586
24272 1663800.506958
24270 1663805.923885
24265 1663819.472208
24263 1663824.892492
24260 1663833.023874
24257 1663841.161899
24256 1663843.874815
24255 1663846.587855
24250 1663860.154548
24249 1663862.868178
24247 1663868.297330
24245 1663873.727946
24243 1663879.158751
24242 1663881.874263
24241 1663884.589892
24236 1663898.177288
24230 1663914.483865
24229 1663917.202038
24227 1663922.643630
24224 1663930.806476
24222 1663936.250215
24221 1663938.973000
24218 1663947.143595
24216 1663952.593522
24214 1663958.043506
24212 1663963.495425
24211 1663966.221649
24202 1663990.766338
24201 1663993.493609
24199 1663998.950787
24196 1664007.141670
24193 1664015.333019
24192 1664018.063495
24191 1664020.795476
24190 1664023.527457
24189 1664026.259437
24188 1664028.991418
24186 1664034.455759
24185 1664037.188099
24182 1664045.385118
24181 1664048.118648
24179 1664053.588943
24178 1664056.325074
24175 1664064.539672
24174 1664067.278207
24171 1664075.495684
24167 1664086.457517
24166 1664089.198830
24164 1664094.682132
24163 1664097.424158
24160 1664105.652951
24157 1664113.881868
24156 1664116.625150
24155 1664119.368433
24153 1664124.855301
24151 1664130.342169
24149 1664135.829037
24145 1664146.802774
24142 1664155.039488
24140 1664160.531090
24138 1664166.024156
24135 1664174.267746
24131 1664185.261464
24121 1664212.750475
24118 1664220.999387
24117 1664223.749711
24115 1664229.250521
24111 1664240.254059
24107 1664251.257919
24105 1664256.760348
24103 1664262.263027
24101 1664267.766560
24100 1664270.518575
24099 1664273.270638
24098 1664276.023005
24097 1664278.777892
24096 1664281.532780
24095 1664284.287667
24094 1664287.042555
24092 1664292.552330
24091 1664295.307217
24090 1664298.062105
24089 1664300.816992
24088 1664303.571880
24086 1664309.081655
24085 1664311.836542
24083 1664317.346317
24082 1664320.101205
24081 1664322.856092
24080 1664325.610980
24079 1664328.365867
24078 1664331.120755
24077 1664333.875642
24076 1664336.630530
24075 1664339.385417
24074 1664342.140305
24073 1664344.895192
24072 1664347.650080
24071 1664350.404967
24070 1664353.159855
24069 1664355.914742
24068 1664358.669630
24064 1664369.689180
24062 1664375.198955
24061 1664377.953842
24060 1664380.708730
24059 1664383.463617
24058 1664386.218505
24057 1664388.973392
24056 1664391.728280
24055 1664394.483168
24053 1664399.992943
24052 1664402.747830
24051 1664405.502718
24050 1664408.257605
24049 1664411.012493
24048 1664413.767380
24047 1664416.522268
24046 1664419.277155
24045 1664422.032043
24044 1664424.786930
24042 1664430.296705
24041 1664433.051593
24040 1664435.806480
24038 1664441.316255
24037 1664444.071143
24036 1664446.826030
24035 1664449.580918
24033 1664455.090693
24032 1664457.845580
24031 1664460.600468
24030 1664463.355355
24029 1664466.110243
24028 1664468.865130
24027 1664471.620018
24026 1664474.374905
24025 1664477.129793
24024 1664479.884680
24023 1664482.639568
24022 1664485.394455
24020 1664490.904230
24019 1664493.659118
24018 1664496.414005
24017 1664499.168893
24016 1664501.923780
24015 1664504.678668
24014 1664507.433555
24013 1664510.188443
24012 1664512.943330
24011 1664515.698218
24010 1664518.453105
24008 1664523.962880
24007 1664526.717768
24006 1664529.472655
24005 1664532.227543
24004 1664534.982430
24003 1664537.737318
24002 1664540.492205
24000 1664546.001980
23999 1664548.756868
23998 1664551.511755
23997 1664554.266643
23996 1664557.021530
23995 1664559.776418
23994 1664562.531305
23993 1664565.286193
23992 1664568.041080
23991 1664570.795968
23990 1664573.550855
23989 1664576.305743
23988 1664579.060630
23987 1664581.815518
23986 1664584.570405
23985 1664587.325293
23984 1664590.080180
23983 1664592.835068
23982 1664595.589955
23981 1664598.344843
23980 1664601.099730
23978 1664606.609505
23977 1664609.364393
23975 1664614.874168
23974 1664617.629055
23973 1664620.383943
23972 1664623.138830
23971 1664625.893718
23970 1664628.648605
23969 1664631.403493
23968 1664634.158380
23967 1664636.913268
23966 1664639.668155
23965 1664642.423043
23964 1664645.177930
23963 1664647.932818
23962 1664650.687705
23961 1664653.442593
23960 1664656.197480
23959 1664658.952368
23958 1664661.707255
23957 1664664.462143
23956 1664667.217030
23955 1664669.971918
23954 1664672.726805
23952 1664678.236580
23950 1664683.746355
23948 1664689.258874
23947 1664692.017384
23946 1664694.775993
23944 1664700.293290
23936 1664722.377146
23934 1664727.900004
23932 1664733.424427
23931 1664736.187031
23930 1664738.950372
23927 1664747.241031
23925 1664752.769074
23924 1664755.533100
23922 1664761.061632
23919 1664769.355618
23915 1664780.415995
23914 1664783.181221
23910 1664794.248481
23908 1664799.782354
23907 1664802.549466
23903 1664813.619657
23899 1664824.690022
23898 1664827.459667
23896 1664833.000564
23892 1664844.082446
23891 1664846.853255
23890 1664849.624363
23888 1664855.166896
23885 1664863.481270
23882 1664871.797373
23878 1664882.888749
23876 1664888.435561
23872 1664899.529822
23871 1664902.303466
23870 1664905.077110
23868 1664910.624620
23866 1664916.172130
23864 1664921.720380
23863 1664924.495442
23860 1664932.824730
23855 1664946.706917
23853 1664952.260008
23850 1664960.591845
23848 1664966.147797
23846 1664971.704413
23844 1664977.261685
23839 1664991.161685
23838 1664993.941902
23836 1664999.502840
23835 1665002.283559
23834 1665005.064278
23833 1665007.844997
23832 1665010.625716
23831 1665013.406436
23830 1665016.187155
23829 1665018.967874
23828 1665021.748593
23827 1665024.529312
23825 1665030.090935
23823 1665035.653719
23821 1665041.217211
23819 1665046.782092
23818 1665049.565810
23816 1665055.133606
23814 1665060.701553
23813 1665063.486252
23811 1665069.058034
23809 1665074.629815
23805 1665085.773379
23800 1665099.712391
23794 1665116.446171
23792 1665122.024170
23791 1665124.814049
23790 1665127.603928
23789 1665130.394143
23788 1665133.184986
23787 1665135.976079
23785 1665141.561277
23781 1665152.733401
23780 1665155.526914
23779 1665158.322054
23778 1665161.118078
23776 1665166.711706
23774 1665172.305334
23773 1665175.102348
23770 1665183.495258
23768 1665189.091811
23767 1665191.891976
23764 1665200.294279
23763 1665203.095402
23758 1665217.107113
23757 1665219.910019
23756 1665222.714110
23751 1665236.750069
23750 1665239.557934
23748 1665245.176353
23745 1665253.608213
23743 1665259.231180
23742 1665262.043372
23741 1665264.855564
23740 1665267.668473
23739 1665270.481382
23738 1665273.294291
23737 1665276.107200
23735 1665281.734529
23734 1665284.548346
23732 1665290.176914
23730 1665295.806536
23727 1665304.251117
23722 1665318.327307
23721 1665321.142658
23720 1665323.958640
23717 1665332.407101
23716 1665335.223847
23715 1665338.040741
23714 1665340.857635
23713 1665343.674529
23712 1665346.491423
23710 1665352.126895
23708 1665357.762367
23706 1665363.397839
23705 1665366.215761
23703 1665371.854158
23700 1665380.313658
23693 1665400.053898
23689 1665411.337037
23686 1665419.803528
23685 1665422.625725
23684 1665425.448798
23683 1665428.271894
23681 1665433.918519
23680 1665436.742967
23678 1665442.391964
23675 1665450.866915
23674 1665453.692681
23672 1665459.344653
23670 1665464.996626
23668 1665470.648599
23666 1665476.300572
23664 1665481.952544
23662 1665487.604517
23660 1665493.258280
23659 1665496.087536
23658 1665498.916814
23654 1665510.234242
23653 1665513.066002
23652 1665515.898219
23651 1665518.730535
23648 1665527.228177
23645 1665535.725820
23641 1665547.057122
23640 1665549.890429
23639 1665552.724896
23638 1665555.559363
23637 1665558.393830
23636 1665561.228296
23635 1665564.062763
23634 1665566.897230
23633 1665569.731697
23632 1665572.566164
23631 1665575.400631
23630 1665578.235098
23629 1665581.069564
23628 1665583.904031
23620 1665606.584402
23619 1665609.419600
23617 1665615.090398
23613 1665626.434599
23609 1665637.779257
23603 1665654.796337
23601 1665660.468825
23600 1665663.305415
23598 1665668.979987
23597 1665671.818728
23596 1665674.658833
23594 1665680.340376
23591 1665688.862791
23588 1665697.386097
23586 1665703.069428
23583 1665711.596970
23580 1665720.129339
23579 1665722.973930
23578 1665725.818522
23577 1665728.663113
23574 1665737.203070
23573 1665740.050288
23570 1665748.594873
23567 1665757.140853
23564 1665765.688200
23563 1665768.538842
23562 1665771.389487
23561 1665774.240887
23560 1665777.092631
23559 1665779.944733
23550 1665805.614035
23549 1665808.468383
23547 1665814.177382
23545 1665819.893253
23544 1665822.753549
23543 1665825.614056
23541 1665831.335381
23539 1665837.058682
23538 1665839.920724
23536 1665845.644971
23534 1665851.370835
23532 1665857.098774
23530 1665862.826713
23528 1665868.554652
23526 1665874.282592
23524 1665880.010531
23522 1665885.739316
23519 1665894.335990
23515 1665905.804225
23513 1665911.539383
23512 1665914.407306
23511 1665917.275411
23510 1665920.143990
23508 1665925.881649
23502 1665943.095833
23500 1665948.835444
23499 1665951.705360
23498 1665954.576477
23497 1665957.448124
23494 1665966.064046
23492 1665971.813016
23491 1665974.687750
23490 1665977.562483
23483 1665997.690806
23478 1666012.074092
23477 1666014.951381
23476 1666017.828670
23474 1666023.583445
23473 1666026.461285
23472 1666029.339126
23471 1666032.216966
23470 1666035.094807
23469 1666037.972647
23468 1666040.850488
23467 1666043.728329
23466 1666046.606169
23465 1666049.484010
23464 1666052.361850
23463 1666055.239691
23462 1666058.118112
23459 1666066.754225
23457 1666072.515021
23454 1666081.157382
23448 1666098.445304
23445 1666107.089387
23443 1666112.852596
23441 1666118.616872
23439 1666124.385302
23437 1666130.153889
23436 1666133.038231
23432 1666144.576920
23431 1666147.461838
23428 1666156.118850
23426 1666161.890980
23425 1666164.777672
23422 1666173.440042
23421 1666176.327945
23420 1666179.217093
23417 1666187.886068
23416 1666190.775754
23415 1666193.665441
23414 1666196.555128
23412 1666202.335021
23409 1666211.008587
23404 1666225.470281
23402 1666231.255457
23400 1666237.046054
23399 1666239.942758
23398 1666242.839697
23397 1666245.736782
23396 1666248.633867
23395 1666251.530952
23392 1666260.222943
23390 1666266.019740
23389 1666268.918151
23387 1666274.715560
23385 1666280.513492
23382 1666289.210523
23379 1666297.907555
23378 1666300.806575
23377 1666303.705596
23374 1666312.402790
23369 1666326.899342
23366 1666335.598613
23362 1666347.198821
23360 1666352.998925
23358 1666358.799029
23356 1666364.599147
23355 1666367.499233
23353 1666373.299502
23350 1666382.000493
23348 1666387.801673
23346 1666393.604932
23345 1666396.509911
23344 1666399.414890
23343 1666402.321538
23341 1666408.136119
23337 1666419.768114
23334 1666428.492553
23332 1666434.309000
23330 1666440.126671
23329 1666443.037137
23328 1666445.949038
23327 1666448.861447
23326 1666451.775520
23321 1666466.351725
23319 1666472.186928
23318 1666475.105230
23313 1666489.697825
23305 1666513.046269
23304 1666515.965184
23298 1666533.479334
23297 1666536.398922
23295 1666542.238970
23294 1666545.159256
23286 1666568.523270
23285 1666571.444934
23281 1666583.145785
23280 1666586.072380
23278 1666591.925888
23277 1666594.853025
23273 1666606.563622
23272 1666609.493321
23271 1666612.424043
23268 1666621.217254
23266 1666627.083275
23264 1666632.952105
23262 1666638.820935
23260 1666644.689764
23258 1666650.562444
23255 1666659.375353
23253 1666665.252481
23251 1666671.130047
23249 1666677.008646
23246 1666685.826684
23245 1666688.766336
23241 1666700.525902
23240 1666703.466095
23237 1666712.288166
23236 1666715.228880
23232 1666726.992991
23229 1666735.820656
23224 1666750.534378
23222 1666756.421920
23219 1666765.257859
23218 1666768.203375
23217 1666771.149035
23213 1666782.937950
23211 1666788.832884
23210 1666791.783492
23207 1666800.637153
23206 1666803.589059
23205 1666806.541000
23203 1666812.445321
23200 1666821.303332
23199 1666824.256798
23195 1666836.071000
23193 1666841.978463
23192 1666844.932462
23190 1666850.842414
23188 1666856.752706
23179 1666883.349338
23178 1666886.306625
23177 1666889.264649
23174 1666898.140557
23173 1666901.099379
23172 1666904.058553
23170 1666909.982105
23169 1666912.944649
23166 1666921.833946
23165 1666924.797492
23164 1666927.762049
23160 1666939.620330
23158 1666945.550995
23157 1666948.516797
23156 1666951.482599
23155 1666954.448401
23154 1666957.414204
23153 1666960.380006
23152 1666963.345808
23151 1666966.311610
23147 1666978.178045
23145 1666984.112475
23143 1666990.048026
23141 1666995.984811
23139 1667001.922397
23138 1667004.891647
23125 1667043.492591
23119 1667061.315860
23116 1667070.229532
23115 1667073.200958
23113 1667079.144130
23112 1667082.117182
23110 1667088.063285
23107 1667096.982969
23106 1667099.956961
23105 1667102.931029
23104 1667105.905571
23101 1667114.835888
23098 1667123.770898
23097 1667126.749761
23096 1667129.728949
23093 1667138.667225
23092 1667141.648524
23091 1667144.629875
23087 1667156.559481
23085 1667162.524481
23084 1667165.507206
23077 1667186.388874
23074 1667195.344045
23071 1667204.301243
23067 1667216.248274
23064 1667225.209703
23063 1667228.197570
23062 1667231.185438
23061 1667234.173305
23060 1667237.161173
23059 1667240.153861
23058 1667243.147345
23057 1667246.141073
23055 1667252.129376
23051 1667264.111974
23045 1667282.088499
23039 1667300.069266
23037 1667306.066441
23034 1667315.065315
23030 1667327.065315
23028 1667333.065315
23023 1667348.070877
23021 1667354.074018
23020 1667357.076625
23019 1667360.080239
23018 1667363.083953
23017 1667366.088590
23016 1667369.093669
23015 1667372.099514
23013 1667378.111809
23010 1667387.131645
23007 1667396.152722
23006 1667399.160008
23004 1667405.175513
23003 1667408.184151
23002 1667411.193127
22999 1667420.222807
22997 1667426.242924
22993 1667438.290367
22992 1667441.302460
22986 1667459.381301
22982 1667471.436408
22980 1667477.466575
22979 1667480.482017
22978 1667483.497458
22977 1667486.512899
22976 1667489.528341
22972 1667501.591475
22969 1667510.640592
22968 1667513.657398
22967 1667516.674204
22965 1667522.710030
22962 1667531.765072
22960 1667537.803790
22959 1667540.823340
22958 1667543.842890
22957 1667546.862440
22955 1667552.902198
22954 1667555.922241
22953 1667558.942767
22951 1667564.983987
22949 1667571.025831
22947 1667577.067675
22945 1667583.109519
22943 1667589.151363
22941 1667595.193207
22939 1667601.235051
22937 1667607.276895
22935 1667613.318739
22933 1667619.360583
22931 1667625.402427
22929 1667631.444271
22928 1667634.466448
22925 1667643.535511
22924 1667646.559291
22922 1667652.607157
22920 1667658.656584
22918 1667664.706603
22916 1667670.757581
22915 1667673.783973
22914 1667676.810614
22912 1667682.866712
22911 1667685.895087
22909 1667691.952191
22908 1667694.980843
22907 1667698.009495
22905 1667704.066800
22901 1667716.181410
22899 1667722.239431
22897 1667728.297608
22895 1667734.358214
22892 1667743.449895
22891 1667746.481042
22889 1667752.543337
22888 1667755.577071
22884 1667767.714699
22882 1667773.783914
22881 1667776.819410
22879 1667782.891247
22878 1667785.928269
22877 1667788.965292
22875 1667795.041482
22870 1667810.237115
22868 1667816.315825
22865 1667825.434556
22862 1667834.555359
22860 1667840.636060
22857 1667849.757797
22856 1667852.798806
22854 1667858.883216
22853 1667861.925699
22852 1667864.968594
22850 1667871.054403
22847 1667880.183815
22845 1667886.270284
22843 1667892.358630
22842 1667895.403404
22841 1667898.448494
22840 1667901.493711
22838 1667907.586178
22829 1667935.008252
22828 1667938.055243
22827 1667941.102780
22826 1667944.150804
22818 1667968.536854
22817 1667971.585334
22814 1667980.731795
22810 1667992.930041
22808 1667999.029726
22805 1668008.179442
22803 1668014.279307
22802 1668017.330015
22800 1668023.432422
22799 1668026.483674
22798 1668029.537438
22795 1668038.698997
22794 1668041.753208
22793 1668044.808398
22792 1668047.863872
22788 1668060.087085
22787 1668063.143044
22784 1668072.312514
22780 1668084.542570
22778 1668090.657598
22777 1668093.717238
22776 1668096.776986
22775 1668099.838817
22774 1668102.900647
22773 1668105.962519
22771 1668112.087379
22768 1668121.275319
22766 1668127.401016
22765 1668130.464217
22762 1668139.657439
22758 1668151.915125
22756 1668158.045539
22755 1668161.110902
22752 1668170.311825
22748 1668182.585694
22747 1668185.654844
22746 1668188.724187
22744 1668194.863861
22743 1668197.934064
22742 1668201.004903
22740 1668207.147067
22737 1668216.361250
22735 1668222.504667
22733 1668228.648395
22731 1668234.796778
22730 1668237.873486
22727 1668247.108890
22717 1668277.897584
22709 1668302.537646
22704 1668317.937791
22703 1668321.017947
22701 1668327.179387
22700 1668330.260600
22698 1668336.423430
22693 1668351.833211
22689 1668364.164327
22687 1668370.329923
22686 1668373.414113
22684 1668379.584388
22682 1668385.754786
22680 1668391.925315
22678 1668398.095845
22677 1668401.181869
22676 1668404.268035
22675 1668407.354201
22674 1668410.440368
22673 1668413.526534
22672 1668416.612700
22671 1668419.698867
22670 1668422.785033
22669 1668425.871199
22668 1668428.957365
22667 1668432.043532
22666 1668435.129698
22664 1668441.302496
22663 1668444.388983
22659 1668456.735968
22654 1668472.170756
22651 1668481.432446
22649 1668487.607976
22648 1668490.697000
22647 1668493.787124
22639 1668518.515901
22637 1668524.698849
22636 1668527.792081
22635 1668530.885723
22633 1668537.073164
22630 1668546.358208
22627 1668555.643782
22623 1668568.024755
22618 1668583.503827
22617 1668586.601025
22613 1668598.993880
22611 1668605.190686
22610 1668608.289882
22609 1668611.389135
22606 1668620.687995
22604 1668626.888007
22603 1668629.988399
22601 1668636.191472
22600 1668639.293674
22599 1668642.397702
22598 1668645.505933
22597 1668648.614506
22596 1668651.723901
22592 1668664.161790
22589 1668673.490590
22584 1668689.043083
22581 1668698.377899
22579 1668704.601771
22577 1668710.825746
22576 1668713.938777
22573 1668723.277980
22572 1668726.391118
22571 1668729.504799
22570 1668732.618741
22569 1668735.732691
22566 1668745.077444
22564 1668751.307475
22563 1668754.423359
22562 1668757.541135
22558 1668770.012808
22557 1668773.130883
22555 1668779.369363
22554 1668782.489642
22550 1668794.982978
22547 1668804.357722
22545 1668810.608682
22544 1668813.734255
22543 1668816.860206
22541 1668823.112719
22540 1668826.238987
22537 1668835.618898
22536 1668838.745623
22533 1668848.129536
22532 1668851.257791
22531 1668854.386708
22529 1668860.645663
22527 1668866.906216
22526 1668870.037126
22523 1668879.430548
22520 1668888.825272
22519 1668891.957395
22517 1668898.222057
22515 1668904.486720
22514 1668907.619248
22513 1668910.756044
22511 1668917.031555
22509 1668923.311212
22505 1668935.871173
22504 1668939.012283
22502 1668945.295018
22501 1668948.437844
22500 1668951.581015
22499 1668954.725300
22498 1668957.871990
22494 1668970.460396
22491 1668979.902314
22487 1668992.492844
22484 1669001.936285
22483 1669005.084226
22482 1669008.234514
22481 1669011.385263
22479 1669017.687349
22477 1669023.990584
22474 1669033.446699
22471 1669042.905826
22468 1669052.368671
22467 1669055.525192
22464 1669064.996144
22463 1669068.153954
22460 1669077.628289
22457 1669087.105056
22455 1669093.423336
22453 1669099.742544
22451 1669106.062057
22449 1669112.386149
22446 1669121.873147
22444 1669128.198416
22442 1669134.523685
22433 1669162.993403
22429 1669175.647272
22428 1669178.811621
22424 1669191.470691
22420 1669204.130082
22418 1669210.461727
22417 1669213.627571
22416 1669216.794200
22413 1669226.296717
22412 1669229.464285
22410 1669235.801710
22409 1669238.973055
22408 1669242.145165
22407 1669245.317441
22406 1669248.490342
22405 1669251.663273
22404 1669254.836423
22403 1669258.009890
22402 1669261.183444
22401 1669264.357437
22397 1669277.056600
22396 1669280.231751
22395 1669283.406975
22392 1669292.933094
22391 1669296.109273
22388 1669305.638219
22380 1669331.054692
22379 1669334.232029
22378 1669337.410738
22377 1669340.589447
22375 1669346.947684
22374 1669350.127226
22373 1669353.306768
22368 1669369.211068
22366 1669375.574327
22365 1669378.756237
22362 1669388.306151
22357 1669404.223189
22355 1669410.590893
22354 1669413.776102
22352 1669420.146611
22350 1669426.518459
22348 1669432.891827
22346 1669439.265195
22344 1669445.638563
22343 1669448.825819
22342 1669452.013156
22341 1669455.201011
22335 1669474.342846
22334 1669477.533370
22333 1669480.724366
22332 1669483.916712
22329 1669493.497042
22328 1669496.690491
22327 1669499.884177
22323 1669512.659045
22322 1669515.854015
22319 1669525.440188
22318 1669528.635607
22316 1669535.026994
22313 1669544.614265
22311 1669551.006075
22310 1669554.202577
22309 1669557.399731
22308 1669560.596946
22307 1669563.794199
22306 1669566.991452
22305 1669570.188704
22304 1669573.385957
22303 1669576.583209
22302 1669579.780462
22300 1669586.175241
22298 1669592.571334
22297 1669595.769808
22295 1669602.170837
22293 1669608.572048
22291 1669614.973426
22290 1669618.174174
22289 1669621.375410
22288 1669624.577210
22286 1669630.981006
22285 1669634.185717
22284 1669637.390974
22277 1669659.835794
22274 1669669.456146
22272 1669675.870054
22269 1669685.493098
22268 1669688.701157
22267 1669691.909407
22266 1669695.118144
22265 1669698.326881
22262 1669707.957862
22261 1669711.168693
22259 1669717.592775
22253 1669736.865755
22252 1669740.078863
22248 1669752.931367
22247 1669756.146919
22245 1669762.579279
22244 1669765.795971
22241 1669775.447455
22239 1669781.881851
22236 1669791.534709
22234 1669797.971198
22233 1669801.190479
22232 1669804.409760
22231 1669807.629041
22224 1669830.166321
22223 1669833.386154
22220 1669843.055087
22217 1669852.724021
22214 1669862.397352
22213 1669865.622050
22206 1669888.204441
22205 1669891.430684
22201 1669904.338130
22199 1669910.797201
22197 1669917.258051
22194 1669926.949630
22189 1669943.103246
22186 1669952.796680
22181 1669968.953349
22179 1669975.418355
22177 1669981.883361
22175 1669988.348367
22174 1669991.581098
22171 1670001.281502
22170 1670004.515432
22168 1670010.984090
22167 1670014.219041
22165 1670020.689039
22164 1670023.924295
22163 1670027.160218
22161 1670033.632094
22159 1670040.104176
22157 1670046.576410
22155 1670053.049136
22153 1670059.524705
22149 1670072.478528
22148 1670075.717347
22147 1670078.957139
22146 1670082.197385
22144 1670088.678347
22140 1670101.640656
22137 1670111.363256
22135 1670117.845527
22132 1670127.569468
22125 1670150.265390
22124 1670153.507678
22123 1670156.749966
22121 1670163.236468
22117 1670176.210883
22111 1670195.675740
22109 1670202.164111
22106 1670211.898309
22105 1670215.143104
22104 1670218.388217
22103 1670221.633329
22101 1670228.123554
22100 1670231.368667
22099 1670234.613779
22098 1670237.858892
22097 1670241.104004
22096 1670244.349117
22095 1670247.594229
22093 1670254.084454
22092 1670257.329567
22089 1670267.064904
22087 1670273.555129
22086 1670276.800242
22085 1670280.045354
22084 1670283.290467
22083 1670286.535579
22082 1670289.780692
22081 1670293.025804
22080 1670296.270917
22078 1670302.761142
22077 1670306.006254
22076 1670309.251367
22075 1670312.496479
22073 1670318.986704
22072 1670322.231817
22071 1670325.476929
22070 1670328.722042
22068 1670335.212267
22067 1670338.457379
22066 1670341.702492
22065 1670344.947604
22064 1670348.192717
22063 1670351.437829
22062 1670354.682942
22061 1670357.928054
22060 1670361.173167
22059 1670364.418279
22058 1670367.663392
22057 1670370.908504
22056 1670374.153617
22055 1670377.398729
22054 1670380.643842
22053 1670383.888954
22052 1670387.134067
22051 1670390.379179
22050 1670393.624292
22049 1670396.869404
22048 1670400.114517
22045 1670409.850204
22042 1670419.587565
22039 1670429.325828
22036 1670439.071065
22035 1670442.319682
22033 1670448.817325
22030 1670458.564056
22028 1670465.063622
22026 1670471.565130
22024 1670478.067488
22023 1670481.320673
22020 1670491.080341
22018 1670497.587603
22016 1670504.096333
22014 1670510.606337
22012 1670517.117537
22011 1670520.374490
22008 1670530.148241
22005 1670539.923621
22004 1670543.183430
22003 1670546.443353
22001 1670552.963321
22000 1670556.224216
21998 1670562.746124
21997 1670566.008561
21996 1670569.272179
21995 1670572.535797
21987 1670598.649664
21983 1670611.707453
21982 1670614.973322
21980 1670621.506455
21975 1670637.840489
21974 1670641.107963
21973 1670644.375829
21969 1670657.450876
21962 1670680.334087
21961 1670683.605031
21960 1670686.875975
21958 1670693.418529
21955 1670703.232738
21954 1670706.505021
21953 1670709.778579
21952 1670713.052141
21951 1670716.325741
21945 1670735.972491
21944 1670739.246970
21943 1670742.522400
21941 1670749.073569
21939 1670755.624738
21937 1670762.179895
21934 1670772.017052
21933 1670775.297257
21932 1670778.577980
21929 1670788.422817
21926 1670798.270249
21923 1670808.121184
21922 1670811.406187
21913 1670840.975890
21911 1670847.548227
21910 1670850.835184
21909 1670854.122140
21908 1670857.409097
21907 1670860.696053
21906 1670863.983010
21905 1670867.269966
21904 1670870.556922
21903 1670873.843879
21902 1670877.130835
21900 1670883.704748
21899 1670886.991705
21898 1670890.278661
21897 1670893.565618
21895 1670900.139877
21894 1670903.427691
21893 1670906.716884
21891 1670913.295377
21890 1670916.584777
21888 1670923.166424
21884 1670936.330582
21883 1670939.621812
21880 1670949.496115
21879 1670952.788566
21877 1670959.373828
21876 1670962.668320
21869 1670985.735561
21867 1670992.327955
21862 1671008.819228
21861 1671012.117618
21860 1671015.416015
21859 1671018.714875
21858 1671022.013735
21857 1671025.312595
21856 1671028.612985
21855 1671031.913376
21854 1671035.213766
21853 1671038.514156
21852 1671041.814546
21849 1671051.719646
21846 1671061.626462
21845 1671064.928880
21844 1671068.231297
21843 1671071.533714
21834 1671101.257428
21832 1671107.867515
21831 1671111.173228
21829 1671117.785157
21827 1671124.399226
21826 1671127.707790
21821 1671144.254986
21819 1671150.874011
21818 1671154.184183
21811 1671177.361448
21807 1671190.607573
21806 1671193.919771
21805 1671197.233108
21800 1671213.802109
21795 1671230.372119
21793 1671237.004593
21791 1671243.637068
21788 1671253.586904
21787 1671256.904511
21786 1671260.222194
21784 1671266.858171
21780 1671280.131988
21778 1671286.769806
21777 1671290.088720
21776 1671293.408470
21773 1671303.367925
21772 1671306.687947
21769 1671316.649308
21768 1671319.970418
21767 1671323.291951
21766 1671326.613484
21760 1671346.550256
21758 1671353.196219
21757 1671356.519254
21755 1671363.165682
21754 1671366.489281
21753 1671369.813960
21749 1671383.118192
21746 1671393.096997
21741 1671409.728504
21738 1671419.712310
21737 1671423.040767
21734 1671433.029676
21732 1671439.690757
21731 1671443.021727
21722 1671473.014013
21720 1671479.681461
21719 1671483.016839
21717 1671489.688310
21716 1671493.024796
21713 1671503.034705
21708 1671519.721821
21707 1671523.060201
21705 1671529.738566
21701 1671543.097054
21698 1671553.119064
21696 1671559.800811
21695 1671563.142151
21691 1671576.511234
21690 1671579.854166
21689 1671583.197291
21688 1671586.540586
21670 1671646.722247
21668 1671653.409278
21666 1671660.097005
21664 1671666.785367
21660 1671680.162203
21657 1671690.195465
21653 1671703.578450
21652 1671706.924996
21648 1671720.315429
21646 1671727.010787
21644 1671733.709424
21643 1671737.059265
21642 1671740.410629
21640 1671747.115416
21638 1671753.820793
21634 1671767.234040
21633 1671770.587457
21632 1671773.940875
21627 1671790.708211
21615 1671830.951224
21613 1671837.660665
21612 1671841.016092
21610 1671847.731434
21606 1671861.162698
21604 1671867.880990
21603 1671871.240578
21602 1671874.600166
21601 1671877.960306
21600 1671881.320446
21597 1671891.400980
21594 1671901.481898
21590 1671914.926680
21588 1671921.649796
21586 1671928.373499
21585 1671931.736869
21583 1671938.466899
21581 1671945.197052
21580 1671948.563493
21576 1671962.031737
21575 1671965.399566
21573 1671972.137390
21572 1671975.508607
21571 1671978.882341
21570 1671982.258497
21569 1671985.635409
21568 1671989.012581
21565 1671999.144129
21564 1672002.521787
21563 1672005.900797
21560 1672016.039156
21558 1672022.798299
21554 1672036.316631
21553 1672039.697191
21552 1672043.078690
21549 1672053.223780
21548 1672056.606005
21546 1672063.370889
21544 1672070.136812
21541 1672080.285919
21539 1672087.055174
21534 1672103.981052
21533 1672107.366340
21532 1672110.752673
21531 1672114.139902
21530 1672117.527264
21529 1672120.914626
21526 1672131.077793
21523 1672141.241612
21522 1672144.630972
21521 1672148.020652
21516 1672164.974507
21515 1672168.365360
21513 1672175.147868
21511 1672181.930377
21508 1672192.104205
21503 1672209.060998
21501 1672215.843933
21499 1672222.629588
21497 1672229.416920
21494 1672239.598170
21493 1672242.992232
21491 1672249.780663
21490 1672253.177304
21489 1672256.573945
21488 1672259.970586
21487 1672263.367227
21486 1672266.763868
21485 1672270.160509
21484 1672273.557151
21483 1672276.953792
21482 1672280.350433
21479 1672290.540725
21477 1672297.335960
21474 1672307.531189
21471 1672317.727563
21470 1672321.127412
21467 1672331.328847
21464 1672341.531031
21462 1672348.333737
21460 1672355.136484
21458 1672361.941561
21457 1672365.344504
21456 1672368.747490
21454 1672375.554364
21453 1672378.958768
21451 1672385.770275
21450 1672389.178309
21449 1672392.588218
21448 1672395.998128
21447 1672399.408037
21446 1672402.817947
21445 1672406.227857
21443 1672413.048117
21442 1672416.459756
21440 1672423.283382
21437 1672433.520815
21436 1672436.934024
21430 1672457.417977
21429 1672460.832192
21427 1672467.661440
21426 1672471.077082
21424 1672477.908450
21423 1672481.325176
21421 1672488.158830
21420 1672491.576051
21417 1672501.828162
21416 1672505.247173
21415 1672508.666213
21412 1672518.923892
21410 1672525.764220
21408 1672532.606281
21405 1672542.870749
21402 1672553.137048
21400 1672559.982219
21398 1672566.828179
21397 1672570.251806
21395 1672577.100396
21391 1672590.798056
21390 1672594.223617
21389 1672597.652283
21388 1672601.080949
21387 1672604.509615
21386 1672607.938281
21383 1672618.224382
21381 1672625.082060
21378 1672635.368676
21376 1672642.226724
21374 1672649.085850
21373 1672652.518577
21372 1672655.951519
21371 1672659.384644
21370 1672662.818213
21367 1672673.119004
21365 1672679.987271
21359 1672700.593996
21356 1672710.899387
21354 1672717.770639
21353 1672721.206475
21352 1672724.642388
21351 1672728.078303
21349 1672734.950505
21348 1672738.387713
21347 1672741.825070
21346 1672745.263123
21345 1672748.701645
21343 1672755.578835
21341 1672762.456676
21339 1672769.334516
21337 1672776.212357
21335 1672783.090197
21333 1672789.968038
21331 1672796.845878
21329 1672803.723719
21326 1672814.040672
21325 1672817.479904
21324 1672820.919186
21322 1672827.799339
21321 1672831.239513
21319 1672838.120278
21316 1672848.442267
21314 1672855.327874
21312 1672862.214310
21308 1672875.988747
21305 1672886.325630
21302 1672896.662896
21300 1672903.558309
21298 1672910.453757
21296 1672917.350354
21294 1672924.246951
21292 1672931.143548
21290 1672938.040145
21289 1672941.491798
21288 1672944.944095
21287 1672948.396732
21285 1672955.303949
21284 1672958.759255
21283 1672962.215481
21282 1672965.671908
21280 1672972.584762
21278 1672979.501650
21276 1672986.421335
21274 1672993.341019
21273 1672996.801277
21270 1673007.183593
21269 1673010.644438
21267 1673017.567374
21264 1673027.954510
21262 1673034.879548
21259 1673045.267508
21256 1673055.656479
21251 1673072.982855
21250 1673076.448703
21247 1673086.850989
21246 1673090.320077
21243 1673100.729041
21242 1673104.199239
21241 1673107.669938
21239 1673114.611716
21235 1673128.496438
21232 1673138.910605
21230 1673145.855719
21226 1673159.748119
21222 1673173.641265
21221 1673177.115024
21220 1673180.589715
21217 1673191.015691
21215 1673197.966845
21214 1673201.442606
21206 1673229.255225
21203 1673239.686428
21202 1673243.164777
21201 1673246.644133
21198 1673257.082695
21195 1673267.526647
21193 1673274.491779
21191 1673281.457029
21189 1673288.423081
21188 1673291.907821
21187 1673295.393728
21186 1673298.880596
21185 1673302.367464
21184 1673305.854473
21183 1673309.342639
21181 1673316.320297
21180 1673319.809176
21179 1673323.300419
21177 1673330.283586
21173 1673344.258371
21171 1673351.247095
21169 1673358.237018
21167 1673365.227190
21158 1673396.685938
21154 1673410.669008
21153 1673414.165359
21152 1673417.662327
21151 1673421.159424
21145 1673442.144711
21142 1673452.639566
21140 1673459.636452
21136 1673473.632987
21134 1673480.632773
21132 1673487.632954
21131 1673491.133839
21130 1673494.635164
21127 1673505.144697
21126 1673508.648621
21122 1673522.669187
21121 1673526.174853
21120 1673529.680520
21119 1673533.186186
21118 1673536.691852
21114 1673550.716210
21113 1673554.222410
21111 1673561.234934
21109 1673568.248044
21108 1673571.757801
21105 1673582.287126
21104 1673585.798385
21102 1673592.822224
21101 1673596.334248
21098 1673606.872698
21096 1673613.900341
21091 1673631.473034
21090 1673634.988432
21088 1673642.022887
21087 1673645.540295
21086 1673649.057795
21085 1673652.576440
21081 1673666.653060
21079 1673673.692125
21078 1673677.212072
21075 1673687.772208
21074 1673691.292832
21072 1673698.334794
21069 1673708.898183
21067 1673715.945102
21065 1673722.992168
21063 1673730.039537
21061 1673737.087908
21060 1673740.612331
21059 1673744.136754
21058 1673747.661177
21055 1673758.235436
21051 1673772.342200
21049 1673779.396604
21047 1673786.451307
21046 1673789.978888
21044 1673797.038787
21042 1673804.098687
21041 1673807.628858
21038 1673818.222379
21036 1673825.289525
21035 1673828.825001
21033 1673835.897029
21032 1673839.433416
21029 1673850.042860
21025 1673864.189388
21023 1673871.263044
21020 1673881.874945
21019 1673885.412341
21016 1673896.026521
21013 1673906.640851
21011 1673913.719071
21009 1673920.798327
21007 1673927.877625
21006 1673931.417515
21004 1673938.503279
21001 1673949.132413
20997 1673963.304748
20988 1673995.210125
20987 1673998.755893
20983 1674012.944816
20977 1674034.231628
20976 1674037.779867
20975 1674041.328742
20974 1674044.877682
20973 1674048.427671
20971 1674055.528653
20967 1674069.731309
20962 1674087.494340
20960 1674094.600526
20957 1674105.260471
20956 1674108.814244
20955 1674112.368264
20953 1674119.480644
20951 1674126.594984
20949 1674133.709994
20948 1674137.267812
20944 1674151.502588
20942 1674158.623779
20941 1674162.184376
20934 1674187.111629
20933 1674190.672921
20931 1674197.799088
20929 1674204.925583
20925 1674219.180366
20924 1674222.744233
20923 1674226.308428
20919 1674240.565980
20916 1674251.263824
20913 1674261.962062
20911 1674269.098211
20909 1674276.235186
20908 1674279.805567
20907 1674283.376151
20905 1674290.518171
20903 1674297.660841
20902 1674301.232623
20901 1674304.804404
20900 1674308.376186
20899 1674311.947968
20896 1674322.672701
20894 1674329.825121
20893 1674333.401512
20892 1674336.977904
20890 1674344.132574
20887 1674354.865244
20885 1674362.022163
20881 1674376.336457
20877 1674390.651455
20876 1674394.230612
20872 1674408.559094
20867 1674426.470481
20866 1674430.053424
20862 1674444.387639
20860 1674451.555038
20858 1674458.723720
20857 1674462.308588
20855 1674469.481162
20854 1674473.069752
20851 1674483.838072
20847 1674498.196505
20845 1674505.376288
20844 1674508.966389
20841 1674519.738468
20840 1674523.329321
20838 1674530.512962
20836 1674537.697103
20835 1674541.289602
20831 1674555.660154
20829 1674562.846448
20826 1674573.630292
20825 1674577.224987
20823 1674584.414451
20819 1674598.798173
20816 1674609.586042
20814 1674616.778220
20813 1674620.375401
20812 1674623.973138
20811 1674627.570874
20810 1674631.169884
20807 1674641.967400
20805 1674649.166227
20804 1674652.767445
20802 1674659.971586
20797 1674677.987053
20796 1674681.591157
20793 1674692.405381
20792 1674696.010597
20786 1674717.642133
20784 1674724.855853
20783 1674728.465187
20782 1674732.074828
20781 1674735.684468
20780 1674739.294109
20779 1674742.903749
20778 1674746.513390
20777 1674750.123030
20775 1674757.342311
20774 1674760.951951
20773 1674764.561592
20772 1674768.171232
20771 1674771.780873
20770 1674775.390513
20769 1674779.000154
20768 1674782.609794
20767 1674786.219435
20766 1674789.829075
20765 1674793.438716
20763 1674800.657997
20762 1674804.267637
20761 1674807.877278
20760 1674811.486918
20759 1674815.096559
20758 1674818.706199
20757 1674822.315840
20756 1674825.925480
20755 1674829.535120
20754 1674833.144761
20753 1674836.754401
20752 1674840.364042
20751 1674843.973682
20750 1674847.583323
20749 1674851.192963
20748 1674854.802604
20747 1674858.412244
20746 1674862.021885
20745 1674865.631525
20744 1674869.241166
20743 1674872.850806
20740 1674883.679728
20739 1674887.289368
20738 1674890.899009
20734 1674905.342211
20726 1674934.243435
20725 1674937.857568
20724 1674941.472544
20721 1674952.324025
20719 1674959.559266
20714 1674977.650893
20712 1674984.887984
20711 1674988.506672
20710 1674992.126035
20709 1674995.746121
20707 1675002.988207
20705 1675010.233320
20703 1675017.482541
20701 1675024.731774
20699 1675031.982087
20698 1675035.607870
20696 1675042.859514
20695 1675046.485942
20693 1675053.739207
20692 1675057.366297
20691 1675060.993387
20690 1675064.623313
20689 1675068.253240
20688 1675071.887303
20687 1675075.522436
20683 1675090.066396
20678 1675108.249373
20677 1675111.886633
20673 1675126.447358
20672 1675130.089541
20670 1675137.375173
20668 1675144.662126
20667 1675148.305730
20666 1675151.949914
20665 1675155.594654
20664 1675159.240985
20663 1675162.887612
20662 1675166.535686
20659 1675177.480233
20657 1675184.779093
20656 1675188.428635
20655 1675192.078340
20653 1675199.377932
20651 1675206.677524
20650 1675210.328705
20649 1675213.980190
20648 1675217.631674
20647 1675221.283159
20646 1675224.935131
20645 1675228.587104
20644 1675232.239077
20643 1675235.891650
20641 1675243.197678
20639 1675250.504651
20638 1675254.158161
20637 1675257.812560
20634 1675268.776563
20633 1675272.431305
20630 1675283.396824
20627 1675294.364264
20623 1675308.988867
20621 1675316.301990
20616 1675334.587863
20614 1675341.904543
20612 1675349.223187
20610 1675356.543341
20608 1675363.866142
20607 1675367.527613
20605 1675374.852305
20603 1675382.176997
20600 1675393.167927
20598 1675400.495883
20597 1675404.160910
20591 1675426.169484
20589 1675433.506980
20585 1675448.189107
20584 1675451.860016
20583 1675455.531662
20582 1675459.204330
20580 1675466.549881
20578 1675473.896055
20575 1675484.915605
20572 1675495.937111
20570 1675503.290827
20569 1675506.967765
20568 1675510.647048
20566 1675518.006587
20564 1675525.368129
20562 1675532.730468
20561 1675536.412568
20560 1675540.094676
20558 1675547.459211
20556 1675554.823795
20552 1675569.555603
20550 1675576.923577
20548 1675584.294057
20547 1675587.979748
20545 1675595.355335
20543 1675602.731995
20542 1675606.421163
20540 1675613.800076
20539 1675617.491149
20536 1675628.566652
20535 1675632.258707
20532 1675643.335927
20530 1675650.721120
20528 1675658.106746
20522 1675680.282264
20519 1675691.374769
20518 1675695.075764
20517 1675698.777915
20512 1675717.289393
20511 1675720.993118
20510 1675724.696879
20505 1675743.219257
20504 1675746.924222
20503 1675750.629222
20502 1675754.334280
20499 1675765.457112
20492 1675791.415505
20491 1675795.126436
20490 1675798.838877
20486 1675813.689646
20484 1675821.117990
20481 1675832.260668
20478 1675843.404231
20477 1675847.119025
20476 1675850.834104
20475 1675854.551804
20472 1675865.712045
20468 1675880.599077
20466 1675888.043920
20465 1675891.768726
20464 1675895.493531
20463 1675899.219345
20462 1675902.945614
20461 1675906.672064
20460 1675910.399324
20459 1675914.126708
20458 1675917.854647
20457 1675921.582586
20456 1675925.311184
20454 1675932.770018
20453 1675936.499504
20451 1675943.958599
20450 1675947.688882
20447 1675958.881121
20446 1675962.611968
20445 1675966.343470
20442 1675977.540170
20440 1675985.007327
20439 1675988.741199
20438 1675992.475646
20433 1676011.147998
20431 1676018.617887
20430 1676022.353225
20429 1676026.088562
20428 1676029.823900
20427 1676033.559237
20426 1676037.294575
20425 1676041.029912
20424 1676044.765250
20423 1676048.500587
20422 1676052.237301
20419 1676063.450020
20414 1676082.141494
20412 1676089.621188
20411 1676093.361648
20409 1676100.844050
20406 1676112.070268
20401 1676130.785249
20398 1676142.015549
20395 1676153.246115
20394 1676156.991163
20393 1676160.737736
20390 1676171.978781
20388 1676179.475144
20387 1676183.223714
20386 1676186.972478
20382 1676201.968406
20380 1676209.466486
20378 1676216.965202
20374 1676231.963966
20369 1676250.713548
20367 1676258.215693
20366 1676261.967183
20365 1676265.719372
20363 1676273.223761
20362 1676276.978364
20361 1676280.733872
20357 1676295.766194
20354 1676307.043974
20353 1676310.803484
20351 1676318.322981
20348 1676329.604028
20346 1676337.125164
20345 1676340.886511
20344 1676344.647927
20342 1676352.172349
20340 1676359.696772
20336 1676374.745618
20334 1676382.270041
20333 1676386.032793
20330 1676397.326213
20329 1676401.091405
20325 1676416.155038
20321 1676431.219074
20320 1676434.985826
20318 1676442.519676
20316 1676450.054266
20315 1676453.821677
20314 1676457.589089
20313 1676461.356500
20311 1676468.896457
20309 1676476.437171
20307 1676483.982109
20306 1676487.755122
20302 1676502.848820
20300 1676510.396891
20299 1676514.170942
20298 1676517.944993
20297 1676521.719330
20296 1676525.493668
20295 1676529.268105
20294 1676533.042558
20285 1676567.021657
20284 1676570.797659
20282 1676578.351444
20280 1676585.907653
20276 1676601.024267
20272 1676616.142281
20271 1676619.923060
20269 1676627.486802
20267 1676635.055204
20265 1676642.625579
20261 1676657.766902
20259 1676665.339034
20258 1676669.126185
20256 1676676.702057
20252 1676691.869719
20251 1676695.662408
20250 1676699.455948
20246 1676714.634980
20245 1676718.430313
20244 1676722.227239
20243 1676726.024418
20241 1676733.619104
20237 1676748.810919
20235 1676756.408148
20234 1676760.206971
20233 1676764.006175
20232 1676767.806445
20231 1676771.606714
20229 1676779.209268
20227 1676786.811823
20226 1676790.613837
20225 1676794.416956
20220 1676813.433368
20219 1676817.237287
20218 1676821.045304
20217 1676824.854242
20214 1676836.283421
20213 1676840.095389
20208 1676859.164049
20206 1676866.791732
20202 1676882.047385
20201 1676885.862147
20200 1676889.676964
20196 1676904.939042
20195 1676908.754570
20193 1676916.390042
20191 1676924.025514
20189 1676931.660986
20187 1676939.296458
20185 1676946.931930
20183 1676954.567402
20177 1676977.486112
20175 1676985.125729
20173 1676992.767052
20171 1677000.408950
20169 1677008.051080
20167 1677015.693436
20163 1677030.978659
20161 1677038.621495
20160 1677042.443219
20156 1677057.735977
20155 1677061.559179
20154 1677065.382478
20152 1677073.029877
20151 1677076.854075
20147 1677092.154279
20145 1677099.804807
20143 1677107.455399
20138 1677126.584691
20137 1677130.410693
20136 1677134.236948
20135 1677138.063863
20132 1677149.546815
20129 1677161.031425
20122 1677187.834832
20117 1677206.989943
20111 1677229.984258
20109 1677237.652016
20107 1677245.320200
20101 1677268.325080
20099 1677275.998913
20097 1677283.675169
20094 1677295.195213
20087 1677322.084592
20085 1677329.769066
20084 1677333.611344
20081 1677345.139027
20080 1677348.982091
20077 1677360.513517
20076 1677364.357519
20071 1677383.580695
20070 1677387.426189
20069 1677391.271943
20067 1677398.966801
20065 1677406.665299
20063 1677414.365372
20055 1677445.170227
20052 1677456.728139
20050 1677464.434443
20049 1677468.288434
20047 1677475.997940
20044 1677487.563189
20042 1677495.273966
20041 1677499.129736
20039 1677506.848747
20036 1677518.433560
20035 1677522.295230
20028 1677549.328229
20027 1677553.190089
20025 1677560.920717
20024 1677564.786287
20022 1677572.518880
20019 1677584.118852
20016 1677595.718971
20014 1677603.452707
20010 1677618.920774
20009 1677622.788807
20007 1677630.526113
20006 1677634.394943
20005 1677638.264273
20002 1677649.873850
20000 1677657.618449
19998 1677665.364715
19995 1677676.984423
19993 1677684.733328
19987 1677707.981508
19986 1677711.859095
19984 1677719.614776
19983 1677723.493922
19982 1677727.375999
19981 1677731.259781
19977 1677746.799213
19973 1677762.342547
19971 1677770.114531
19969 1677777.888804
19968 1677781.777402
19967 1677785.666066
19963 1677801.227216
19962 1677805.117719
19960 1677812.909133
19959 1677816.805216
19958 1677820.702976
19957 1677824.603110
19956 1677828.503245
19955 1677832.403379
19952 1677844.103783
19951 1677848.003917
19950 1677851.904052
19948 1677859.704321
19947 1677863.604456
19945 1677871.404725
19944 1677875.304859
19943 1677879.204994
19942 1677883.105128
19941 1677887.005263
19940 1677890.905397
19939 1677894.805532
19938 1677898.705666
19937 1677902.605801
19936 1677906.505935
19935 1677910.406070
19934 1677914.306204
19933 1677918.206339
19930 1677929.907380
19928 1677937.710640
19927 1677941.612520
19926 1677945.514417
19922 1677961.122702
19921 1677965.026669
19911 1678004.067723
19909 1678011.876732
19906 1678023.590331
19905 1678027.494937
19902 1678039.212114
19901 1678043.118205
19900 1678047.024301
19899 1678050.930397
19898 1678054.836629
19897 1678058.743655
19896 1678062.652451
19891 1678082.202841
19889 1678090.027951
19887 1678097.854342
19883 1678113.508533
19878 1678133.077581
19874 1678148.737554
19871 1678160.486067
19870 1678164.402651
19869 1678168.319234
19867 1678176.154601
19864 1678187.911318
19862 1678195.750534
19856 1678219.276798
19854 1678227.118911
19851 1678238.884376
19849 1678246.728142
19845 1678262.415985
19843 1678270.260269
19838 1678289.872986
19836 1678297.718303
19835 1678301.641648
19834 1678305.565484
19833 1678309.489456
19829 1678325.189457
19828 1678329.114674
19826 1678336.969875
19825 1678340.898036
19820 1678360.546894
19819 1678364.476889
19816 1678376.267508
19814 1678384.128047
19813 1678388.059921
19811 1678395.924260
19810 1678399.856585
19804 1678423.460027
19803 1678427.394456
19802 1678431.328886
19801 1678435.263315
19800 1678439.198260
19799 1678443.133480
19798 1678447.068786
19797 1678451.004159
19795 1678458.875536
19794 1678462.812006
19792 1678470.687625
19790 1678478.564531
19788 1678486.441753
19786 1678494.325316
19782 1678510.093574
19779 1678521.920513
19778 1678525.862894
19775 1678537.696472
19771 1678553.477780
19768 1678565.313874
19767 1678569.259309
19763 1678585.044898
19758 1678604.781190
19757 1678608.729062
19756 1678612.677886
19754 1678620.576337
19753 1678624.526214
19752 1678628.477757
19751 1678632.429724
19749 1678640.336876
19748 1678644.291430
19746 1678652.201723
19745 1678656.159021
19742 1678668.032733
19740 1678675.948785
19739 1678679.906941
19738 1678683.865097
19737 1678687.823253
19735 1678695.745535
19734 1678699.706879
19732 1678707.631339
19731 1678711.596448
19730 1678715.562236
19723 1678743.329654
19722 1678747.299269
19720 1678755.243035
19719 1678759.217524
19715 1678775.118694
19710 1678794.999171
19707 1678806.930321
19705 1678814.885654
19703 1678822.844042
19699 1678838.761903
19697 1678846.722503
19696 1678850.702878
19694 1678858.663778
19690 1678874.587123
19688 1678882.553874
19685 1678894.505530
19682 1678906.457442
19679 1678918.414171
19674 1678938.351346
19672 1678946.333083
19668 1678962.297506
19664 1678978.265030
19663 1678982.257009
19662 1678986.248988
19661 1678990.240967
19660 1678994.233881
19659 1678998.228348
19656 1679010.213074
19654 1679018.206902
19653 1679022.206902
19652 1679026.206902
19651 1679030.206902
19650 1679034.206902
19649 1679038.206902
19648 1679042.206902
19647 1679046.206902
19645 1679054.206902
19644 1679058.206902
19643 1679062.206902
19642 1679066.206902
19641 1679070.206902
19640 1679074.206902
19639 1679078.206902
19638 1679082.206902
19637 1679086.206902
19636 1679090.206902
19633 1679102.206902
19632 1679106.206902
19631 1679110.206902
19630 1679114.206902
19629 1679118.208464
19628 1679122.210363
19624 1679138.219307
19620 1679154.230112
19618 1679162.241958
19617 1679166.249033
19616 1679170.256132
19615 1679174.264161
19613 1679182.280435
19611 1679190.297947
19610 1679194.307208
19609 1679198.316469
19608 1679202.325731
19606 1679210.346135
19603 1679222.379164
19602 1679226.390502
19598 1679242.436598
19597 1679246.449234
19595 1679254.475746
19593 1679262.502294
19591 1679270.531426
19589 1679278.560590
19587 1679286.590717
19586 1679290.605953
19584 1679298.636934
19582 1679306.669533
19581 1679310.686412
19580 1679314.703639
19579 1679318.721168
19578 1679322.739437
19577 1679326.757705
19575 1679334.797536
19574 1679338.817709
19573 1679342.837958
19570 1679354.898752
19565 1679375.003668
19564 1679379.025522
19561 1679391.094395
19559 1679399.140871
19557 1679407.187442
19556 1679411.211774
19553 1679423.288136
19548 1679443.418539
19547 1679447.444858
19544 1679459.528546
19543 1679463.557875
19540 1679475.650333
19538 1679483.712540
19537 1679487.743747
19534 1679499.837535
19533 1679503.871043
19532 1679507.910013
19530 1679515.988320
19529 1679520.027908
19527 1679528.107180
19526 1679532.147328
19524 1679540.230308
19522 1679548.313996
19520 1679556.402009
19519 1679560.446242
19517 1679568.537113
19515 1679576.628415
19513 1679584.722156
19510 1679596.868695
19504 1679621.162649
19500 1679637.359108
19498 1679645.458570
19496 1679653.558943
19494 1679661.661122
19493 1679665.713091
19492 1679669.765059
19491 1679673.817028
19489 1679681.923041
19487 1679690.029319
19485 1679698.135783
19484 1679702.189870
19483 1679706.243962
19482 1679710.298145
19481 1679714.354070
19480 1679718.411375
19479 1679722.468680
19478 1679726.526321
19476 1679734.642602
19472 1679750.877469
19468 1679767.114417
19465 1679779.297992
19458 1679807.729496
19457 1679811.792137
19456 1679815.854949
19454 1679823.984519
19453 1679828.049451
19451 1679836.180225
19447 1679852.448028
19446 1679856.516046
19442 1679872.790098
19439 1679884.997165
19436 1679897.205104
19435 1679901.274682
19434 1679905.344396
19432 1679913.484098
19429 1679925.698771
19425 1679941.986250
19423 1679950.131271
19418 1679970.495420
19415 1679982.716239
19413 1679990.868487
19411 1679999.022925
19409 1680007.178103
19408 1680011.255816
19407 1680015.334970
19400 1680043.897109
19397 1680056.138647
19396 1680060.221841
19395 1680064.305116
19393 1680072.471700
19392 1680076.555553
19390 1680084.723602
19388 1680092.892393
19381 1680121.491288
19380 1680125.578652
19379 1680129.666583
19372 1680158.282999
19371 1680162.371528
19370 1680166.461960
19369 1680170.552624
19366 1680182.826858
19365 1680186.918503
19361 1680203.286766
19360 1680207.383931
19359 1680211.481393
19358 1680215.579853
19355 1680227.878417
19353 1680236.080077
19351 1680244.282862
19350 1680248.384310
19348 1680256.594203
19344 1680273.024904
19341 1680285.348180
19340 1680289.457069
19337 1680301.784855
19336 1680305.895410
19335 1680310.006146
19332 1680322.346645
19331 1680326.461673
19330 1680330.576701
19328 1680338.809158
19326 1680347.041697
19323 1680359.395393
19321 1680367.634935
19320 1680371.757888
19319 1680375.880841
19318 1680380.003794
19317 1680384.126747
19316 1680388.249700
19315 1680392.372653
19314 1680396.495606
19313 1680400.618559
19312 1680404.741512
19311 1680408.864465
19310 1680412.987418
19309 1680417.110371
19308 1680421.233324
19305 1680433.605989
19302 1680445.980113
19300 1680454.233451
19298 1680462.490400
19292 1680487.274194
19291 1680491.405741
19290 1680495.537759
19288 1680503.802422
19286 1680512.067084
19285 1680516.200481
19279 1680541.001498
19277 1680549.268895
19276 1680553.403048
19272 1680569.941409
19271 1680574.078290
19268 1680586.489371
19264 1680603.039814
19263 1680607.177978
19262 1680611.316407
19260 1680619.596556
19259 1680623.737042
19254 1680644.440221
19253 1680648.581930
19252 1680652.723640
19251 1680656.865349
19250 1680661.007059
19249 1680665.148768
19247 1680673.432187
19246 1680677.573896
19245 1680681.715606
19243 1680689.999025
19242 1680694.140734
19241 1680698.282444
19240 1680702.424153
19239 1680706.565862
19236 1680718.990991
19235 1680723.132700
19231 1680739.699538
19230 1680743.841248
19229 1680747.982957
19227 1680756.266376
19226 1680760.408085
19225 1680764.549795
19223 1680772.833392
19221 1680781.117421
19217 1680797.690689
19215 1680805.980467
19214 1680810.126085
19213 1680814.272171
19212 1680818.419086
19211 1680822.566191
19209 1680830.861936
19208 1680835.010556
19207 1680839.159211
19203 1680855.755635
19202 1680859.905519
19200 1680868.212272
19199 1680872.367409
19196 1680884.838589
19195 1680888.995799
19189 1680913.940531
19187 1680922.258162
19186 1680926.417321
19180 1680951.374585
19178 1680959.694489
19176 1680968.016015
19174 1680976.338939
19173 1680980.501108
19172 1680984.664453
19169 1680997.155670
19166 1681009.648715
19163 1681022.144791
19160 1681034.645079
19159 1681038.812021
19158 1681042.979195
19156 1681051.314470
19155 1681055.483098
19153 1681063.821764
19152 1681067.994029
19151 1681072.166477
19149 1681080.511624
19148 1681084.685523
19146 1681093.035436
19143 1681105.565249
19135 1681138.979679
19134 1681143.157177
19128 1681168.231155
19126 1681176.592056
19125 1681180.772803
19124 1681184.954577
19121 1681197.499914
19118 1681210.049525
19115 1681222.600686
19114 1681226.784703
19110 1681243.522730
19108 1681251.896373
19107 1681256.083432
19105 1681264.458463
19104 1681268.646296
19102 1681277.024049
19099 1681289.590887
19098 1681293.780611
19096 1681302.163376
19094 1681310.547106
19091 1681323.127985
19090 1681327.323056
19088 1681335.713416
19082 1681360.906310
19081 1681365.105678
19080 1681369.305409
19078 1681377.705220
19077 1681381.906435
19076 1681386.107753
19075 1681390.311205
19074 1681394.515102
19072 1681402.924297
19071 1681407.130063
19070 1681411.335829
19069 1681415.543747
19068 1681419.752358
19067 1681423.961153
19065 1681432.384188
19059 1681457.654969
19051 1681491.351492
19049 1681499.776919
19046 1681512.417007
19044 1681520.848480
19042 1681529.280384
19039 1681541.931992
19037 1681550.368124
19034 1681563.023976
19031 1681575.688258
19030 1681579.910047
19029 1681584.132082
19026 1681596.799619
19025 1681601.023595
19023 1681609.474548
19021 1681617.929034
19019 1681626.389438
19017 1681634.851644
19015 1681643.315096
19014 1681647.547507
19012 1681656.013011
19011 1681660.246391
19010 1681664.481287
19009 1681668.717401
19006 1681681.425948
19000 1681706.843533
18998 1681715.319398
18996 1681723.796953
18993 1681736.514237
18991 1681744.995604
18990 1681749.236584
18989 1681753.477765
18987 1681761.963843
18985 1681770.451252
18984 1681774.694966
18983 1681778.939381
18981 1681787.429389
18980 1681791.677209
18978 1681800.174852
18975 1681812.921877
18971 1681829.919241
18967 1681846.916843
18964 1681859.665781
18962 1681868.166277
18959 1681880.918074
18955 1681897.920895
18954 1681902.171661
18950 1681919.176199
18948 1681927.678548
18946 1681936.182524
18944 1681944.687118
18942 1681953.193343
18940 1681961.699720
18937 1681974.469941
18935 1681982.984095
18934 1681987.241421
18932 1681995.756571
18930 1682004.271854
18923 1682034.078208
18921 1682042.596012
18918 1682055.374985
18916 1682063.896397
18915 1682068.157415
18914 1682072.420181
18912 1682080.948591
18910 1682089.478705
18907 1682102.283657
18904 1682115.090436
18901 1682127.898953
18898 1682140.708625
18891 1682170.609843
18888 1682183.425111
18882 1682209.057477
18881 1682213.329555
18880 1682217.604020
18879 1682221.879453
18878 1682226.154964
18877 1682230.432811
18875 1682238.989181
18873 1682247.546857
18872 1682251.825829
18866 1682277.511498
18865 1682281.793397
18863 1682290.359738
18862 1682294.643157
18861 1682298.926576
18860 1682303.209994
18857 1682316.064955
18854 1682328.923274
18849 1682350.354359
18847 1682358.928936
18846 1682363.216631
18842 1682380.376573
18841 1682384.668627
18840 1682388.961466
18838 1682397.547781
18837 1682401.843116
18834 1682414.731123
18832 1682423.324937
18830 1682431.920262
18828 1682440.516204
18826 1682449.113714
18824 1682457.711224
18823 1682462.010316
18822 1682466.309827
18818 1682483.510490
18817 1682487.810862
18816 1682492.113411
18815 1682496.417699
18813 1682505.027223
18810 1682517.946541
18808 1682526.562962
18807 1682530.871458
18804 1682543.810418
18802 1682552.439443
18799 1682565.383900
18798 1682569.698993
18797 1682574.014304
18796 1682578.330617
18794 1682586.965559
18792 1682595.600878
18791 1682599.920062
18790 1682604.240326
18789 1682608.561170
18788 1682612.886439
18787 1682617.211709
18784 1682630.192158
18776 1682664.811867
18774 1682673.468864
18773 1682677.799322
18772 1682682.131592
18764 1682716.793476
18762 1682725.466216
18761 1682729.802827
18757 1682747.161601
18756 1682751.501846
18755 1682755.842091
18753 1682764.526467
18749 1682781.900144
18747 1682790.587203
18744 1682803.621058
18743 1682807.965864
18741 1682816.658554
18740 1682821.005397
18739 1682825.352572
18738 1682829.701088
18737 1682834.049603
18736 1682838.398119
18735 1682842.746635
18734 1682847.095150
18733 1682851.443666
18731 1682860.140697
18730 1682864.489212
18729 1682868.837728
18728 1682873.186243
18727 1682877.534759
18726 1682881.883274
18725 1682886.231790
18724 1682890.580306
18723 1682894.928821
18722 1682899.277337
18721 1682903.625852
18720 1682907.974368
18719 1682912.322883
18718 1682916.671399
18717 1682921.019914
18716 1682925.368430
18715 1682929.719237
18714 1682934.070229
18710 1682951.476267
18703 1682981.943644
18702 1682986.297126
18701 1682990.652651
18700 1682995.008810
18699 1682999.365082
18694 1683021.146675
18693 1683025.503290
18692 1683029.860303
18691 1683034.217532
18689 1683042.933320
18687 1683051.649261
18682 1683073.441789
18681 1683077.801108
18679 1683086.520091
18678 1683090.880107
18676 1683099.600544
18668 1683134.491273
18666 1683143.214737
18662 1683160.672868
18660 1683169.403694
18659 1683173.769146
18658 1683178.134875
18657 1683182.501120
18656 1683186.869297
18654 1683195.611595
18647 1683226.216606
18641 1683252.449482
18638 1683265.569144
18637 1683269.942511
18636 1683274.315879
18635 1683278.689247
18634 1683283.062615
18630 1683300.567046
18628 1683309.321439
18625 1683322.454799
18619 1683348.722355
18617 1683357.483214
18616 1683361.868812
18615 1683366.255875
18612 1683379.423866
18611 1683383.813661
18610 1683388.204021
18609 1683392.594380
18608 1683396.984740
18607 1683401.375099
18606 1683405.765459
18605 1683410.155818
18604 1683414.546178
18603 1683418.936537
18601 1683427.719527
18600 1683432.112747
18597 1683445.301968
18596 1683449.703264
18594 1683458.506806
18593 1683462.909689
18592 1683467.314230
18590 1683476.123331
18588 1683484.936240
18585 1683498.162233
18583 1683506.980811
18582 1683511.391288
18580 1683520.230028
18578 1683529.069326
18576 1683537.908705
18575 1683542.328619
18574 1683546.751964
18569 1683568.888732
18568 1683573.316199
18567 1683577.745452
18566 1683582.174706
18565 1683586.603959
18561 1683604.321092
18560 1683608.751585
18559 1683613.186213
18558 1683617.624883
18557 1683622.065262
18555 1683630.948771
18553 1683639.832281
18551 1683648.715790
18550 1683653.159336
18547 1683666.490014
18546 1683670.933797
18545 1683675.377746
18544 1683679.821853
18543 1683684.265960
18542 1683688.711635
18541 1683693.159371
18540 1683697.607122
18537 1683710.953715
18535 1683719.857764
18533 1683728.763774
18530 1683742.123349
18528 1683751.037829
18526 1683759.956078
18525 1683764.415511
18523 1683773.335195
18518 1683795.638698
18517 1683800.103092
18516 1683804.567485
18515 1683809.031879
18514 1683813.496272
18513 1683817.960665
18512 1683822.425059
18511 1683826.889452
18510 1683831.353846
18509 1683835.818852
18508 1683840.283858
18507 1683844.748864
18505 1683853.680653
18502 1683867.078743
18500 1683876.010821
18499 1683880.477850
18498 1683884.947882
18497 1683889.421438
18495 1683898.371594
18494 1683902.849087
18493 1683907.327637
18492 1683911.807362
18489 1683925.247689
18485 1683943.169096
18482 1683956.612412
18480 1683965.574927
18479 1683970.057131
18478 1683974.539335
18477 1683979.021843
18476 1683983.505355
18475 1683987.989455
18469 1684014.896640
18468 1684019.382463
18467 1684023.869313
18466 1684028.356736
18465 1684032.844479
18464 1684037.332592
18463 1684041.820781
18462 1684046.310393
18460 1684055.290741
18459 1684059.782609
18457 1684068.766700
18455 1684077.752425
18453 1684086.738169
18452 1684091.232503
18449 1684104.716738
18444 1684127.196389
18443 1684131.694031
18442 1684136.191674
18441 1684140.689766
18438 1684154.184830
18436 1684163.184155
18434 1684172.185005
18433 1684176.685987
18431 1684185.689119
18427 1684203.698190
18426 1684208.201262
18425 1684212.706551
18422 1684226.222921
18419 1684239.741964
18417 1684248.763061
18415 1684257.784212
18414 1684262.294840
18409 1684284.859075
18408 1684289.373429
18407 1684293.889242
18406 1684298.406522
18404 1684307.441131
18403 1684311.959510
18402 1684316.478277
18401 1684320.997065
18399 1684330.037930
18398 1684334.559995
18394 1684352.653293
18393 1684357.178295
18392 1684361.703453
18391 1684366.229989
18389 1684375.285922
18388 1684379.815247
18387 1684384.344572
18386 1684388.873897
18385 1684393.403222
18384 1684397.932547
18383 1684402.461872
18382 1684406.991197
18378 1684425.112392
18375 1684438.705179
18374 1684443.236747
18373 1684447.769162
18369 1684465.909983
18366 1684479.516391
18363 1684493.123622
18362 1684497.661203
18361 1684502.199123
18356 1684524.890291
18355 1684529.429200
18354 1684533.969134
18352 1684543.049796
18349 1684556.672976
18347 1684565.758519
18346 1684570.301707
18344 1684579.388213
18341 1684593.019413
18340 1684597.564365
18336 1684615.744825
18335 1684620.291127
18334 1684624.838586
18331 1684638.481184
18326 1684661.222102
18323 1684674.868622
18320 1684688.517755
18319 1684693.068924
18318 1684697.621978
18316 1684706.729575
18313 1684720.391153
18310 1684734.053533
18305 1684756.825606
18300 1684779.604102
18299 1684784.160841
18298 1684788.718818
18295 1684802.392993
18294 1684806.951148
18293 1684811.509303
18292 1684816.067982
18290 1684825.185535
18286 1684843.421820
18285 1684847.981250
18284 1684852.540693
18282 1684861.666381
18280 1684870.793044
18279 1684875.358322
18278 1684879.927996
18276 1684889.068124
18275 1684893.638690
18272 1684907.350572
18268 1684925.638619
18266 1684934.784722
18264 1684943.933209
18262 1684953.083453
18260 1684962.235758
18256 1684980.542504
18254 1684989.696085
18252 1684998.854927
18250 1685008.015101
18249 1685012.596223
18248 1685017.177501
18247 1685021.760109
18246 1685026.342991
18242 1685044.678055
18241 1685049.263046
18240 1685053.849038
18239 1685058.437727
18236 1685072.205780
18232 1685090.573052
18231 1685095.165447
18225 1685122.734323
18223 1685131.924110
18219 1685150.306743
18218 1685154.903106
18215 1685168.696300
18214 1685173.295185
18213 1685177.898292
18212 1685182.501399
18210 1685191.708739
18208 1685200.916305
18204 1685219.352820
18203 1685223.963124
18201 1685233.183895
18198 1685247.020691
18195 1685260.869384
18194 1685265.486139
18185 1685307.044817
18182 1685320.898739
18180 1685330.140762
18176 1685348.634477
18174 1685357.883111
18168 1685385.646755
18167 1685390.276208
18165 1685399.540077
18164 1685404.174526
18163 1685408.809848
18162 1685413.445320
18161 1685418.081262
18158 1685431.990117
18155 1685445.911247
18154 1685450.553474
18147 1685483.057106
18144 1685496.990452
18136 1685534.147586
18135 1685538.794168
18132 1685552.734556
18130 1685562.033417
18128 1685571.332277
18127 1685575.982119
18121 1685603.881599
18120 1685608.532704
18119 1685613.188118
18118 1685617.844910
18117 1685622.501824
18116 1685627.158762
18115 1685631.816195
18114 1685636.474097
18111 1685650.454900
18110 1685655.116806
18107 1685669.102561
18106 1685673.765118
18105 1685678.427708
18103 1685687.756509
18099 1685706.420682
18098 1685711.086888
18097 1685715.753567
18096 1685720.422688
18091 1685743.770117
18090 1685748.439726
18089 1685753.111197
18088 1685757.782668
18087 1685762.455410
18085 1685771.806759
18082 1685785.843411
18081 1685790.523205
18080 1685795.203000
18079 1685799.884361
18078 1685804.566285
18076 1685813.934504
18075 1685818.619164
18074 1685823.305975
18072 1685832.683845
18071 1685837.373801
18069 1685846.753713
18068 1685851.443669
18066 1685860.823581
18065 1685865.513537
18064 1685870.203492
18062 1685879.583404
18061 1685884.273360
18060 1685888.963316
18055 1685912.424771
18054 1685917.121802
18053 1685921.819223
18051 1685931.218350
18048 1685945.324610
18045 1685959.431873
18044 1685964.135268
18042 1685973.548566
18040 1685982.966793
18039 1685987.676541
18038 1685992.387409
18037 1685997.098963
18036 1686001.811782
18034 1686011.238738
18031 1686025.382030
18030 1686030.098411
18027 1686044.250059
18025 1686053.685218
18021 1686072.558774
18020 1686077.278868
18015 1686100.882988
18014 1686105.606510
18013 1686110.331094
18012 1686115.058599
18011 1686119.789161
18006 1686143.484934
18005 1686148.225072
18004 1686152.965312
18002 1686162.447170
18001 1686167.188776
17999 1686176.686147
17998 1686181.435584
17997 1686186.185195
17994 1686200.436179
17993 1686205.186945
17990 1686219.440753
17987 1686233.697135
17984 1686247.963304
17980 1686266.987746
17978 1686276.503085
17975 1686290.776842
17974 1686295.537960
17972 1686305.066004
17971 1686309.830222
17970 1686314.595032
17963 1686347.956825
17961 1686357.491052
17960 1686362.259115
17959 1686367.028651
17958 1686371.798186
17957 1686376.567721
17956 1686381.337257
17955 1686386.106792
17954 1686390.876327
17953 1686395.645862
17952 1686400.415398
17951 1686405.184933
17949 1686414.725409
17948 1686419.495803
17947 1686424.266810
17946 1686429.038383
17945 1686433.810198
17944 1686438.584620
17943 1686443.359062
17942 1686448.133518
17941 1686452.908584
17940 1686457.683653
17936 1686476.784666
17929 1686510.214720
17928 1686514.990503
17927 1686519.766286
17926 1686524.544331
17925 1686529.322678
17924 1686534.101959
17923 1686538.882403
17920 1686553.227526
17919 1686558.010034
17916 1686572.358399
17915 1686577.142982
17914 1686581.928309
17913 1686586.714136
17911 1686596.287778
17907 1686615.439590
17905 1686625.015981
17903 1686634.594148
17902 1686639.383374
17900 1686648.963060
17898 1686658.545302
17897 1686663.337425
17892 1686687.309673
17889 1686701.695276
17884 1686725.682192
17883 1686730.482767
17877 1686759.300755
17876 1686764.104561
17874 1686773.712230
17871 1686788.124992
17870 1686792.929899
17869 1686797.735256
17867 1686807.346746
17866 1686812.152755
17865 1686816.961512
17861 1686836.197148
17859 1686845.815865
17857 1686855.436474
17853 1686874.683294
17850 1686889.121856
17846 1686908.374609
17845 1686913.188330
17844 1686918.002068
17842 1686927.630009
17838 1686946.903271
17837 1686951.723046
17836 1686956.543570
17833 1686971.009492
17831 1686980.654161
17830 1686985.477795
17829 1686990.302043
17828 1686995.127210
17826 1687004.778695
17824 1687014.435652
17819 1687038.578136
17818 1687043.409122
17817 1687048.241070
17816 1687053.073210
17815 1687057.907496
17814 1687062.741963
17813 1687067.576430
17812 1687072.410897
17810 1687082.079830
17809 1687086.914297
17808 1687091.748764
17807 1687096.583231
17806 1687101.417698
17805 1687106.252165
17804 1687111.086631
17803 1687115.921098
17802 1687120.755565
17800 1687130.424627
17798 1687140.094433
17797 1687144.929851
17795 1687154.602614
17792 1687169.116930
17787 1687193.334183
17783 1687212.708986
17782 1687217.553243
17781 1687222.398572
17780 1687227.244247
17779 1687232.090269
17778 1687236.937132
17775 1687251.486578
17772 1687266.036336
17771 1687270.887542
17770 1687275.739436
17769 1687280.591489
17768 1687285.443541
17766 1687295.149592
17763 1687309.709588
17762 1687314.563411
17760 1687324.272917
17758 1687333.982423
17757 1687338.837175
17756 1687343.691928
17755 1687348.546681
17754 1687353.401434
17753 1687358.256187
17752 1687363.110940
17751 1687367.965693
17750 1687372.820446
17749 1687377.675199
17748 1687382.529952
17747 1687387.384705
17745 1687397.100085
17743 1687406.818031
17742 1687411.677353
17741 1687416.538165
17740 1687421.405229
17738 1687431.140566
17737 1687436.008271
17736 1687440.876257
17735 1687445.745023
17733 1687455.483286
17732 1687460.352807
17731 1687465.224314
17728 1687479.840562
17726 1687489.585621
17723 1687504.206833
17722 1687509.080850
17720 1687518.829301
17717 1687533.455007
17714 1687548.083266
17713 1687552.960309
17711 1687562.715888
17708 1687577.351302
17707 1687582.231886
17706 1687587.112471
17705 1687591.993055
17704 1687596.873640
17700 1687616.396637
17699 1687621.278375
17698 1687626.160411
17697 1687631.043920
17695 1687640.813143
17690 1687665.262739
17687 1687679.937867
17686 1687684.830355
17684 1687694.615614
17682 1687704.402038
17681 1687709.295535
17674 1687743.563474
17673 1687748.459570
17671 1687758.252946
17669 1687768.050959
17668 1687772.952785
17667 1687777.855362
17666 1687782.761379
17665 1687787.668345
17663 1687797.483059
17659 1687817.128245
17657 1687826.950890
17656 1687831.862487
17655 1687836.777253
17653 1687846.610950
17652 1687851.529999
17644 1687890.885498
17642 1687900.726610
17640 1687910.570752
17639 1687915.494313
17637 1687925.342666
17634 1687940.119579
17632 1687949.971027
17622 1687999.230156
17619 1688014.010072
17612 1688048.499669
17611 1688053.428708
17610 1688058.357747
17608 1688068.216064
17606 1688078.077950
17605 1688083.009011
17602 1688097.802823
17600 1688107.674261
17599 1688112.610275
17597 1688122.482508
17595 1688132.356811
17591 1688152.117005
17589 1688161.998735
17588 1688166.940703
17586 1688176.826283
17582 1688196.605373
17579 1688211.440263
17578 1688216.386730
17576 1688226.280748
17574 1688236.176398
17572 1688246.081916
17569 1688260.941595
17567 1688270.853497
17564 1688285.722942
17561 1688300.603800
17557 1688320.446377
17556 1688325.407435
17553 1688340.291765
17551 1688350.216254
17549 1688360.142609
17548 1688365.106284
17543 1688389.929979
17542 1688394.895364
17541 1688399.861166
17540 1688404.826968
17539 1688409.792771
17538 1688414.758573
17537 1688419.724375
17535 1688429.655979
17534 1688434.621782
17533 1688439.587584
17532 1688444.553386
17530 1688454.486573
17528 1688464.425016
17527 1688469.395054
17526 1688474.367624
17522 1688494.268028
17520 1688504.223995
17519 1688509.204445
17518 1688514.184895
17517 1688519.165345
17516 1688524.145827
17515 1688529.127653
17514 1688534.110072
17508 1688564.014816
17505 1688578.969703
17503 1688588.939978
17502 1688593.925702
17500 1688603.898331
17497 1688618.863312
17491 1688648.797924
17490 1688653.787090
17486 1688673.752978
17480 1688703.703806
17478 1688713.697760
17477 1688718.694978
17474 1688733.690849
17472 1688743.690849
17471 1688748.691530
17469 1688758.696349
17466 1688773.703852
17463 1688788.718745
17462 1688793.725258
17459 1688808.750535
17451 1688848.838838
17449 1688858.862902
17447 1688868.886994
17446 1688873.899848
17444 1688883.928951
17442 1688893.959657
17441 1688898.975702
17433 1688939.106014
17427 1688969.220204
17426 1688974.239370
17425 1688979.258921
17424 1688984.278471
17423 1688989.298021
17421 1688999.339081
17416 1689024.452510
17414 1689034.498155
17413 1689039.521712
17412 1689044.545346
17411 1689049.571508
17410 1689054.598108
17409 1689059.624945
17407 1689069.679424
17403 1689089.796825
17402 1689094.828232
17401 1689099.860130
17400 1689104.894076
17397 1689119.999636
17396 1689125.034831
17395 1689130.071336
17394 1689135.108213
17393 1689140.145620
17391 1689150.222463
17387 1689170.383435
17382 1689195.585795
17381 1689200.628378
17379 1689210.714678
17376 1689225.845666
17375 1689230.889939
17374 1689235.935321
17373 1689240.980703
17372 1689246.028305
17368 1689266.227529
17367 1689271.277525
17366 1689276.327892
17365 1689281.378288
17364 1689286.428899
17358 1689316.755054
17357 1689321.810479
17354 1689336.981836
17352 1689347.098050
17351 1689352.157188
17350 1689357.216326
17349 1689362.276884
17341 1689402.761397
17339 1689412.889323
17336 1689428.081220
17333 1689443.281631
17332 1689448.350726
17327 1689473.696732
17325 1689483.836235
17322 1689499.056079
17321 1689504.129709
17320 1689509.206560
17315 1689534.597878
17312 1689549.842657
17308 1689570.171079
17307 1689575.253954
17305 1689585.420248
17304 1689590.503591
17303 1689595.589758
17302 1689600.675924
17301 1689605.762090
17299 1689615.934423
17295 1689636.285660
17294 1689641.373697
17288 1689671.905524
17286 1689682.084804
17284 1689692.266530
17282 1689702.450249
17281 1689707.544061
17280 1689712.637874
17279 1689717.733005
17275 1689738.113942
17274 1689743.214825
17273 1689748.316544
17272 1689753.418828
17271 1689758.523081
17268 1689773.838012
17264 1689794.274640
17261 1689809.603256
17258 1689824.938288
17256 1689835.162444
17254 1689845.392728
17251 1689860.745241
17247 1689881.218236
17246 1689886.336898
17244 1689896.575287
17243 1689901.694939
17240 1689917.056966
17239 1689922.178650
17236 1689937.552168
17233 1689952.932560
17231 1689963.187714
17230 1689968.316887
17228 1689978.578134
17226 1689988.840950
17223 1690004.241261
17222 1690009.377728
17221 1690014.516738
17220 1690019.655749
17219 1690024.795145
17218 1690029.934542
17217 1690035.073938
17214 1690050.493014
17212 1690060.773611
17211 1690065.914061
17210 1690071.054880
17208 1690081.340438
17206 1690091.626439
17203 1690107.055951
17202 1690112.199180
17197 1690137.925708
17193 1690158.510212
17192 1690163.660169
17190 1690173.965657
17183 1690210.042401
17181 1690220.350786
17180 1690225.508175
17179 1690230.667660
17178 1690235.831376
17177 1690240.997277
17173 1690261.663063
17170 1690277.163733
17169 1690282.330699
17167 1690292.665487
17165 1690303.002162
17164 1690308.172312
17163 1690313.342544
17160 1690328.864972
17158 1690339.216103
17156 1690349.574189
17152 1690370.297155
17148 1690391.024118
17145 1690406.569671
17142 1690422.116639
17140 1690432.482661
17139 1690437.666802
17137 1690448.039048
17136 1690453.225780
17134 1690463.600471
17133 1690468.788050
17131 1690479.163433
17130 1690484.351188
17128 1690494.728279
17126 1690505.106182
17125 1690510.299791
17121 1690531.077519
17119 1690541.467961
17118 1690546.664004
17116 1690557.057479
17115 1690562.254732
17114 1690567.451984
17112 1690577.846489
17111 1690583.043742
17110 1690588.241746
17108 1690598.644010
17106 1690609.046550
17104 1690619.449836
17103 1690624.651840
17101 1690635.057026
17096 1690661.088082
17094 1690671.501645
17093 1690676.710368
17089 1690697.547090
17088 1690702.758648
17084 1690723.625479
17083 1690728.846901
17080 1690744.511633
17078 1690754.955371
17076 1690765.402488
17075 1690770.626242
17074 1690775.849997
17072 1690786.300362
17071 1690791.525884
17069 1690801.982927
17068 1690807.212743
17067 1690812.443727
17066 1690817.675977
17063 1690833.373351
17061 1690843.844459
17059 1690854.321748
17058 1690859.562145
17057 1690864.807542
17053 1690885.791586
17052 1690891.038470
17050 1690901.532803
17049 1690906.780034
17048 1690912.028987
17047 1690917.279030
17046 1690922.529630
17040 1690954.049884
17035 1690980.317983
17034 1690985.572806
17032 1690996.082954
17030 1691006.597157
17025 1691032.884174
17022 1691048.658472
17019 1691064.438222
17018 1691069.698343
17017 1691074.959667
17015 1691085.483968
17012 1691101.274066
17008 1691122.347186
17006 1691132.883959
17005 1691138.152802
17002 1691153.961119
16998 1691175.040859
16995 1691190.854337
16993 1691201.399152
16992 1691206.677661
16990 1691217.234699
16988 1691227.797609
16984 1691248.925366
16982 1691259.489556
16980 1691270.056153
16979 1691275.341240
16978 1691280.626841
16975 1691296.484580
16972 1691312.342319
16971 1691317.638295
16970 1691322.935377
16969 1691328.232458
16968 1691333.529539
16967 1691338.826620
16966 1691344.124156
16965 1691349.424365
16964 1691354.724755
16963 1691360.025145
16962 1691365.325535
16960 1691375.926315
16959 1691381.226705
16958 1691386.527095
16957 1691391.827485
16956 1691397.128352
16955 1691402.429501
16954 1691407.731433
16952 1691418.342778
16949 1691434.265125
16945 1691455.496906
16944 1691460.804969
16941 1691476.729930
16938 1691492.658241
16937 1691497.968285
16936 1691503.278635
16935 1691508.589203
16934 1691513.900304
16933 1691519.212052
16931 1691529.840537
16929 1691540.473777
16925 1691561.741819
16924 1691567.059398
16923 1691572.377246
16919 1691593.655765
16918 1691598.976871
16916 1691609.619159
16912 1691630.904749
16911 1691636.226291
16910 1691641.549603
16909 1691646.872916
16905 1691668.175565
16903 1691678.834002
16900 1691694.822377
16898 1691705.482110
16896 1691716.145210
16890 1691748.144215
16889 1691753.478702
16888 1691758.813601
16887 1691764.148973
16882 1691790.833352
16881 1691796.170847
16880 1691801.508424
16879 1691806.847764
16874 1691833.556178
16870 1691854.925027
16869 1691860.267420
16868 1691865.610713
16865 1691881.640670
16864 1691886.985660
16863 1691892.331593
16856 1691929.756926
16855 1691935.105268
16853 1691945.803905
16851 1691956.502542
16849 1691967.201179
16846 1691983.255704
16843 1691999.316743
16841 1692010.025729
16840 1692015.383131
16837 1692031.460100
16835 1692042.179005
16833 1692052.898839
16829 1692074.338871
16828 1692079.699258
16824 1692101.146825
16823 1692106.511762
16820 1692122.608423
16818 1692133.342727
16815 1692149.444464
16812 1692165.546881
16808 1692187.028926
16806 1692197.772305
16800 1692230.008822
16795 1692256.873828
16794 1692262.247090
16790 1692283.742888
16789 1692289.117073
16788 1692294.492896
16779 1692342.878404
16778 1692348.257340
16777 1692353.637252
16773 1692375.157298
16772 1692380.537744
16766 1692412.840455
16763 1692428.997808
16762 1692434.386894
16758 1692455.952396
16757 1692461.344063
16754 1692477.520558
16752 1692488.309490
16751 1692493.704652
16750 1692499.101293
16749 1692504.497934
16748 1692509.894575
16747 1692515.291216
16746 1692520.690637
16744 1692531.489754
16739 1692558.496515
16736 1692574.705630
16735 1692580.108725
16729 1692612.534146
16725 1692634.158549
16724 1692639.564900
16723 1692644.971303
16722 1692650.377707
16718 1692672.003418
16717 1692677.410640
16715 1692688.225250
16711 1692709.858186
16710 1692715.267087
16708 1692726.085776
16706 1692736.904572
16705 1692742.314736
16704 1692747.726468
16701 1692763.962454
16699 1692774.787209
16697 1692785.612069
16696 1692791.025920
16694 1692801.854842
16692 1692812.683763
16684 1692856.012716
16682 1692866.847668
16681 1692872.267325
16678 1692888.528006
16677 1692893.950518
16676 1692899.379529
16674 1692910.237716
16673 1692915.668034
16670 1692931.966617
16669 1692937.405070
16667 1692948.283742
16664 1692964.618779
16661 1692980.958819
16657 1693002.746835
16656 1693008.193946
16653 1693024.551743
16652 1693030.009337
16648 1693051.840313
16647 1693057.298239
16645 1693068.215468
16643 1693079.132848
16640 1693095.517197
16638 1693106.440639
16637 1693111.907698
16636 1693117.375638
16634 1693128.314350
16633 1693133.785194
16631 1693144.731547
16630 1693150.207829
16629 1693155.685642
16627 1693166.642413
16623 1693188.557628
16618 1693215.957628
16613 1693243.369781
16610 1693259.817172
16608 1693270.786099
16606 1693281.756500
16604 1693292.729043
16603 1693298.215911
16601 1693309.189648
16596 1693336.627072
16595 1693342.116213
16594 1693347.607597
16593 1693353.099550
16592 1693358.592093
16590 1693369.577527
16589 1693375.070745
16580 1693424.520004
16579 1693430.014434
16575 1693451.997128
16574 1693457.496385
16573 1693462.998147
16563 1693518.018417
16561 1693529.027745
16559 1693540.042388
16556 1693556.569213
16555 1693562.078988
16554 1693567.588763
16553 1693573.098538
16552 1693578.608313
16551 1693584.118088
16550 1693589.627863
16549 1693595.137638
16545 1693617.179157
16543 1693628.202215
16542 1693633.714014
16538 1693655.768430
16533 1693683.338137
16530 1693699.895764
16529 1693705.415262
16528 1693710.937484
16527 1693716.461493
16524 1693733.034088
16521 1693749.608150
16520 1693755.133768
16519 1693760.661408
16518 1693766.189451
16517 1693771.717983
16515 1693782.778588
16510 1693810.457667
16508 1693821.530184
16506 1693832.603989
16503 1693849.219417
16500 1693865.840658
16499 1693871.381372
16498 1693876.924871
16497 1693882.468371
16492 1693910.193961
16489 1693926.836352
16488 1693932.384282
16486 1693943.480158
16483 1693960.125220
16482 1693965.673806
16477 1693993.421835
16476 1693998.972748
16472 1694021.185485
16469 1694037.848353
16468 1694043.402719
16466 1694054.511456
16464 1694065.624591
16460 1694087.854700
16459 1694093.413064
16458 1694098.974687
16457 1694104.536449
16455 1694115.665397
16454 1694121.232939
16453 1694126.800736
16451 1694137.940132
16448 1694154.655069
16447 1694160.226851
16446 1694165.798632
16445 1694171.370414
16442 1694188.090114
16441 1694193.663706
16436 1694221.540255
16433 1694238.272770
16432 1694243.851232
16429 1694260.586632
16428 1694266.168866
16427 1694271.754593
16424 1694288.513631
16422 1694299.688473
16420 1694310.866948
16416 1694333.235192
16415 1694338.828964
16412 1694355.612398
16410 1694366.803836
16406 1694389.189777
16404 1694400.384566
16403 1694405.982919
16401 1694417.179694
16400 1694422.780038
16398 1694433.981788
16397 1694439.586910
16395 1694450.797458
16393 1694462.009506
16392 1694467.615804
16389 1694484.444103
16387 1694495.667022
16386 1694501.278564
16384 1694512.504828
16383 1694518.127565
16379 1694540.621766
16378 1694546.248164
16376 1694557.509754
16375 1694563.141616
16374 1694568.776141
16373 1694574.416863
16371 1694585.709644
16367 1694608.299524
16364 1694625.244973
16360 1694647.845655
16357 1694664.799875
16356 1694670.451847
16353 1694687.409391
16352 1694693.062405
16350 1694704.373979
16347 1694721.344454
16345 1694732.658353
16342 1694749.630545
16341 1694755.289787
16340 1694760.950466
16339 1694766.612319
16337 1694777.941942
16336 1694783.606979
16335 1694789.275913
16334 1694794.945386
16331 1694811.963825
16327 1694834.658230
16324 1694851.681946
16321 1694868.711006
16318 1694885.744170
16317 1694891.423965
16315 1694902.786144
16309 1694936.876772
16307 1694948.245161
16305 1694959.613590
16304 1694965.300002
16302 1694976.687104
16300 1694988.075358
16298 1694999.469110
16297 1695005.166468
16296 1695010.866626
16293 1695027.977277
16291 1695039.385299
16290 1695045.092820
16288 1695056.520112
16286 1695067.948788
16284 1695079.377800
16283 1695085.092894
16280 1695102.240937
16279 1695107.957518
16277 1695119.395112
16274 1695136.552336
16273 1695142.272177
16272 1695147.992301
16271 1695153.713875
16269 1695165.160909
16267 1695176.608105
16265 1695188.057727
16262 1695205.233549
16261 1695210.961488
16260 1695216.689427
16259 1695222.417366
16258 1695228.145305
16257 1695233.873245
16253 1695256.785529
16252 1695262.513975
16251 1695268.244912
16246 1695296.910463
16244 1695308.381138
16242 1695319.852353
16241 1695325.588145
16240 1695331.324337
16238 1695342.798094
16237 1695348.538586
16234 1695365.762040
16233 1695371.504795
16232 1695377.249486
16229 1695394.493138
16228 1695400.243420
16224 1695423.248952
16222 1695434.759584
16210 1695503.829719
16209 1695509.585664
16208 1695515.346914
16207 1695521.111276
16206 1695526.876024
16202 1695549.943933
16199 1695567.246194
16198 1695573.015245
16195 1695590.322759
16193 1695601.862039
16191 1695613.402015
16184 1695653.826678
16182 1695665.380907
16181 1695671.160055
16179 1695682.721460
16176 1695700.068357
16175 1695705.851933
16174 1695711.636116
16170 1695734.774222
16169 1695740.558774
16168 1695746.344712
16167 1695752.131527
16165 1695763.707918
16163 1695775.284309
16159 1695798.437250
16158 1695804.226365
16157 1695810.016734
16156 1695815.808148
16155 1695821.600197
16154 1695827.395978
16152 1695838.987798
16147 1695867.974725
16145 1695879.569920
16144 1695885.368449
16142 1695896.965685
16140 1695908.565541
16139 1695914.365645
16138 1695920.165749
16137 1695925.965853
16133 1695949.170811
16132 1695954.976017
16131 1695960.781222
16130 1695966.586610
16129 1695972.395216
16126 1695989.828270
16123 1696007.272406
16121 1696018.906006
16117 1696042.182891
16115 1696053.828047
16110 1696082.962034
16109 1696088.792456
16107 1696100.466592
16106 1696106.307275
16102 1696129.673868
16101 1696135.517752
16100 1696141.361636
16097 1696158.906932
16094 1696176.457505
16093 1696182.309463
16091 1696194.013568
16089 1696205.719895
16087 1696217.427017
16086 1696223.283449
16085 1696229.141564
16084 1696234.999785
16082 1696246.723406
16081 1696252.585638
16080 1696258.448368
16077 1696276.037475
16076 1696281.902396
16074 1696293.637208
16072 1696305.372246
16071 1696311.240276
16070 1696317.108523
16069 1696322.977353
16068 1696328.846183
16067 1696334.715013
16066 1696340.583842
16064 1696352.325252
16058 1696387.555306
16055 1696405.173837
16054 1696411.047806
16053 1696416.922834
16051 1696428.681259
16050 1696434.561499
16047 1696452.211124
16045 1696463.981495
16044 1696469.867918
16041 1696487.536961
16037 1696511.099012
16036 1696516.990864
16034 1696528.782390
16033 1696534.678999
16031 1696546.477675
16030 1696552.378371
16028 1696564.180371
16026 1696575.984776
16024 1696587.792033
16021 1696605.507311
16017 1696629.128486
16013 1696652.751871
16011 1696664.564272
16007 1696688.206969
16006 1696694.118036
16004 1696705.944114
16002 1696717.772087
16000 1696729.601221
15998 1696741.431377
15997 1696747.350436
15996 1696753.269681
15995 1696759.190209
15992 1696776.955840
15990 1696788.799776
15986 1696812.490480
15984 1696824.340675
15982 1696836.197369
15981 1696842.126239
15978 1696859.917323
15975 1696877.713933
15973 1696889.578550
15969 1696913.312481
15966 1696931.113221
15965 1696937.047651
15964 1696942.982080
15963 1696948.918244
15962 1696954.858435
15961 1696960.798906
15959 1696972.679973
15957 1696984.564260
15952 1697014.275136
15949 1697032.105130
15946 1697049.944499
15944 1697061.842378
15941 1697079.691921
15938 1697097.541886
15935 1697115.402132
15934 1697121.356730
15933 1697127.311732
15930 1697145.178579
15929 1697151.134853
15927 1697163.051859
15926 1697169.011498
15925 1697174.971910
15923 1697186.898501
15920 1697204.792891
15919 1697210.758493
15918 1697216.725164
15917 1697222.692032
15916 1697228.659251
15913 1697246.562134
15910 1697264.471250
15909 1697270.441130
15908 1697276.411826
15907 1697282.382706
15906 1697288.353824
15904 1697300.296487
15901 1697318.216366
15898 1697336.141649
15896 1697348.093230
15895 1697354.069496
15893 1697366.025970
15892 1697372.005109
15891 1697377.984334
15890 1697383.963566
15889 1697389.942812
15886 1697407.880690
15884 1697419.855043
15880 1697443.812702
15878 1697455.793101
15877 1697461.786130
15875 1697473.774006
15874 1697479.768343
15872 1697491.759946
15871 1697497.757121
15870 1697503.757121
15869 1697509.757121
15868 1697515.757121
15866 1697527.757194
15865 1697533.757881
15864 1697539.759987
15863 1697545.763293
15860 1697563.779527
15856 1697587.826632
15854 1697599.857352
15850 1697623.936664
15849 1697629.959158
15848 1697635.982498
15847 1697642.007574
15846 1697648.033598
15844 1697660.090006
15842 1697672.165020
15841 1697678.203871
15839 1697690.287559
15834 1697720.496779
15833 1697726.538623
15832 1697732.580467
15831 1697738.622311
15830 1697744.664154
15829 1697750.705998
15828 1697756.748544
15825 1697774.878035
15824 1697780.922499
15823 1697786.968687
15822 1697793.014892
15819 1697811.158497
15818 1697817.209058
15817 1697823.260350
15814 1697841.415808
15813 1697847.469555
15812 1697853.523303
15810 1697865.631064
15809 1697871.685940
15807 1697883.795722
15806 1697889.851181
15805 1697895.907351
15804 1697901.964492
15799 1697932.250404
15798 1697938.307708
15797 1697944.365013
15795 1697956.492883
15792 1697974.687087
15791 1697980.751947
15788 1697998.952986
15787 1698005.022741
15783 1698029.303845
15776 1698071.798282
15775 1698077.870433
15773 1698090.015499
15769 1698114.314255
15768 1698120.390910
15766 1698132.549138
15760 1698169.026200
15759 1698175.108252
15758 1698181.190540
15757 1698187.273767
15756 1698193.357620
15755 1698199.443186
15749 1698235.959528
15748 1698242.047475
15746 1698254.225948
15742 1698278.594650
15739 1698296.878535
15736 1698315.164906
15734 1698327.360803
15733 1698333.459804
15732 1698339.559670
15731 1698345.659535
15730 1698351.759401
15729 1698357.859266
15726 1698376.172218
15721 1698406.697918
15720 1698412.803119
15717 1698431.121999
15716 1698437.229263
15715 1698443.336739
15714 1698449.444764
15713 1698455.556463
15709 1698480.004209
15707 1698492.230229
15706 1698498.343900
15705 1698504.458928
15704 1698510.573956
15703 1698516.688984
15702 1698522.804174
15700 1698535.037662
15699 1698541.154937
15698 1698547.273921
15697 1698553.394054
15694 1698571.755764
15689 1698602.363739
15685 1698626.851719
15683 1698639.102049
15682 1698645.228311
15681 1698651.355426
15678 1698669.739470
15677 1698675.868092
15676 1698681.996713
15675 1698688.125874
15673 1698700.387283
15671 1698712.649938
15669 1698724.913033
15667 1698737.178499
15666 1698743.312122
15662 1698767.858653
15661 1698773.995538
15660 1698780.134503
15659 1698786.273688
15654 1698816.982821
15653 1698823.125390
15651 1698835.411482
15646 1698866.129033
15645 1698872.272985
15643 1698884.561259
15641 1698896.854004
15640 1698903.002954
15639 1698909.151925
15638 1698915.305345
15637 1698921.463966
15634 1698939.941080
15633 1698946.101879
15631 1698958.427719
15629 1698970.758581
15628 1698976.924603
15627 1698983.091764
15626 1698989.259350
15624 1699001.595752
15616 1699050.941663
15613 1699069.446685
15610 1699087.953224
15608 1699100.292403
15607 1699106.462236
15603 1699131.142830
15602 1699137.313360
15600 1699149.654886
15599 1699155.826235
15598 1699162.001996
15595 1699180.529899
15594 1699186.711226
15589 1699217.624294
15586 1699236.174831
15585 1699242.359693
15584 1699248.545673
15583 1699254.735952
15582 1699260.929961
15576 1699298.138326
15574 1699310.542660
15571 1699329.149402
15569 1699341.554350
15567 1699353.963099
15566 1699360.168246
15565 1699366.375565
15564 1699372.583188
15562 1699385.006210
15561 1699391.220049
15559 1699403.656362
15558 1699409.880337
15557 1699416.104312
15556 1699422.328287
15553 1699441.001591
15550 1699459.677051
15548 1699472.143526
15546 1699484.611190
15545 1699490.847095
15544 1699497.086562
15542 1699509.567811
15541 1699515.809780
15539 1699528.302631
15536 1699547.042912
15533 1699565.790759
15531 1699578.294564
15524 1699622.075526
15523 1699628.330572
15522 1699634.587043
15521 1699640.843554
15520 1699647.100320
15518 1699659.615250
15516 1699672.133107
15514 1699684.655248
15512 1699697.180050
15511 1699703.443530
15508 1699722.236917
15506 1699734.767051
15501 1699766.096887
15499 1699778.631132
15498 1699784.901402
15497 1699791.171916
15496 1699797.447427
15495 1699803.723830
15493 1699816.277844
15492 1699822.558100
15491 1699828.839263
15488 1699847.684146
15486 1699860.252180
15485 1699866.537738
15483 1699879.111319
15479 1699904.260283
15478 1699910.548560
15477 1699916.836982
15475 1699929.425388
15469 1699967.205153
15467 1699979.800156
15465 1699992.396755
15464 1699998.696477
15463 1700004.998813
15461 1700017.607173
15458 1700036.522840
15457 1700042.828516
15448 1700099.606825
15446 1700112.241175
15443 1700131.203192
15442 1700137.528461
15440 1700150.179591
15439 1700156.505680
15432 1700200.808861
15429 1700219.796055
15425 1700245.112950
15424 1700251.446380
15423 1700257.780343
15422 1700264.115270
15421 1700270.451440
15418 1700289.461436
15416 1700302.144903
15415 1700308.488255
15413 1700321.175749
15412 1700327.519921
15409 1700346.556164
15406 1700365.601445
15404 1700378.300978
15403 1700384.653420
15401 1700397.359733
15400 1700403.715313
15399 1700410.070893
15397 1700422.784807
15396 1700429.142067
15393 1700448.220201
15390 1700467.311931
15389 1700473.676357
15388 1700480.044437
15384 1700505.525583
15382 1700518.266714
15381 1700524.640081
15380 1700531.014579
15378 1700543.769273
15376 1700556.527021
15375 1700562.906976
15374 1700569.287011
15372 1700582.047824
15368 1700607.576457
15365 1700626.730985
15364 1700633.118775
15358 1700671.447324
15356 1700684.225511
15355 1700690.616304
15352 1700709.800189
15350 1700722.598037
15349 1700728.997617
15344 1700761.020852
15342 1700773.837102
15341 1700780.246128
15340 1700786.655298
15333 1700831.537576
15330 1700850.794359
15326 1700876.470172
15325 1700882.890086
15324 1700889.310001
15323 1700895.729915
15320 1700914.990521
15319 1700921.411133
15318 1700927.831802
15317 1700934.254314
15314 1700953.532327
15311 1700972.816529
15308 1700992.106618
15300 1701043.552769
15299 1701049.985022
15294 1701082.166846
15293 1701088.606633
15290 1701107.934237
15289 1701114.380287
15282 1701159.517578
15279 1701178.866917
15278 1701185.318654
15277 1701191.771471
15276 1701198.228796
15274 1701211.148937
15272 1701224.069324
15271 1701230.530872
15270 1701236.998648
15269 1701243.469245
15268 1701249.941266
15264 1701275.832838
15261 1701295.253125
15259 1701308.200374
15256 1701327.622484
15253 1701347.049659
15252 1701353.525465
15251 1701360.001485
15250 1701366.478647
15249 1701372.960257
15248 1701379.445725
15247 1701385.935950
15246 1701392.426175
15245 1701398.916400
15244 1701405.406625
15243 1701411.896850
15242 1701418.387075
15241 1701424.877300
15239 1701437.857750
15238 1701444.347975
15237 1701450.838200
15236 1701457.328425
15235 1701463.818650
15232 1701483.316216
15227 1701515.837227
15226 1701522.343593
15225 1701528.849959
15223 1701541.863912
15220 1701561.389370
15219 1701567.898101
15216 1701587.425761
15215 1701593.937541
15213 1701606.967013
15211 1701619.997991
15210 1701626.516015
15207 1701646.070153
15206 1701652.590026
15204 1701665.631418
15202 1701678.677066
15200 1701691.724876
15199 1701698.249108
15198 1701704.773949
15197 1701711.300465
15191 1701750.470098
15189 1701763.527320
15188 1701770.058856
15186 1701783.123942
15185 1701789.661278
15184 1701796.200934
15183 1701802.741605
15182 1701809.282894
15172 1701874.703261
15169 1701894.334208
15167 1701907.425021
15163 1701933.611272
15161 1701946.708413
15160 1701953.257430
15159 1701959.808100
15158 1701966.359092
15156 1701979.461430
15155 1701986.012599
15152 1702005.674876
15151 1702012.230326
15149 1702025.344352
15146 1702045.016337
15145 1702051.574284
15144 1702058.134081
15143 1702064.693963
15141 1702077.816122
15140 1702084.377990
15139 1702090.945380
15136 1702110.653251
15135 1702117.223327
15134 1702123.797240
15133 1702130.371153
15132 1702136.945412
15130 1702150.096192
15128 1702163.248490
15125 1702182.983286
15122 1702202.721437
15121 1702209.304162
15119 1702222.472943
15114 1702255.407197
15112 1702268.587600
15111 1702275.179995
15109 1702288.367414
15107 1702301.555500
15106 1702308.155458
15105 1702314.759815
15104 1702321.367414
15095 1702380.856550
15092 1702400.695011
15089 1702420.535139
15088 1702427.149900
15086 1702440.384788
15083 1702460.240277
15081 1702473.487493
15077 1702499.984660
15076 1702506.609685
15075 1702513.235903
15074 1702519.863389
15073 1702526.490957
15071 1702539.748653
15070 1702546.377679
15067 1702566.267091
15066 1702572.898630
15065 1702579.531105
15064 1702586.166234
15061 1702606.076688
15059 1702619.352155
15056 1702639.267689
15055 1702645.908607
15052 1702665.844891
15051 1702672.492378
15050 1702679.139864
15049 1702685.787900
15048 1702692.436701
15047 1702699.088371
15046 1702705.741281
15043 1702725.700802
15041 1702739.013217
15040 1702745.669613
15039 1702752.329052
15035 1702778.987443
15031 1702805.669566
15030 1702812.340156
15029 1702819.011271
15028 1702825.682742
15027 1702832.354213
15026 1702839.028765
15025 1702845.705613
15021 1702872.417632
15020 1702879.098898
15019 1702885.783835
15018 1702892.471576
15017 1702899.167903
15012 1702932.649921
15011 1702939.348558
15010 1702946.047946
15009 1702952.748712
15006 1702972.854417
15004 1702986.260516
15003 1702992.964114
15000 1703013.080062
14999 1703019.785542
14998 1703026.491161
14997 1703033.197642
14995 1703046.612262
14993 1703060.034458
14989 1703086.891889
14985 1703113.753066
14981 1703140.619399
14976 1703174.205985
14974 1703187.643111
14973 1703194.364124
14972 1703201.085475
14969 1703221.255021
14966 1703241.429952
14964 1703254.884059
14963 1703261.615308
14961 1703275.078774
14960 1703281.811486
14959 1703288.545771
14958 1703295.281387
14956 1703308.755791
14955 1703315.493378
14954 1703322.233028
14952 1703335.713175
14951 1703342.455914
14949 1703355.941699
14948 1703362.684877
14945 1703382.916437
14941 1703409.892350
14936 1703443.612775
14935 1703450.358574
14934 1703457.105011
14933 1703463.851448
14931 1703477.349095
14930 1703484.099147
14929 1703490.850178
14928 1703497.604532
14924 1703524.647542
14923 1703531.408984
14921 1703544.938231
14919 1703558.475064
14918 1703565.252983
14917 1703572.031662
14916 1703578.812265
14913 1703599.154512
14912 1703605.937021
14911 1703612.720224
14909 1703626.288951
14908 1703633.074512
14905 1703653.439983
14904 1703660.231778
14902 1703673.815804
14901 1703680.608427
14900 1703687.401049
14899 1703694.193672
14898 1703700.987177
14896 1703714.578857
14893 1703734.967048
14892 1703741.766917
14891 1703748.568097
14890 1703755.369364
14887 1703775.805321
14886 1703782.618352
14885 1703789.434735
14884 1703796.252435
14883 1703803.070134
14878 1703837.162690
14875 1703857.625355
14873 1703871.267547
14869 1703898.577406
14867 1703912.236342
14865 1703925.896180
14862 1703946.394807
14856 1703987.419767
14853 1704007.935496
14852 1704014.776017
14850 1704028.472100
14849 1704035.320575
14845 1704062.715927
14842 1704083.263598
14840 1704096.967366
14839 1704103.819419
14837 1704117.536942
14836 1704124.397320
14835 1704131.259666
14834 1704138.122942
14833 1704144.990554
14832 1704151.860715
14828 1704179.353016
14827 1704186.229806
14826 1704193.107647
14825 1704199.985487
14824 1704206.863328
14823 1704213.741168
14822 1704220.619009
14821 1704227.496850
14820 1704234.374690
14819 1704241.252531
14818 1704248.130371
14817 1704255.011984
14816 1704261.894390
14814 1704275.667261
14812 1704289.440132
14811 1704296.326567
14810 1704303.213003
14809 1704310.099438
14808 1704316.985873
14805 1704337.647992
14804 1704344.539059
14802 1704358.321942
14798 1704385.899207
14797 1704392.795804
14796 1704399.692401
14795 1704406.588998
14794 1704413.485595
14793 1704420.382192
14792 1704427.278789
14786 1704468.673138
14785 1704475.573885
14781 1704503.187272
14778 1704523.906477
14777 1704530.813151
14774 1704551.535648
14773 1704558.446150
14770 1704579.178769
14769 1704586.097167
14767 1704599.935290
14766 1704606.858706
14764 1704620.705833
14763 1704627.629545
14762 1704634.554034
14761 1704641.480189
14759 1704655.332841
14758 1704662.259845
14757 1704669.188526
14755 1704683.049722
14754 1704689.981748
14752 1704703.855372
14750 1704717.731739
14748 1704731.615731
14747 1704738.558703
14743 1704766.333578
14741 1704780.224796
14740 1704787.175950
14739 1704794.127105
14735 1704821.935183
14733 1704835.841433
14732 1704842.803763
14730 1704856.735684
14728 1704870.672485
14725 1704891.589527
14724 1704898.564877
14719 1704933.496322
14718 1704940.484203
14715 1704961.453491
14714 1704968.443486
14712 1704982.437632
14711 1704989.437975
14704 1705038.442151
14703 1705045.448342
14701 1705059.463458
14696 1705094.512887
14695 1705101.525411
14694 1705108.539517
14693 1705115.555748
14692 1705122.574279
14691 1705129.594337
14689 1705143.641713
14687 1705157.690708
14685 1705171.741967
14684 1705178.767782
14682 1705192.820351
14679 1705213.900831
14677 1705227.960941
14674 1705249.076777
14672 1705263.154285
14668 1705291.313118
14667 1705298.352954
14666 1705305.394201
14664 1705319.487147
14663 1705326.534917
14662 1705333.583288
14661 1705340.631660
14659 1705354.728568
14657 1705368.835831
14655 1705382.955294
14654 1705390.015194
14652 1705404.142744
14649 1705425.342453
14648 1705432.410855
14647 1705439.482882
14643 1705467.773301
14641 1705481.922013
14634 1705531.446328
14631 1705552.672335
14630 1705559.747767
14629 1705566.823992
14627 1705580.981509
14625 1705595.154563
14621 1705623.511102
14618 1705644.785710
14614 1705673.177655
14613 1705680.278637
14612 1705687.380279
14611 1705694.482195
14609 1705708.702716
14605 1705737.149110
14604 1705744.262352
14603 1705751.381003
14599 1705779.859160
14598 1705786.979130
14595 1705808.357464
14594 1705815.483824
14592 1705829.738726
14590 1705843.996723
14588 1705858.257858
14586 1705872.520480
14583 1705893.917753
14581 1705908.183073
14579 1705922.454575
14577 1705936.726630
14575 1705951.007173
14574 1705958.150736
14570 1705986.726348
14566 1706015.304777
14561 1706051.046083
14560 1706058.198054
14559 1706065.354313
14558 1706072.511232
14557 1706079.668281
14555 1706093.984500
14554 1706101.143066
14553 1706108.304686
14552 1706115.469054
14551 1706122.633658
14550 1706129.803993
14548 1706144.151266
14546 1706158.498805
14545 1706165.676228
14544 1706172.854863
14543 1706180.034855
14542 1706187.215210
14540 1706201.578453
14538 1706215.947918
14536 1706230.320276
14534 1706244.692755
14533 1706251.879592
14528 1706287.815294
14527 1706295.003357
14526 1706302.195384
14522 1706330.972710
14521 1706338.168184
14519 1706352.569349
14518 1706359.770893
14510 1706417.391314
14507 1706439.006244
14505 1706453.418339
14500 1706489.451527
14498 1706503.879503
14497 1706511.096031
14496 1706518.314824
14495 1706525.533901
14494 1706532.753182
14493 1706539.972463
14492 1706547.191744
14487 1706583.301238
14484 1706604.969124
14483 1706612.192004
14480 1706633.881012
14479 1706641.114476
14474 1706677.290223
14473 1706684.527314
14471 1706699.002367
14465 1706742.427732
14460 1706778.617998
14458 1706793.094244
14456 1706807.572953
14455 1706814.815251
14453 1706829.300245
14452 1706836.544508
14451 1706843.790051
14450 1706851.036859
14448 1706865.532446
14447 1706872.781667
14445 1706887.285068
14442 1706909.040193
14441 1706916.293720
14439 1706930.813999
14436 1706952.612889
14429 1707003.485736
14428 1707010.754284
14426 1707025.300267
14424 1707039.851766
14421 1707061.698507
14420 1707068.981797
14418 1707083.548747
14416 1707098.117621
14414 1707112.696184
14409 1707149.146254
14407 1707163.728810
14406 1707171.020231
14404 1707185.606101
14403 1707192.901760
14402 1707200.201352
14401 1707207.500945
14400 1707214.800572
14398 1707229.401414
14397 1707236.704383
14396 1707244.007352
14395 1707251.311297
14394 1707258.615243
14393 1707265.919652
14386 1707317.059726
14385 1707324.365604
14382 1707346.289816
14378 1707375.523937
14372 1707419.389980
14371 1707426.703022
14370 1707434.016896
14368 1707448.646584
14365 1707470.594879
14363 1707485.227841
14362 1707492.545295
14360 1707507.184058
14358 1707521.824394
14357 1707529.147058
14356 1707536.472812
14353 1707558.475026
14351 1707573.160881
14349 1707587.863276
14346 1707609.918633
14344 1707624.623998
14332 1707712.891546
14331 1707720.253087
14329 1707734.983597
14326 1707757.086619
14325 1707764.465884
14323 1707779.230390
14321 1707793.999802
14320 1707801.384996
14319 1707808.770622
14318 1707816.157133
14317 1707823.545819
14311 1707867.942420
14304 1707919.742807
14303 1707927.144570
14302 1707934.548656
14301 1707941.956304
14298 1707964.185819
14297 1707971.595728
14294 1707993.835911
14293 1708001.250634
14289 1708030.914113
14288 1708038.331558
14287 1708045.751911
14285 1708060.598761
14283 1708075.446480
14281 1708090.296303
14279 1708105.146951
14277 1708120.001576
14276 1708127.430370
14274 1708142.288242
14270 1708172.004891
14269 1708179.434715
14266 1708201.724323
14264 1708216.590434
14262 1708231.466365
14260 1708246.348133
14255 1708283.557256
14251 1708313.326691
14250 1708320.769898
14245 1708357.987066
14244 1708365.430681
14242 1708380.319060
14241 1708387.764775
14240 1708395.210759
14239 1708402.658108
14238 1708410.106720
14234 1708439.904939
14231 1708462.311591
14228 1708484.718965
14227 1708492.189640
14224 1708514.606643
14221 1708537.028314
14219 1708551.980188
14218 1708559.456292
14217 1708566.937522
14214 1708589.389361
14212 1708604.360856
14211 1708611.847163
14209 1708626.825788
14208 1708634.318329
14207 1708641.810989
14206 1708649.308400
14205 1708656.809086
14201 1708686.822117
14200 1708694.328207
14198 1708709.341341
14196 1708724.357126
14195 1708731.866502
14193 1708746.904432
14190 1708769.462680
14189 1708776.984081
14186 1708799.550187
14185 1708807.074610
14184 1708814.599033
14183 1708822.125334
14180 1708844.704252
14176 1708874.814241
14174 1708889.873496
14171 1708912.465431
14170 1708919.996101
14167 1708942.605706
14166 1708950.148211
14161 1708987.866375
14159 1709002.957654
14157 1709018.051176
14156 1709025.604880
14152 1709055.832766
14151 1709063.391620
14149 1709078.511924
14148 1709086.078400
14146 1709101.212924
14144 1709116.348331
14143 1709123.917856
14141 1709139.058864
14138 1709161.770596
14137 1709169.342015
14135 1709184.488151
14134 1709192.061378
14126 1709252.662224
14124 1709267.818168
14123 1709275.397716
14120 1709298.143695
14117 1709320.891947
14116 1709328.475430
14114 1709343.656862
14112 1709358.841722
14110 1709374.039909
14107 1709396.843782
14106 1709404.445974
14103 1709427.255906
14100 1709450.075267
14098 1709465.295470
14095 1709488.127317
14094 1709495.743798
14093 1709503.361006
14092 1709510.980587
14091 1709518.603221
14089 1709533.849095
14088 1709541.472231
14087 1709549.098256
14085 1709564.351872
14083 1709579.609517
14080 1709602.509692
14079 1709610.145164
14078 1709617.782226
14077 1709625.422339
14075 1709640.707052
14071 1709671.280984
14067 1709701.863117
14066 1709709.508688
14063 1709732.453521
14059 1709763.048808
14057 1709778.356281
14056 1709786.014964
14055 1709793.678053
14054 1709801.341611
14052 1709816.669060
14051 1709824.334499
14049 1709839.665464
14047 1709854.996766
14043 1709885.669751
14042 1709893.339503
14041 1709901.009722
14038 1709924.020916
14036 1709939.367784
14034 1709954.721864
14031 1709977.764808
14030 1709985.445904
14028 1710000.841156
14027 1710008.539716
14026 1710016.238770
14024 1710031.641514
14021 1710054.750897
14015 1710100.973843
14014 1710108.678972
14013 1710116.384186
14010 1710139.506468
14008 1710154.921837
14007 1710162.629658
14004 1710185.763911
14003 1710193.475452
13999 1710224.326346
13996 1710247.465521
13992 1710278.324849
13991 1710286.042018
13990 1710293.763046
13988 1710309.218157
13987 1710316.949728
13986 1710324.684644
13985 1710332.419613
13984 1710340.154629
13983 1710347.890612
13981 1710363.363471
13980 1710371.100461
13977 1710394.311696
13976 1710402.049356
13974 1710417.532855
13967 1710471.727520
13966 1710479.469767
13964 1710494.957720
13959 1710533.679008
13955 1710564.658693
13954 1710572.413867
13951 1710595.686307
13950 1710603.444522
13948 1710618.960970
13945 1710642.249701
13943 1710657.775643
13940 1710681.094164
13938 1710696.640792
13934 1710727.735968
13933 1710735.512180
13932 1710743.291763
13930 1710758.855835
13929 1710766.642708
13927 1710782.223743
13920 1710836.759167
13917 1710860.135783
13911 1710906.890461
13907 1710938.091262
13906 1710945.891531
13905 1710953.691800
13904 1710961.495680
13903 1710969.299684
13901 1710984.913343
13895 1711031.761615
13894 1711039.573985
13893 1711047.387018
13887 1711094.299910
13886 1711102.120948
13882 1711133.409787
13880 1711149.056081
13879 1711156.880004
13876 1711180.353193
13875 1711188.181043
13873 1711203.841389
13870 1711227.337805
13869 1711235.172987
13868 1711243.010143
13865 1711266.526993
13864 1711274.366704
13859 1711313.567639
13857 1711329.249820
13856 1711337.093386
13855 1711344.936964
13853 1711360.635615
13850 1711384.187822
13849 1711392.043022
13847 1711407.753725
13845 1711423.467260
13844 1711431.325551
13843 1711439.183841
13842 1711447.042132
13841 1711454.902671
13837 1711486.346889
13834 1711509.935878
13833 1711517.800795
13829 1711549.264266
13826 1711572.866014
13822 1711604.338929
13821 1711612.208529
13820 1711620.078322
13819 1711627.949699
13818 1711635.823120
13816 1711651.573080
13815 1711659.449262
13813 1711675.221951
13810 1711698.882175
13809 1711706.771357
13807 1711722.550165
13806 1711730.439591
13805 1711738.330461
13804 1711746.222304
13803 1711754.114428
13802 1711762.008327
13801 1711769.917434
13799 1711785.739828
13793 1711833.213070
13790 1711856.952929
13789 1711864.868057
13786 1711888.616617
13785 1711896.539856
13783 1711912.389615
13781 1711928.241217
13776 1711967.871516
13774 1711983.729254
13773 1711991.660748
13771 1712007.528385
13769 1712023.397938
13767 1712039.274194
13765 1712055.154246
13763 1712071.034665
13762 1712078.975179
13761 1712086.917142
13759 1712102.802193
13756 1712126.629946
13755 1712134.578525
13754 1712142.529321
13753 1712150.480397
13752 1712158.431781
13749 1712182.286642
13748 1712190.239576
13747 1712198.195866
13746 1712206.152428
13744 1712222.070423
13741 1712245.947925
13740 1712253.908596
13738 1712269.830924
13737 1712277.797138
13736 1712285.763889
13735 1712293.730640
13734 1712301.697941
13732 1712317.635029
13729 1712341.544896
13728 1712349.523332
13727 1712357.507337
13726 1712365.492220
13722 1712397.444160
13719 1712421.410724
13716 1712445.390984
13714 1712461.381051
13711 1712485.381051
13710 1712493.381051
13709 1712501.381860
13707 1712517.384685
13703 1712549.396207
13702 1712557.401138
13701 1712565.410078
13698 1712589.443644
13696 1712605.479161
13695 1712613.497280
13691 1712645.575976
13689 1712661.617985
13686 1712685.687340
13685 1712693.714046
13682 1712717.798023
13681 1712725.828433
13678 1712749.924650
13670 1712814.195611
13668 1712830.265397
13667 1712838.300431
13665 1712854.374099
13662 1712878.490647
13660 1712894.574414
13655 1712934.784767
13652 1712958.921315
13651 1712966.973284
13650 1712975.025252
13649 1712983.077221
13648 1712991.130422
13647 1712999.192895
13644 1713023.381599
13639 1713063.700626
13636 1713087.893396
13635 1713095.958425
13633 1713112.091433
13632 1713120.159732
13628 1713152.435453
13626 1713168.575258
13623 1713192.785180
13620 1713216.995620
13619 1713225.068728
13618 1713233.142762
13614 1713265.439456
13613 1713273.514631
13610 1713297.740405
13608 1713313.891022
13607 1713321.970266
13606 1713330.049538
13603 1713354.301649
13602 1713362.386797
13601 1713370.473135
13599 1713386.647815
13597 1713402.823567
13595 1713419.001699
13594 1713427.092010
13593 1713435.184407
13592 1713443.281310
13591 1713451.378771
13586 1713491.877626
13585 1713499.982114
13584 1713508.087942
13583 1713516.196773
13582 1713524.308902
13578 1713556.775428
13576 1713573.012500
13574 1713589.253493
13573 1713597.374726
13571 1713613.628294
13570 1713621.755346
13569 1713629.890958
13566 1713654.315035
13564 1713670.603818
13558 1713719.485214
13557 1713727.635263
13556 1713735.785421
13554 1713752.098612
13549 1713792.890197
13543 1713841.841233
13538 1713882.633983
13537 1713890.793009
13535 1713907.115056
13534 1713915.277597
13531 1713939.784442
13530 1713947.953771
13529 1713956.130756
13527 1713972.493990
13525 1713988.860721
13523 1714005.231405
13522 1714013.417370
13521 1714021.604272
13520 1714029.795155
13519 1714037.987155
13518 1714046.180765
13510 1714111.730680
13509 1714119.924965
13506 1714144.526820
13502 1714177.329816
13501 1714185.531007
13500 1714193.732407
13499 1714201.934592
13494 1714242.955837
13493 1714251.161296
13492 1714259.366755
13486 1714308.624851
13483 1714333.256785
13482 1714341.470275
13481 1714349.684263
13478 1714374.329945
13475 1714398.975880
13474 1714407.194319
13473 1714415.413168
13470 1714440.070314
13467 1714464.730354
13466 1714472.951454
13465 1714481.174429
13464 1714489.402340
13463 1714497.631747
13461 1714514.094995
13457 1714547.044899
13456 1714555.285134
13454 1714571.767486
13453 1714580.011076
13452 1714588.256026
13447 1714629.503077
13446 1714637.762421
13445 1714646.025517
13444 1714654.289010
13443 1714662.553672
13442 1714670.818335
13441 1714679.082997
13439 1714695.617108
13438 1714703.884597
13436 1714720.423459
13434 1714736.966109
13433 1714745.238358
13426 1714803.154254
13423 1714827.986961
13419 1714861.102822
13415 1714894.221009
13413 1714910.787410
13411 1714927.354248
13410 1714935.637667
13409 1714943.921900
13408 1714952.207787
13406 1714968.779971
13399 1715026.802554
13398 1715035.092306
13396 1715051.676141
13395 1715059.970581
13394 1715068.265021
13393 1715076.559788
13392 1715084.855264
13391 1715093.151427
13390 1715101.452375
13388 1715118.058974
13387 1715126.363986
13386 1715134.673623
13383 1715159.614207
13382 1715167.928616
13380 1715184.560703
13376 1715217.843966
13374 1715234.497152
13372 1715251.152435
13370 1715267.809019
13369 1715276.140239
13366 1715301.136183
13364 1715317.801308
13363 1715326.136720
13362 1715334.475170
13361 1715342.814396
13359 1715359.504842
13357 1715376.214552
13354 1715401.282848
13353 1715409.644750
13351 1715426.373971
13350 1715434.741985
13347 1715459.852040
13341 1715510.095358
13336 1715551.995764
13333 1715577.143961
13332 1715585.528765
13331 1715593.914969
13330 1715602.302207
13329 1715610.698400
13327 1715627.492176
13326 1715635.892496
13322 1715669.500665
13317 1715711.541721
13314 1715736.767747
13309 1715778.823385
13308 1715787.235569
13306 1715804.064500
13303 1715829.309612
13300 1715854.565666
13297 1715879.822372
13296 1715888.241576
13293 1715913.503681
13291 1715930.351380
13288 1715955.633723
13285 1715980.922959
13284 1715989.354556
13280 1716023.090049
13279 1716031.525385
13277 1716048.402589
13276 1716056.841316
13273 1716082.158258
13271 1716099.037677
13269 1716115.917641
13268 1716124.362720
13267 1716132.808038
13265 1716149.698982
13263 1716166.610452
13262 1716175.068670
13261 1716183.528328
13256 1716225.836908
13253 1716251.234146
13252 1716259.700879
13251 1716268.169989
13250 1716276.639970
13249 1716285.109952
13248 1716293.583999
13246 1716310.532604
13243 1716335.968324
13241 1716352.925557
13239 1716369.882799
13232 1716429.244234
13231 1716437.727241
13230 1716446.214035
13227 1716471.674726
13223 1716505.624000
13221 1716522.607353
13219 1716539.597076
13218 1716548.094719
13217 1716556.592362
13216 1716565.090018
13215 1716573.602171
13214 1716582.116326
13210 1716616.185158
13208 1716633.224713
13207 1716641.745028
13204 1716667.307999
13201 1716692.892495
13200 1716701.422732
13199 1716709.960867
13198 1716718.499209
13196 1716735.592692
13195 1716744.143714
13193 1716761.249428
13192 1716769.804889
13183 1716846.839710
13182 1716855.399577
13181 1716863.959444
13180 1716872.519311
13179 1716881.079178
13178 1716889.647794
13176 1716906.789614
13172 1716941.100131
13171 1716949.678705
13168 1716975.414488
13166 1716992.575664
13162 1717026.923206
13154 1717095.621912
13152 1717112.797102
13151 1717121.386368
13149 1717138.568333
13148 1717147.159873
13146 1717164.351728
13145 1717172.951553
13142 1717198.752761
13141 1717207.354807
13140 1717215.957293
13139 1717224.562951
13138 1717233.171844
13135 1717259.000344
13133 1717276.227741
13132 1717284.841454
13130 1717302.069662
13128 1717319.302213
13125 1717345.191539
13124 1717353.823554
13123 1717362.455570
13122 1717371.088144
13120 1717388.356763
13119 1717396.995526
13118 1717405.634380
13117 1717414.277163
13115 1717431.576096
13114 1717440.226357
13113 1717448.876895
13112 1717457.540275
13110 1717474.867581
13109 1717483.537720
13105 1717518.218782
13103 1717535.586934
13101 1717552.962057
13100 1717561.655722
13096 1717596.434840
13095 1717605.131871
13094 1717613.828903
13093 1717622.525934
13091 1717639.933126
13090 1717648.637068
13089 1717657.343015
13087 1717674.758275
13082 1717718.309206
13081 1717727.019469
13080 1717735.730092
13079 1717744.441974
13078 1717753.155360
13076 1717770.587399
13075 1717779.306205
13073 1717796.747095
13072 1717805.470451
13071 1717814.194673
13068 1717840.372562
13065 1717866.554759
13063 1717884.015675
13061 1717901.479016
13059 1717918.945052
13057 1717936.411463
13056 1717945.145139
13054 1717962.631537
13052 1717980.122820
13051 1717988.870970
13049 1718006.372491
13046 1718032.626839
13045 1718041.378746
13043 1718058.898475
13040 1718085.181574
13037 1718111.466901
13035 1718128.991609
13033 1718146.520189
13032 1718155.285506
13031 1718164.055754
13027 1718199.137121
13024 1718225.450422
13023 1718234.223083
13022 1718242.997142
13021 1718251.771200
13020 1718260.554720
13019 1718269.338947
13014 1718313.306142
13013 1718322.101658
13012 1718330.897255
13011 1718339.698153
13009 1718357.300726
13006 1718383.714294
13004 1718401.328605
13002 1718418.945570
13001 1718427.755158
13000 1718436.567280
12999 1718445.380189
12998 1718454.193098
12997 1718463.006007
12995 1718480.651324
12994 1718489.476005
12993 1718498.311905
12992 1718507.152424
12991 1718515.996896
12990 1718524.843292
12989 1718533.691126
12988 1718542.541650
12985 1718569.106601
12984 1718577.962457
12983 1718586.820497
12982 1718595.680487
12980 1718613.401017
12978 1718631.125331
12976 1718648.850485
12975 1718657.715713
12974 1718666.583274
12973 1718675.450850
12971 1718693.189393
12969 1718710.930572
12968 1718719.803285
12966 1718737.553707
12965 1718746.432444
12962 1718773.077078
12961 1718781.961335
12960 1718790.846608
12959 1718799.733271
12958 1718808.625267
12956 1718826.412551
12955 1718835.317420
12953 1718853.130803
12949 1718888.775362
12946 1718915.511716
12945 1718924.423844
12944 1718933.336612
12942 1718951.162225
12941 1718960.077090
12940 1718968.993550
12938 1718986.828547
12933 1719031.421718
12931 1719049.261087
12930 1719058.184348
12923 1719120.740172
12922 1719129.677439
12920 1719147.552983
12919 1719156.492954
12911 1719228.013903
12909 1719245.904069
12908 1719254.850221
12907 1719263.802452
12906 1719272.756824
12904 1719290.677626
12900 1719326.527040
12898 1719344.456412
12893 1719389.282655
12891 1719407.213409
12888 1719434.117606
12885 1719461.025967
12884 1719469.999571
12883 1719478.975129
12882 1719487.959814
12881 1719496.952797
12878 1719523.944254
12877 1719532.945061
12876 1719541.948418
12873 1719568.972670
12871 1719586.991587
12867 1719623.044382
12866 1719632.058665
12864 1719650.098254
12862 1719668.137842
12861 1719677.159280
12860 1719686.182158
12858 1719704.239580
12857 1719713.269462
12851 1719767.498941
12849 1719785.577143
12847 1719803.659840
12846 1719812.702053
12844 1719830.791326
12843 1719839.837646
12842 1719848.885894
12841 1719857.935011
12839 1719876.039589
12837 1719894.144210
12836 1719903.197928
12832 1719939.415431
12830 1719957.527957
12828 1719975.640573
12825 1720002.812363
12824 1720011.875776
12823 1720020.939635
12822 1720030.006059
12815 1720093.526068
12807 1720166.145289
12806 1720175.225115
12805 1720184.310241
12804 1720193.401232
12802 1720211.587566
12801 1720220.681233
12800 1720229.775460
12798 1720247.976082
12795 1720275.284572
12794 1720284.389044
12788 1720339.043434
12787 1720348.153190
12780 1720412.005188
12779 1720421.128242
12776 1720448.509853
12775 1720457.638371
12773 1720475.897060
12771 1720494.158081
12770 1720503.294569
12768 1720521.583616
12767 1720530.728191
12764 1720558.165891
12761 1720585.608346
12760 1720594.756776
12755 1720640.526911
12753 1720658.839588
12749 1720695.469984
12747 1720713.788527
12746 1720722.952727
12744 1720741.313483
12742 1720759.674395
12738 1720796.403857
12737 1720805.588646
12736 1720814.779155
12734 1720833.160185
12730 1720869.948095
12728 1720888.344834
12722 1720943.555560
12720 1720961.960763
12719 1720971.168103
12718 1720980.376642
12714 1721017.217193
12713 1721026.432308
12711 1721044.870647
12708 1721072.541034
12707 1721081.764788
12705 1721100.220155
12704 1721109.451504
12701 1721137.147538
12698 1721164.843638
12695 1721192.541128
12694 1721201.775215
12693 1721211.009315
12692 1721220.247019
12691 1721229.491344
12686 1721275.781694
12684 1721294.298150
12681 1721322.079035
12680 1721331.339392
12679 1721340.603261
12676 1721368.397732
12674 1721386.928312
12673 1721396.195571
12672 1721405.476286
12671 1721414.758931
12666 1721461.208713
12665 1721470.502039
12663 1721489.096241
12662 1721498.395871
12659 1721526.296787
12657 1721544.898521
12653 1721582.115612
12650 1721610.032556
12646 1721647.261804
12642 1721684.510196
12641 1721693.823570
12640 1721703.144828
12636 1721740.448898
12634 1721759.101016
12631 1721787.084787
12630 1721796.413550
12629 1721805.743299
12628 1721815.073048
12627 1721824.403888
12626 1721833.736060
12625 1721843.073876
12619 1721899.113918
12617 1721917.795279
12615 1721936.477554
12614 1721945.820138
12612 1721964.505651
12610 1721983.195811
12609 1721992.542129
12608 1722001.889341
12607 1722011.236800
12606 1722020.590753
12605 1722029.948632
12601 1722067.385780
12600 1722076.745502
12595 1722123.563906
12593 1722142.296383
12592 1722151.667945
12589 1722179.783220
12586 1722207.905019
12585 1722217.279156
12581 1722254.786138
12580 1722264.166050
12579 1722273.547759
12577 1722292.312570
12575 1722311.090957
12572 1722339.266355
12570 1722358.059386
12569 1722367.456195
12567 1722386.257731
12566 1722395.660688
12565 1722405.065851
12564 1722414.473067
12562 1722433.309174
12561 1722442.743390
12560 1722452.186832
12558 1722471.073715
12557 1722480.519285
12555 1722499.420098
12552 1722527.781506
12549 1722556.147833
12547 1722575.067548
12546 1722584.528757
12545 1722593.993006
12544 1722603.459302
12534 1722698.157319
12527 1722764.447726
12526 1722773.918993
12525 1722783.394100
12523 1722802.353640
12520 1722830.807954
12511 1722916.198718
12506 1722963.638810
12499 1723030.061477
12498 1723039.550888
12497 1723049.041821
12494 1723077.534377
12493 1723087.040097
12490 1723115.558535
12488 1723134.571888
12487 1723144.081663
12484 1723172.611490
12481 1723201.152303
12480 1723210.678694
12479 1723220.207428
12476 1723248.797696
12475 1723258.329663
12472 1723286.927897
12468 1723325.063508
12464 1723363.201397
12463 1723372.740023
12462 1723382.283379
12460 1723401.378346
12459 1723410.926963
12458 1723420.480793
12455 1723449.171110
12454 1723458.735079
12453 1723468.299307
12450 1723497.017091
12446 1723535.325709
12443 1723564.066819
12442 1723573.648145
12441 1723583.239676
12439 1723602.424744
12438 1723612.018478
12436 1723631.208148
12430 1723688.781332
12428 1723707.975003
12427 1723717.574478
12425 1723736.774310
12423 1723755.974877
12421 1723775.176060
12420 1723784.779307
12419 1723794.386920
12416 1723823.212605
12412 1723861.647774
12404 1723938.563321
12400 1723977.027113
12397 1724005.890609
12395 1724025.133775
12393 1724044.384977
12391 1724063.636733
12390 1724073.266889
12388 1724092.539869
12387 1724102.179981
12386 1724111.820670
12385 1724121.461800
12383 1724140.747178
12380 1724169.688752
12379 1724179.340237
12378 1724188.991721
12377 1724198.643206
12376 1724208.295967
12375 1724217.949820
12374 1724227.614974
12373 1724237.283908
12372 1724246.952842
12371 1724256.623799
12369 1724275.969635
12366 1724305.020232
12362 1724343.760957
12358 1724382.501888
12357 1724392.188445
12355 1724411.563103
12354 1724421.256096
12353 1724430.950493
12352 1724440.650750
12351 1724450.355810
12348 1724479.479085
12346 1724498.897927
12345 1724508.607433
12344 1724518.316939
12343 1724528.029938
12342 1724537.744433
12337 1724586.321266
12332 1724634.919312
12331 1724644.640262
12330 1724654.368678
12324 1724712.760549
12323 1724722.493531
12322 1724732.227640
12320 1724751.698148
12319 1724761.433485
12314 1724810.114289
12313 1724819.855844
12312 1724829.598257
12311 1724839.343316
12310 1724849.088458
12309 1724858.839295
12307 1724878.345841
12305 1724897.860556
12304 1724907.632067
12303 1724917.405744
12302 1724927.182096
12300 1724946.755215
12298 1724966.334398
12297 1724976.126592
12296 1724985.921040
12295 1724995.721474
12293 1725015.326401
12292 1725025.129660
12290 1725044.736982
12289 1725054.540655
12288 1725064.348732
12284 1725103.586998
12280 1725142.844917
12278 1725162.482968
12272 1725221.488986
12269 1725250.996262
12267 1725270.668538
12266 1725280.505536
12257 1725369.064841
12253 1725408.425010
12252 1725418.265149
12249 1725447.811557
12248 1725457.666556
12239 1725546.449804
12238 1725556.324107
12237 1725566.199397
12235 1725585.958409
12231 1725625.494274
12226 1725674.916827
12225 1725684.805100
12223 1725704.591181
12222 1725714.484911
12221 1725724.382293
12220 1725734.286240
12219 1725744.190414
12216 1725773.905673
12214 1725793.719183
12213 1725803.630070
12212 1725813.542800
12211 1725823.459773
12207 1725863.141941
12205 1725882.997430
12201 1725922.712801
12195 1725982.298914
12193 1726002.162950
12192 1726012.106844
12191 1726022.050862
12190 1726031.995013
12189 1726041.939163
12188 1726051.889502
12185 1726081.763405
12182 1726111.669298
12178 1726151.551396
12177 1726161.526714
12175 1726181.485985
12169 1726241.372530
12168 1726251.356431
12166 1726271.328486
12165 1726281.318326
12164 1726291.317904
12163 1726301.317747
12162 1726311.318362
12161 1726321.321427
12159 1726341.346024
12155 1726381.405834
12154 1726391.424550
12153 1726401.449424
12151 1726421.505519
12146 1726471.661444
12145 1726481.693473
12144 1726491.736127
12141 1726521.870384
12138 1726552.013825
12137 1726562.065564
12136 1726572.119846
12134 1726592.247348
12127 1726662.809129
12126 1726672.892494
12124 1726693.061497
12122 1726713.240142
12121 1726723.330905
12120 1726733.422390
12119 1726743.516761
12116 1726773.802656
12112 1726814.205390
12110 1726834.406845
12109 1726844.511539
12108 1726854.619190
12107 1726864.746352
12104 1726895.136123
12103 1726905.271051
12102 1726915.406614
12100 1726935.678932
12099 1726945.816342
12098 1726955.956038
12097 1726966.102078
12096 1726976.257679
12094 1726996.580404
12093 1727006.746905
12092 1727016.913406
12091 1727027.082914
12089 1727047.425989
12088 1727057.601108
12087 1727067.778175
12083 1727108.491595
12082 1727118.675313
12079 1727149.229299
12078 1727159.419222
12077 1727169.611356
12075 1727190.004438
12072 1727220.599257
12068 1727261.396076
12067 1727271.605308
12066 1727281.816322
12064 1727302.241140
12061 1727332.878558
12058 1727363.518439
12055 1727394.161453
12054 1727404.379562
12052 1727424.818065
12050 1727445.262617
12046 1727486.174355
12044 1727506.639893
12035 1727598.787341
12033 1727619.269988
12032 1727629.514307
12031 1727639.760348
12030 1727650.007276
12027 1727680.750834
12024 1727711.495406
12021 1727742.242053
12018 1727773.009044
12017 1727783.274588
12015 1727803.809895
12014 1727814.081433
12003 1727927.165434
12001 1727947.730641
11997 1727988.874445
11994 1728019.735800
11993 1728030.023020
11990 1728060.885805
11989 1728071.176127
11985 1728112.340782
11981 1728153.506071
11980 1728163.803130
11978 1728184.405015
11976 1728205.030636
11975 1728215.345783
11972 1728246.291322
11971 1728256.616450
11968 1728287.602553
11967 1728297.932469
11966 1728308.263942
11965 1728318.597274
11963 1728339.264963
11959 1728380.615446
11957 1728401.300170
11956 1728411.643891
11955 1728421.988961
11948 1728494.435854
11946 1728515.140924
11945 1728525.495570
11943 1728546.206422
11939 1728587.650415
11937 1728608.377375
11936 1728618.744785
11935 1728629.114513
11934 1728639.485595
11932 1728660.232545
11931 1728670.606594
11930 1728680.981887
11928 1728701.735152
11926 1728722.497645
11924 1728743.261512
11922 1728764.041337
11921 1728774.441283
11920 1728784.842391
11918 1728805.649938
11914 1728847.272936
11912 1728868.086998
11910 1728888.907142
11908 1728909.728348
11906 1728930.569578
11905 1728940.993715
11903 1728961.844373
11899 1729003.549609
11898 1729013.976748
11897 1729024.407963
11896 1729034.841243
11895 1729045.277293
11894 1729055.718597
11893 1729066.161799
11892 1729076.617554
11886 1729139.375405
11884 1729160.311782
11882 1729181.251364
11881 1729191.722667
11880 1729202.196959
11876 1729244.094810
11875 1729254.573658
11870 1729306.988776
11868 1729327.958053
11865 1729359.416718
11863 1729380.409553
11861 1729401.408526
11860 1729411.913792
11859 1729422.420938
11858 1729432.934856
11857 1729443.450389
11856 1729453.966000
11850 1729517.069975
11849 1729527.588750
11848 1729538.108497
11847 1729548.629038
11845 1729569.682365
11844 1729580.218807
11841 1729611.845989
11840 1729622.391144
11838 1729643.500298
11837 1729654.066707
11835 1729675.219830
11833 1729696.374830
11831 1729717.534462
11830 1729728.118007
11829 1729738.710481
11828 1729749.318954
11825 1729781.145377
11824 1729791.754830
11823 1729802.368340
11822 1729812.982015
11821 1729823.595726
11820 1729834.215814
11818 1729855.460309
11816 1729876.705439
11812 1729919.280285
11810 1729940.571618
11807 1729972.517526
11806 1729983.166775
11805 1729993.816117
11803 1730015.127982
11801 1730036.442342
11796 1730089.728814
11795 1730100.389932
11793 1730121.713844
11792 1730132.383861
11789 1730164.397320
11786 1730196.414246
11782 1730239.117357
11777 1730292.508913
11774 1730324.559137
11773 1730335.245807
11770 1730367.317962
11767 1730399.397118
11765 1730420.801159
11763 1730442.207088
11758 1730495.754612
11756 1730517.178221
11754 1730538.608911
11752 1730560.041102
11751 1730570.758878
11750 1730581.479010
11748 1730602.919965
11746 1730624.384512
11743 1730656.585909
11740 1730688.793849
11739 1730699.535683
11738 1730710.279986
11737 1730721.032374
11735 1730742.548945
11731 1730785.629931
11730 1730796.400319
11729 1730807.176244
11723 1730871.855358
11721 1730893.417332
11720 1730904.201796
11718 1730925.771163
11717 1730936.561859
11715 1730958.174754
11713 1730979.789963
11706 1731055.470637
11705 1731066.285108
11701 1731109.554476
11699 1731131.190605
11697 1731152.838265
11696 1731163.664319
11691 1731217.797468
11690 1731228.633142
11688 1731250.320515
11687 1731261.167070
11682 1731315.401855
11681 1731326.249890
11680 1731337.099479
11677 1731369.656603
11674 1731402.224584
11672 1731423.959396
11670 1731445.708168
11668 1731467.459810
11667 1731478.343060
11665 1731500.111821
11664 1731510.996742
11663 1731521.884813
11659 1731565.442403
11656 1731598.114614
11655 1731609.013727
11653 1731630.815788
11646 1731707.135546
11645 1731718.045403
11643 1731739.870494
11640 1731772.613495
11638 1731794.445011
11637 1731805.369027
11636 1731816.295422
11634 1731838.156077
11633 1731849.087407
11632 1731860.018894
11630 1731881.889018
11628 1731903.761731
11626 1731925.647629
11624 1731947.539407
11621 1731980.396027
11618 1732013.257972
11617 1732024.212765
11615 1732046.137722
11614 1732057.100551
11612 1732079.026382
11611 1732089.990195
11608 1732122.882549
11604 1732166.769248
11603 1732177.741790
11601 1732199.688942
11600 1732210.671909
11599 1732221.665572
11594 1732276.660784
11593 1732287.660502
11591 1732309.671012
11590 1732320.677009
11589 1732331.686638
11588 1732342.697644
11587 1732353.710817
11586 1732364.737569
11585 1732375.764393
11584 1732386.793747
11583 1732397.823327
11578 1732452.985673
11577 1732464.028810
11574 1732497.167641
11573 1732508.222039
11570 1732541.399268
11568 1732563.519068
11564 1732607.767406
11563 1732618.831517
11562 1732629.899225
11561 1732640.971501
11559 1732663.118045
11558 1732674.193649
11555 1732707.432089
11547 1732796.112693
11546 1732807.200205
11545 1732818.289893
11543 1732840.483203
11542 1732851.579968
11540 1732873.800042
11536 1732918.246013
11535 1732929.362462
11528 1733007.235806
11527 1733018.365041
11525 1733040.626578
11524 1733051.762171
11523 1733062.899069
11522 1733074.036067
11520 1733096.328244
11518 1733118.624044
11517 1733129.772911
11510 1733207.815956
11505 1733263.570299
11498 1733341.632541
11497 1733352.784642
11496 1733363.942984
11494 1733386.265775
11493 1733397.436260
11492 1733408.620986
11489 1733442.186475
11488 1733453.375340
11485 1733486.953293
11484 1733498.146399
11483 1733509.365160
11482 1733520.591053
11481 1733531.819783
11477 1733576.736396
11473 1733621.684091
11472 1733632.926240
11468 1733677.954506
11465 1733711.732691
11464 1733722.993083
11463 1733734.261755
11461 1733756.800348
11460 1733768.070421
11458 1733790.612385
11457 1733801.890161
11454 1733835.727904
11453 1733847.012616
11450 1733880.868223
11449 1733892.167453
11448 1733903.470151
11447 1733914.774097
11446 1733926.079678
11445 1733937.387666
11443 1733960.016775
11440 1733993.971052
11439 1734005.289953
11437 1734027.950958
11435 1734050.612353
11432 1734084.610038
11431 1734095.944707
11429 1734118.626515
11428 1734129.969057
11426 1734152.656707
11424 1734175.358346
11413 1734300.223713
11411 1734322.930643
11410 1734334.308108
11409 1734345.688858
11406 1734379.846740
11405 1734391.233706
11401 1734436.787934
11400 1734448.176632
11399 1734459.566561
11398 1734470.960212
11395 1734505.169298
11394 1734516.575518
11386 1734607.887085
11385 1734619.301271
11383 1734642.134133
11382 1734653.552863
11375 1734733.503365
11372 1734767.769463
11369 1734802.048638
11368 1734813.475503
11366 1734836.348967
11365 1734847.792125
11364 1734859.235284
11363 1734870.678710
11362 1734882.127865
11361 1734893.578089
11359 1734916.488070
11357 1734939.402471
11356 1734950.861299
11353 1734985.248607
11352 1734996.711382
11351 1735008.175138
11350 1735019.642983
11349 1735031.111506
11348 1735042.581402
11347 1735054.051536
11345 1735077.000425
11342 1735111.438080
11341 1735122.923590
11340 1735134.410850
11338 1735157.407301
11334 1735203.422605
11332 1735226.430579
11329 1735260.976285
11326 1735295.524190
11323 1735330.086558
11320 1735364.650614
11319 1735376.177664
11318 1735387.706466
11317 1735399.238196
11316 1735410.772211
11315 1735422.307642
11308 1735503.058416
11306 1735526.132002
11305 1735537.678928
11304 1735549.227661
11301 1735583.881924
11299 1735606.989128
11296 1735641.671963
11295 1735653.237308
11291 1735699.520726
11290 1735711.097118
11287 1735745.826364
11286 1735757.406533
11285 1735768.988392
11283 1735792.152963
11278 1735850.068003
11276 1735873.267469
11270 1735942.915810
11269 1735954.526897
11268 1735966.140945
11266 1735989.369865
11263 1736024.222706
11261 1736047.472645
11259 1736070.739677
11258 1736082.375049
11254 1736128.997453
11251 1736163.970291
11249 1736187.285533
11247 1736210.618760
11243 1736257.325869
11240 1736292.374870
11238 1736315.762982
11237 1736327.459125
11236 1736339.159528
11232 1736385.969226
11230 1736409.379204
11225 1736467.908686
11220 1736526.451811
11217 1736561.578417
11214 1736596.714476
11213 1736608.431673
11212 1736620.149078
11211 1736631.869347
11208 1736667.031668
11206 1736690.473444
11204 1736713.932798
11202 1736737.402527
11200 1736760.872345
11197 1736796.091924
11193 1736843.085747
11192 1736854.835187
11191 1736866.593613
11190 1736878.352038
11189 1736890.113815
11188 1736901.876755
11186 1736925.410803
11185 1736937.191194
11184 1736948.974296
11182 1736972.541122
11181 1736984.331027
11180 1736996.125360
11179 1737007.932438
11178 1737019.748564
11177 1737031.566514
11173 1737078.846297
11170 1737114.312552
11169 1737126.134679
11168 1737137.975325
11167 1737149.821753
11164 1737185.370304
11163 1737197.223557
11160 1737232.801965
11159 1737244.661815
11158 1737256.529388
11157 1737268.397333
11155 1737292.135263
11153 1737315.877139
11151 1737339.621222
11149 1737363.368059
11148 1737375.242234
11143 1737434.625614
11140 1737470.271764
11139 1737482.157109
11136 1737517.813240
11134 1737541.584648
11132 1737565.360643
11128 1737612.915275
11127 1737624.812515
11126 1737636.710617
11120 1737708.158990
11119 1737720.067632
11117 1737743.885651
11115 1737767.712854
11112 1737803.471487
11110 1737827.316954
11108 1737851.162903
11104 1737898.860221
11103 1737910.792508
11100 1737946.597342
11099 1737958.533671
11097 1737982.410196
11093 1738030.185444
11092 1738042.131297
11090 1738066.024562
11089 1738077.980297
11087 1738101.893895
11082 1738161.721432
11081 1738173.689688
11078 1738209.598783
11077 1738221.569385
11075 1738245.527644
11074 1738257.513299
11073 1738269.507649
11072 1738281.506082
11070 1738305.506082
11069 1738317.506082
11068 1738329.506483
11067 1738341.513215
11066 1738353.521827
11065 1738365.535087
11064 1738377.552474
11060 1738425.624892
11059 1738437.643523
11058 1738449.662520
11056 1738473.720634
11052 1738521.845950
11051 1738533.882954
11049 1738557.965830
11042 1738642.269316
11041 1738654.316346
11034 1738738.654476
11033 1738750.709582
11032 1738762.771623
11029 1738798.957845
11028 1738811.024365
11026 1738835.159849
11025 1738847.234799
11024 1738859.311110
11022 1738883.467016
11021 1738895.550703
11019 1738919.726882
11016 1738955.992032
11015 1738968.086701
11013 1738992.281669
11011 1739016.477589
11006 1739077.002010
11002 1739125.426437
11001 1739137.534279
11000 1739149.650862
10999 1739161.767847
10992 1739246.596040
10990 1739270.834615
10989 1739282.958155
10988 1739295.082611
10987 1739307.208153
10986 1739319.335502
10984 1739343.592742
10981 1739379.983754
10980 1739392.116542
10975 1739452.795486
10971 1739501.347681
10968 1739537.775273
10966 1739562.071680
10965 1739574.223851
10964 1739586.389626
10952 1739732.399411
10951 1739744.568653
10947 1739793.252384
10945 1739817.597734
10944 1739829.770644
10942 1739854.137225
10941 1739866.320667
10938 1739902.877255
10937 1739915.067352
10933 1739963.844266
10931 1739988.246817
10930 1740000.452063
10929 1740012.657574
10924 1740073.686930
10916 1740171.338295
10913 1740207.974333
10905 1740305.699114
10904 1740317.915107
10903 1740330.152176
10902 1740342.389799
10901 1740354.628186
10899 1740379.116476
10893 1740452.605682
10889 1740501.615042
10887 1740526.133723
10886 1740538.395802
10885 1740550.663390
10881 1740599.735684
10878 1740636.541290
10877 1740648.810226
10876 1740661.080484
10875 1740673.351057
10874 1740685.622319
10873 1740697.895778
10872 1740710.173709
10871 1740722.463949
10869 1740747.066566
10866 1740783.970539
10865 1740796.280273
10864 1740808.606114
10858 1740882.605438
10851 1740968.953378
10848 1741005.966103
10845 1741042.994578
10843 1741067.687431
10841 1741092.384747
10837 1741141.782130
10836 1741154.141818
10834 1741178.861334
10833 1741191.228111
10828 1741253.076726
10826 1741277.842982
10824 1741302.614226
10823 1741315.000780
10822 1741327.387579
10821 1741339.782579
10819 1741364.583635
10818 1741376.986074
10816 1741401.829268
10814 1741426.688795
10810 1741476.416999
10809 1741488.852013
10803 1741563.464568
10801 1741588.340461
10799 1741613.221350
10797 1741638.103575
10788 1741750.079313
10785 1741787.412349
10780 1741849.695211
10779 1741862.167026
10777 1741887.114891
10776 1741899.592232
10774 1741924.548071
10768 1741999.417569
10765 1742036.852966
10763 1742061.826264
10761 1742086.801549
10760 1742099.293878
10758 1742124.285324
10757 1742136.785270
10755 1742161.799823
10747 1742261.907588
10744 1742299.472012
10741 1742337.049468
10739 1742362.104154
10736 1742399.707645
10733 1742437.314919
10729 1742487.465444
10728 1742500.008512
10727 1742512.556423
10726 1742525.106034
10724 1742550.205653
10723 1742562.756008
10715 1742663.165623
10712 1742700.819369
10711 1742713.375006
10708 1742751.046744
10707 1742763.618017
10703 1742813.939481
10702 1742826.524744
10700 1742851.699856
10699 1742864.290788
10695 1742914.695351
10692 1742952.508604
10691 1742965.123771
10689 1742990.354761
10685 1743040.876429
10684 1743053.524968
10683 1743066.175506
10682 1743078.831087
10681 1743091.494181
10677 1743142.175701
10676 1743154.864160
10674 1743180.278583
10670 1743231.136609
10669 1743243.851682
10662 1743332.894927
10661 1743345.622538
10660 1743358.351428
10659 1743371.081757
10653 1743447.511318
10649 1743498.477832
10645 1743549.530468
10642 1743587.842908
10639 1743626.168316
10638 1743638.953700
10637 1743651.746557
10636 1743664.542234
10634 1743690.137999
10631 1743728.538565
10628 1743766.944015
10626 1743792.563684
10624 1743818.189024
10622 1743843.839110
10618 1743895.155033
10615 1743933.643207
10614 1743946.473657
10613 1743959.306178
10612 1743972.139174
10611 1743984.973672
10609 1744010.656569
10606 1744049.185758
10602 1744100.655288
10600 1744126.394852
10599 1744139.276856
10596 1744177.927060
10592 1744229.478439
10590 1744255.259642
10589 1744268.153014
10588 1744281.060125
10586 1744306.887164
10585 1744319.800833
10584 1744332.716016
10582 1744358.558392
10579 1744397.357024
10574 1744462.044133
10571 1744500.859075
10570 1744513.798890
10569 1744526.756864
10568 1744539.716887
10567 1744552.678154
10566 1744565.647574
10559 1744656.556602
10556 1744695.523196
10553 1744734.498376
10547 1744812.488205
10546 1744825.490000
10545 1744838.510489
10534 1744981.744887
10532 1745007.791717
10531 1745020.815543
10525 1745099.009711
10524 1745112.044569
10522 1745138.126363
10516 1745216.385886
10514 1745242.475846
10511 1745281.613887
10510 1745294.662736
10508 1745320.767453
10506 1745346.875770
10504 1745372.995906
10502 1745399.116065
10499 1745438.298156
10497 1745464.424573
10488 1745582.106220
10486 1745608.270992
10480 1745686.790066
10476 1745739.155364
10475 1745752.262439
10474 1745765.373291
10471 1745804.707549
10470 1745817.825365
10469 1745830.946252
10467 1745857.224105
10465 1745883.518371
10464 1745896.668141
10463 1745909.822037
10462 1745922.978480
10460 1745949.296440
10458 1745975.620078
10456 1746001.952759
10454 1746028.300655
10453 1746041.476059
10451 1746067.834038
10449 1746094.200228
10448 1746107.385735
10447 1746120.576165
10443 1746173.350189
10442 1746186.547483
10438 1746239.342002
10436 1746265.754923
10435 1746278.962818
10423 1746437.532919
10422 1746450.761085
10421 1746463.995107
10417 1746516.938413
10416 1746530.176852
10415 1746543.418622
10414 1746556.672694
10411 1746596.442688
10407 1746649.494455
10403 1746702.566021
10401 1746729.107056
10400 1746742.386841
10397 1746782.242588
10393 1746835.417277
10390 1746875.325445
10388 1746901.953656
10385 1746941.946754
10384 1746955.280659
10382 1746981.954241
10378 1747035.320937
10377 1747048.665113
10372 1747115.430980
10371 1747128.785617
10370 1747142.145526
10366 1747195.597328
10363 1747235.702627
10357 1747315.932475
10352 1747382.821996
10351 1747396.200809
10348 1747436.338181
10347 1747449.723826
10344 1747489.880978
10340 1747543.429290
10338 1747570.205304
10337 1747583.594905
10334 1747623.783922
10332 1747650.585102
10330 1747677.386516
10327 1747717.590786
10326 1747730.993065
10325 1747744.402625
10323 1747771.226728
10320 1747811.479690
10318 1747838.324219
10315 1747878.603470
10314 1747892.030384
10312 1747918.894795
10311 1747932.327108
10310 1747945.761049
10309 1747959.198149
10306 1747999.526385
10305 1748012.973581
10303 1748039.879444
10299 1748093.701631
10298 1748107.160563
10295 1748147.541916
10294 1748161.012938
10292 1748187.956908
10291 1748201.431712
10290 1748214.920581
10289 1748228.409639
10287 1748255.395030
10286 1748268.899692
10285 1748282.412292
10284 1748295.927856
10282 1748322.969818
10278 1748377.091736
10277 1748390.627453
10275 1748417.702322
10274 1748431.240761
10272 1748458.331838
10270 1748485.427361
10268 1748512.530078
10266 1748539.649730
10264 1748566.778540
10262 1748593.908028
10259 1748634.610328
10257 1748661.780650
10255 1748688.953527
10254 1748702.541502
10252 1748729.719893
10250 1748756.911252
10248 1748784.118735
10246 1748811.327649
10244 1748838.565368
10243 1748852.187767
10239 1748906.700206
10237 1748933.961461
10234 1748974.858718
10232 1749002.125131
10231 1749015.759311
10230 1749029.393720
10229 1749043.035410
10226 1749083.987312
10225 1749097.637995
10224 1749111.288832
10223 1749124.940810
10222 1749138.600371
10219 1749179.590601
10217 1749206.924149
10216 1749220.591484
10215 1749234.261446
10214 1749247.933852
10213 1749261.606607
10211 1749288.962262
10210 1749302.642087
10209 1749316.330212
10204 1749384.784104
10203 1749398.498772
10202 1749412.215534
10201 1749425.938964
10200 1749439.665905
10197 1749480.847324
10196 1749494.576620
10194 1749522.040936
10193 1749535.773621
10192 1749549.511475
10190 1749576.988337
10182 1749686.913067
10181 1749700.660307
10180 1749714.410608
10179 1749728.162131
10177 1749755.668078
10175 1749783.174526
10173 1749810.685888
10171 1749838.207961
10168 1749879.494459
10166 1749907.023677
10162 1749962.088894
10161 1749975.855250
10155 1750058.463586
10152 1750099.771557
10151 1750113.547027
10149 1750141.126407
10148 1750154.916921
10144 1750210.083801
10143 1750223.876995
10142 1750237.673701
10141 1750251.495366
10139 1750279.144137
10131 1750389.776106
10128 1750431.272555
10122 1750514.274365
10119 1750555.783096
10118 1750569.621688
10115 1750611.146231
10113 1750638.830836
10112 1750652.676328
10110 1750680.370076
10109 1750694.217939
10108 1750708.065858
10107 1750721.917300
10106 1750735.778651
10105 1750749.640248
10103 1750777.377323
10102 1750791.246648
10100 1750818.994144
10096 1750874.499981
10094 1750902.278864
10093 1750916.168833
10086 1751013.415751
10084 1751041.206016
10083 1751055.107357
10081 1751082.919685
10078 1751124.670506
10075 1751166.423785
10072 1751208.184236
10071 1751222.111942
10068 1751263.964323
10067 1751277.916585
10066 1751291.890560
10065 1751305.883041
10062 1751347.861000
10061 1751361.861000
10058 1751403.866720
10057 1751417.879283
10056 1751431.896451
10054 1751459.950573
10053 1751473.981288
10048 1751544.138191
10043 1751614.366959
10035 1751726.798510
10034 1751740.856359
10033 1751754.915378
10031 1751783.036084
10030 1751797.101686
10026 1751853.365882
10025 1751867.434523
10023 1751895.626132
10020 1751937.928457
10018 1751966.130030
10013 1752036.697907
10010 1752079.053530
10008 1752107.293946
10007 1752121.415000
10005 1752149.662282
10004 1752163.799087
10002 1752192.073484
10000 1752220.347911
9998 1752248.630117
9997 1752262.772959
9995 1752291.060648
9991 1752347.685446
9990 1752361.842824
9989 1752376.002733
9988 1752390.166432
9987 1752404.331507
9986 1752418.497668
9984 1752446.835238
9979 1752517.683295
9978 1752531.861339
9975 1752574.439677
9974 1752588.632513
9973 1752602.837266
9971 1752631.252411
9968 1752673.881192
9967 1752688.092967
9965 1752716.520736
9960 1752787.606647
9959 1752801.828077
9955 1752858.715984
9954 1752872.944685
9952 1752901.415441
9950 1752929.896367
9947 1752972.643233
9945 1753001.146841
9944 1753015.398859
9941 1753058.165131
9935 1753143.704949
9934 1753157.963295
9932 1753186.484776
9930 1753215.008250
9929 1753229.270561
9928 1753243.538745
9926 1753272.086269
9925 1753286.369915
9921 1753343.533444
9920 1753357.825156
9919 1753372.120555
9918 1753386.425176
9915 1753429.358556
9914 1753443.673799
9912 1753472.322790
9911 1753486.656492
9910 1753500.991671
9906 1753558.341097
9901 1753630.126830
9900 1753644.484558
9898 1753673.210695
9897 1753687.579912
9895 1753716.325703
9893 1753745.072066
9892 1753759.449014
9890 1753788.206978
9888 1753816.967825
9886 1753845.761657
9884 1753874.558050
9877 1753975.352011
9876 1753989.752645
9875 1754004.154373
9873 1754032.960852
9872 1754047.367353
9871 1754061.777464
9870 1754076.187834
9867 1754119.422340
9863 1754177.104731
9862 1754191.526065
9860 1754220.379633
9859 1754234.818195
9858 1754249.257718
9856 1754278.146718
9855 1754292.599692
9854 1754307.053338
9853 1754321.516330
9848 1754393.835921
9847 1754408.301305
9846 1754422.775226
9844 1754451.730368
9842 1754480.688650
9841 1754495.172791
9840 1754509.657691
9837 1754553.175063
9833 1754611.201673
9832 1754625.709307
9818 1754828.935373
9817 1754843.454096
9815 1754872.500147
9813 1754901.551330
9809 1754959.694847
9807 1754988.781191
9805 1755017.870972
9801 1755076.054389
9799 1755105.153109
9798 1755119.713172
9796 1755148.841400
9795 1755163.407161
9794 1755177.979974
9791 1755221.701300
9789 1755250.849443
9787 1755280.000784
9786 1755294.593968
9785 1755309.189971
9784 1755323.786473
9783 1755338.392567
9782 1755353.012479
9781 1755367.642840
9780 1755382.281604
9777 1755426.200226
9773 1755484.765459
9772 1755499.410732
9770 1755528.720707
9769 1755543.391874
9767 1755572.755389
9764 1755616.808284
9762 1755646.183846
9760 1755675.561792
9757 1755719.635103
9750 1755822.473675
9749 1755837.169321
9747 1755866.580345
9743 1755925.414288
9742 1755940.130104
9740 1755969.574531
9739 1755984.324892
9738 1755999.076690
9737 1756013.837355
9736 1756028.601747
9731 1756102.436134
9730 1756117.206152
9729 1756131.979460
9728 1756146.756034
9725 1756191.119552
9724 1756205.911883
9720 1756265.092549
9719 1756279.887754
9718 1756294.688268
9714 1756353.927828
9712 1756383.554077
9711 1756398.367480
9710 1756413.191662
9709 1756428.028848
9706 1756472.542275
9701 1756546.754128
9700 1756561.605510
9697 1756606.186349
9696 1756621.048685
9695 1756635.911415
9694 1756650.780194
9692 1756680.527943
9687 1756754.909906
9684 1756799.557643
9683 1756814.447330
9681 1756844.240967
9679 1756874.046073
9678 1756888.961519
9676 1756918.795132
9675 1756933.721553
9672 1756978.576546
9671 1756993.540212
9670 1757008.511099
9663 1757113.314387
9661 1757143.262502
9660 1757158.238844
9659 1757173.216455
9658 1757188.194646
9657 1757203.180925
9654 1757248.164634
9653 1757263.161520
9651 1757293.162129
9650 1757308.170213
9649 1757323.188560
9648 1757338.208676
9647 1757353.232518
9646 1757368.268133
9645 1757383.307539
9644 1757398.353323
9643 1757413.404199
9641 1757443.511673
9637 1757503.754333
9634 1757548.961323
9633 1757564.045064
9632 1757579.132706
9628 1757639.503107
9625 1757684.810470
9617 1757805.674481
9615 1757835.900176
9612 1757881.254646
9610 1757911.503950
9608 1757941.754157
9607 1757956.879412
9606 1757972.009185
9603 1758017.402536
9601 1758047.667377
9600 1758062.801573
9599 1758077.946304
9594 1758153.695963
9593 1758168.852824
9592 1758184.010217
9591 1758199.174325
9589 1758229.506887
9587 1758259.852112
9583 1758320.556819
9581 1758350.915067
9579 1758381.298442
9573 1758472.517611
9572 1758487.722720
9571 1758502.934404
9570 1758518.153996
9569 1758533.377771
9567 1758563.836464
9566 1758579.069044
9565 1758594.302555
9564 1758609.547685
9560 1758670.559678
9559 1758685.815792
9558 1758701.074921
9556 1758731.621174
9555 1758746.902244
9554 1758762.184560
9553 1758777.467528
9548 1758853.914660
9546 1758884.498070
9540 1758976.268633
9539 1758991.565986
9534 1759068.071565
9533 1759083.375840
9532 1759098.686800
9531 1759114.001201
9529 1759144.646156
9528 1759159.969862
9524 1759221.270370
9523 1759236.601672
9522 1759251.935081
9518 1759313.288813
9516 1759343.965866
9515 1759359.309609
9510 1759436.030092
9508 1759466.741439
9506 1759497.455505
9503 1759543.547207
9502 1759558.916654
9501 1759574.286645
9497 1759635.783580
9496 1759651.160347
9495 1759666.538224
9494 1759681.925743
9492 1759712.703068
9490 1759743.489104
9488 1759774.308526
9486 1759805.137129
9483 1759851.404493
9480 1759897.716689
9478 1759928.592753
9476 1759959.500076
9475 1759974.969921
9472 1760021.390940
9471 1760036.866259
9470 1760052.348820
9467 1760098.810927
9464 1760145.281462
9462 1760176.264206
9460 1760207.254242
9454 1760300.272487
9453 1760315.787471
9452 1760331.306195
9450 1760362.347223
9449 1760377.878390
9448 1760393.412201
9445 1760440.014221
9444 1760455.551779
9442 1760486.644021
9440 1760517.763175
9439 1760533.348090
9437 1760564.525287
9435 1760595.709295
9433 1760626.899563
9432 1760642.494890
9430 1760673.706112
9429 1760689.312329
9424 1760767.348978
9423 1760782.963694
9420 1760829.812539
9413 1760939.178848
9412 1760954.805058
9409 1761001.685122
9408 1761017.328263
9407 1761032.985809
9406 1761048.645626
9405 1761064.307522
9403 1761095.646878
9402 1761111.321425
9401 1761126.998407
9400 1761142.678995
9398 1761174.046873
9391 1761283.840022
9389 1761315.229427
9388 1761330.927126
9387 1761346.625777
9386 1761362.327182
9384 1761393.745018
9383 1761409.467319
9382 1761425.194262
9381 1761440.935232
9380 1761456.680671
9377 1761503.925569
9374 1761551.198763
9371 1761598.492402
9368 1761645.789335
9365 1761693.094681
9364 1761708.863454
9362 1761740.401713
9360 1761771.963236
9358 1761803.549048
9357 1761819.347061
9353 1761882.552873
9352 1761898.373768
9350 1761930.032066
9348 1761961.697106
9347 1761977.533948
9346 1761993.374143
9345 1762009.214736
9344 1762025.055430
9343 1762040.900163
9342 1762056.756145
9340 1762088.478051
9337 1762136.075634
9336 1762151.943027
9334 1762183.682687
9333 1762199.557624
9327 1762294.809685
9326 1762310.686110
9324 1762342.457778
9323 1762358.345277
9322 1762374.242060
9321 1762390.142245
9318 1762437.848380
9315 1762485.567261
9314 1762501.482040
9312 1762533.323490
9311 1762549.265471
9310 1762565.212044
9306 1762629.069997
9305 1762645.059027
9304 1762661.059813
9300 1762725.101654
9299 1762741.123610
9298 1762757.148067
9297 1762773.176356
9295 1762805.256014
9293 1762837.362461
9290 1762885.548995
9289 1762901.613819
9287 1762933.744803
9286 1762949.825654
9278 1763078.599176
9275 1763126.916188
9274 1763143.039606
9272 1763175.296444
9270 1763207.569341
9269 1763223.708492
9268 1763239.847919
9264 1763304.430475
9257 1763417.503964
9255 1763449.817540
9249 1763546.771013
9248 1763562.930976
9242 1763659.921549
9239 1763708.498427
9237 1763740.913206
9236 1763757.131129
9232 1763822.087240
9231 1763838.329083
9230 1763854.575249
9227 1763903.331815
9226 1763919.584266
9224 1763952.114933
9223 1763968.385014
9222 1763984.658008
9219 1764033.495076
9217 1764066.079789
9216 1764082.375138
9214 1764114.972135
9212 1764147.626275
9211 1764163.966126
9208 1764212.989664
9207 1764229.340367
9206 1764245.691615
9204 1764278.397823
9203 1764294.767383
9202 1764311.141522
9199 1764360.273022
9198 1764376.651405
9187 1764556.916290
9183 1764622.537617
9182 1764638.946333
9178 1764704.590254
9176 1764737.417705
9175 1764753.841109
9174 1764770.284305
9172 1764803.186554
9171 1764819.645185
9170 1764836.104460
9168 1764869.037189
9167 1764885.504757
9165 1764918.440068
9163 1764951.407829
9160 1765000.896610
9159 1765017.397896
9157 1765050.411654
9156 1765066.922801
9154 1765099.945334
9152 1765132.973430
9151 1765149.501298
9149 1765182.563667
9146 1765232.162947
9144 1765265.231015
9143 1765281.766360
9142 1765298.302195
9141 1765314.843647
9140 1765331.390717
9132 1765463.789139
9128 1765530.029682
9127 1765546.596982
9125 1765579.733021
9124 1765596.321900
9119 1765679.267076
9114 1765762.244043
9111 1765812.032409
9109 1765845.229073
9108 1765861.828791
9107 1765878.444894
9106 1765895.064998
9104 1765928.332931
9103 1765944.976388
9102 1765961.622413
9094 1766094.837181
9093 1766111.490989
9092 1766128.166172
9089 1766178.206450
9085 1766244.936185
9083 1766278.310122
9082 1766294.997842
9081 1766311.690369
9079 1766345.078068
9078 1766361.791496
9076 1766395.225378
9075 1766411.951631
9074 1766428.705031
9071 1766478.987676
9070 1766495.749901
9069 1766512.521517
9068 1766529.312389
9065 1766579.713033
9064 1766596.514901
9061 1766646.931582
9057 1766714.185293
9054 1766764.686423
9052 1766798.383496
9050 1766832.110163
9048 1766865.843454
9045 1766916.484153
9039 1767017.781095
9037 1767051.549204
9036 1767068.441652
9034 1767102.236385
9030 1767169.847470
9025 1767254.386546
9024 1767271.305848
9021 1767322.141443
9012 1767474.658695
9010 1767508.557151
9009 1767525.507083
9008 1767542.462060
9007 1767559.417978
9005 1767593.334471
9004 1767610.294652
9001 1767661.179689
9000 1767678.144684
8998 1767712.076562
8990 1767847.816740
8988 1767881.775334
8984 1767949.701515
8980 1768017.640109
8979 1768034.631962
8976 1768085.616694
8975 1768102.630823
8972 1768153.679607
8971 1768170.709549
8970 1768187.743747
8969 1768204.781502
8968 1768221.823005
8965 1768272.969782
8962 1768324.127928
8961 1768341.200678
8960 1768358.277512
8957 1768409.565020
8955 1768443.782584
8953 1768478.006101
8952 1768495.119419
8950 1768529.379854
8949 1768546.528461
8948 1768563.680741
8947 1768580.833122
8945 1768615.168288
8941 1768683.844847
8939 1768718.199025
8936 1768769.751036
8935 1768786.937691
8934 1768804.139069
8933 1768821.341700
8932 1768838.544548
8931 1768855.766758
8929 1768890.225181
8928 1768907.472229
8926 1768941.990864
8925 1768959.251205
8922 1769011.039514
8921 1769028.306311
8919 1769062.847030
8915 1769131.930450
8914 1769149.206342
8909 1769235.592103
8905 1769304.716264
8904 1769322.002540
8902 1769356.611778
8901 1769373.925159
8897 1769443.213877
8895 1769477.861475
8894 1769495.196976
8892 1769529.869751
8887 1769616.565855
8885 1769651.246816
8884 1769668.593244
8883 1769685.940460
8882 1769703.288012
8877 1769790.062293
8876 1769807.417485
8873 1769859.522177
8872 1769876.903417
8871 1769894.292749
8868 1769946.461794
8865 1769998.634884
8864 1770016.028891
8862 1770050.839661
8860 1770085.678557
8859 1770103.099803
8858 1770120.523535
8857 1770137.955208
8853 1770207.687706
8852 1770225.122692
8849 1770277.435643
8847 1770312.335999
8845 1770347.245714
8844 1770364.705049
8843 1770382.170472
8841 1770417.103034
8839 1770452.042904
8837 1770486.985461
8836 1770504.459827
8833 1770556.919411
8829 1770626.912536
8828 1770644.414520
8827 1770661.933586
8824 1770714.491092
8823 1770732.012597
8822 1770749.542889
8818 1770819.688073
8817 1770837.227177
8815 1770872.364134
8814 1770889.933774
8813 1770907.508983
8810 1770960.267741
8809 1770977.873637
8805 1771048.403347
8804 1771066.038711
8800 1771136.617600
8799 1771154.275573
8797 1771189.592419
8795 1771224.932603
8794 1771242.604550
8791 1771295.642215
8790 1771313.328195
8789 1771331.016158
8784 1771419.456425
8782 1771454.846290
8780 1771490.251743
8779 1771507.956971
8776 1771561.137722
8767 1771720.705573
8765 1771756.178953
8764 1771773.916196
8761 1771827.161202
8758 1771880.430534
8755 1771933.705737
8754 1771951.464621
8753 1771969.226907
8752 1771986.993106
8751 1772004.762304
8749 1772040.307272
8746 1772093.642446
8745 1772111.421536
8743 1772146.984379
8742 1772164.770001
8741 1772182.555979
8740 1772200.344380
8738 1772235.933927
8734 1772307.125621
8732 1772342.758919
8730 1772378.403282
8729 1772396.242651
8726 1772449.776088
8724 1772485.485552
8721 1772539.065217
8713 1772682.078558
8712 1772699.959934
8710 1772735.726807
8709 1772753.615372
8708 1772771.519902
8706 1772807.333934
8705 1772825.246831
8703 1772861.072691
8701 1772896.900830
8698 1772950.729303
8697 1772968.681130
8696 1772986.641904
8691 1773076.500424
8689 1773112.464203
8688 1773130.455862
8687 1773148.449280
8684 1773202.477535
8683 1773220.500147
8678 1773310.623105
8676 1773346.735581
8675 1773364.799905
8674 1773382.884427
8671 1773437.216363
8670 1773455.328897
8669 1773473.459027
8668 1773491.592753
8665 1773546.009470
8663 1773582.332439
8659 1773655.097889
8657 1773691.501174
8656 1773709.707503
8654 1773746.124529
8653 1773764.340339
8649 1773837.205620
8648 1773855.428508
8647 1773873.661128
8646 1773891.901770
8645 1773910.148617
8643 1773946.648981
8638 1774037.940255
8634 1774110.985582
8632 1774147.525996
8631 1774165.797299
8630 1774184.085450
8629 1774202.378889
8627 1774239.025779
8625 1774275.688028
8622 1774330.684212
8618 1774404.035498
8614 1774477.425589
8613 1774495.784342
8611 1774532.524246
8610 1774550.898715
8608 1774587.650093
8606 1774624.415752
8604 1774661.211344
8602 1774698.025788
8601 1774716.466067
8590 1774919.394163
8588 1774956.290852
8587 1774974.752166
8583 1775048.600256
8582 1775067.062759
8580 1775103.988444
8578 1775140.933456
8577 1775159.414186
8576 1775177.897425
8573 1775233.351472
8572 1775251.874382
8571 1775270.417828
8569 1775307.507405
8568 1775326.052395
8567 1775344.601339
8565 1775381.713493
8562 1775437.401266
8558 1775511.686960
8557 1775530.269294
8556 1775548.862297
8555 1775567.455739
8554 1775586.053641
8552 1775623.264292
8548 1775697.748903
8547 1775716.370230
8546 1775734.992518
8545 1775753.617914
8544 1775772.247915
8534 1775958.631994
8533 1775977.275088
8532 1775995.934593
8530 1776033.260429
8529 1776051.925445
8527 1776089.364249
8523 1776164.344904
8522 1776183.094955
8521 1776201.856295
8517 1776276.907309
8511 1776389.612005
8507 1776464.753675
8502 1776558.691216
8499 1776615.069359
8496 1776671.452207
8491 1776765.425357
8489 1776803.024334
8488 1776821.827934
8487 1776840.642499
8484 1776897.098176
8483 1776915.947081
8481 1776953.682956
8476 1777048.033379
8473 1777104.675439
8469 1777180.241889
8467 1777218.074421
8465 1777255.910211
8464 1777274.833933
8462 1777312.682155
8461 1777331.636527
8459 1777369.580312
8457 1777407.535893
8456 1777426.527866
8454 1777464.563601
8452 1777502.613483
8451 1777521.653193
8445 1777635.937979
8444 1777654.994065
8443 1777674.053744
8436 1777807.476753
8435 1777826.545119
8433 1777864.686318
8428 1777960.108648
8425 1778017.414112
8419 1778132.070686
8418 1778151.180596
8417 1778170.291016
8414 1778227.742868
8413 1778246.899651
8412 1778266.122326
8410 1778304.584145
8408 1778343.046850
8405 1778400.743821
8401 1778477.677472
8399 1778516.156828
8397 1778554.636808
8396 1778573.878846
8395 1778593.124715
8394 1778612.386892
8392 1778650.931567
8391 1778670.205082
8388 1778728.040074
8386 1778766.598799
8385 1778785.878244
8383 1778824.452740
8381 1778863.061512
8380 1778882.374121
8374 1778998.259469
8373 1779017.580689
8372 1779036.907423
8369 1779094.889096
8368 1779114.219680
8367 1779133.556988
8361 1779249.660976
8359 1779288.371329
8358 1779307.726571
8355 1779365.850984
8354 1779385.233355
8352 1779424.000674
8351 1779443.390829
8350 1779462.785692
8349 1779482.180685
8347 1779520.991311
8346 1779540.401279
8342 1779618.094791
8339 1779676.366471
8338 1779695.791006
8333 1779792.917687
8331 1779831.794399
8329 1779870.674972
8326 1779928.997140
8325 1779948.440522
8324 1779967.895820
8322 1780006.813308
8320 1780045.738139
8318 1780084.665513
8316 1780123.624232
8312 1780201.609943
8311 1780221.110616
8304 1780357.651301
8302 1780396.691664
8301 1780416.220926
8299 1780455.288489
8298 1780474.829504
8297 1780494.397197
8296 1780513.966735
8295 1780533.537752
8294 1780553.122384
8290 1780631.611218
8288 1780670.889611
8287 1780690.534792
8285 1780729.826168
8284 1780749.494622
8282 1780788.857679
8281 1780808.547320
8278 1780867.668177
8277 1780887.394008
8275 1780926.863233
8271 1781005.811657
8270 1781025.550199
8262 1781183.503017
8259 1781242.752055
8258 1781262.501917
8256 1781302.013464
8253 1781361.293955
8251 1781400.827283
8250 1781420.604623
8248 1781460.191088
8244 1781539.397495
8243 1781559.204605
8242 1781579.019270
8241 1781598.839517
8239 1781638.482479
8236 1781697.969663
8233 1781757.460249
8232 1781777.292035
8231 1781797.124415
8230 1781816.958099
8225 1781916.177553
8223 1781955.870604
8222 1781975.723256
8221 1781995.576756
8220 1782015.431783
8218 1782055.159764
8217 1782075.025443
8215 1782114.757904
8214 1782134.626724
8213 1782154.496110
8212 1782174.372752
8207 1782273.762075
8206 1782293.644306
8204 1782333.450627
8203 1782353.354954
8199 1782432.979158
8198 1782452.903370
8190 1782612.311769
8189 1782632.255832
8188 1782652.201948
8187 1782672.148798
8186 1782692.097419
8183 1782751.948033
8182 1782771.906779
8181 1782791.868401
8180 1782811.830365
8179 1782831.811903
8178 1782851.810947
8177 1782871.817615
8175 1782911.834835
8174 1782931.871155
8172 1782971.947083
8171 1782991.997633
8168 1783052.160526
8167 1783072.216763
8162 1783172.505447
8161 1783192.581662
8156 1783292.974471
8155 1783313.075350
8153 1783353.298531
8152 1783373.426608
8151 1783393.559345
8150 1783413.703519
8149 1783433.853148
8147 1783474.159996
8146 1783494.320225
8144 1783534.656030
8143 1783554.836337
8137 1783675.926878
8136 1783696.111682
8135 1783716.301793
8133 1783756.697870
8132 1783776.896185
8131 1783797.100738
8130 1783817.306335
8125 1783918.477675
8124 1783938.715229
8122 1783979.198958
8121 1783999.441065
8117 1784080.427191
8114 1784141.196718
8112 1784181.710163
8111 1784201.973259
8108 1784262.784798
8107 1784283.065961
8106 1784303.351366
8104 1784343.932855
8103 1784364.235419
8101 1784404.844052
8099 1784445.457084
8095 1784526.729576
8094 1784547.055143
8092 1784587.713860
8087 1784689.371197
8084 1784750.417082
8081 1784811.476609
8079 1784852.196882
8078 1784872.563654
8076 1784913.346757
8071 1785015.310821
8070 1785035.724094
8068 1785076.554392
8067 1785096.984417
8066 1785117.419789
8064 1785158.311960
8063 1785178.766216
8060 1785240.191266
8059 1785260.667866
8058 1785281.144652
8051 1785424.532216
8048 1785486.008724
8043 1785588.515637
8038 1785691.022964
8036 1785732.033919
8035 1785752.546027
8034 1785773.084066
8032 1785814.181962
8031 1785834.733132
8029 1785875.871255
8026 1785937.587030
8024 1785978.737546
8023 1785999.313083
8022 1786019.888923
8021 1786040.465489
8019 1786081.627756
8018 1786102.211887
8017 1786122.815146
8014 1786184.630528
8011 1786246.448134
8009 1786287.663916
8008 1786308.272542
8007 1786328.886760
8003 1786411.381626
7997 1786535.166225
7994 1786597.102294
7991 1786659.091618
7985 1786783.147187
7984 1786803.824233
7983 1786824.526382
7982 1786845.230949
7974 1787010.868098
7972 1787052.279605
7971 1787072.987089
7970 1787093.699372
7969 1787114.413963
7967 1787155.867699
7966 1787176.597245
7963 1787238.794359
7962 1787259.544665
7957 1787363.298420
7956 1787384.068070
7955 1787404.859182
7953 1787446.443621
7952 1787467.237379
7950 1787508.828669
7948 1787550.421554
7945 1787612.851317
7944 1787633.665644
7943 1787654.485200
7941 1787696.181118
7940 1787717.041443
7938 1787758.844329
7937 1787779.748219
7935 1787821.593597
7934 1787842.524551
7930 1787926.356622
7928 1787968.285975
7924 1788052.161470
7915 1788240.885084
7914 1788261.855153
7913 1788282.828732
7912 1788303.806021
7911 1788324.800980
7910 1788345.802065
7909 1788366.809156
7907 1788408.850265
7904 1788471.936597
7903 1788492.985884
7900 1788556.154293
7888 1788808.859446
7887 1788829.922238
7882 1788935.283782
7881 1788956.356100
7880 1788977.433546
7879 1788998.527937
7878 1789019.632455
7877 1789040.740390
7875 1789082.961991
7872 1789146.371208
7871 1789167.508944
7870 1789188.647073
7867 1789252.116093
7866 1789273.277343
7861 1789379.108217
7858 1789442.613393
7856 1789484.962093
7855 1789506.139546
7853 1789548.514019
7852 1789569.705589
7850 1789612.089779
7846 1789696.902144
7843 1789760.527378
7842 1789781.743459
7841 1789802.963695
7840 1789824.197570
7835 1789930.406547
7834 1789951.655372
7833 1789972.907921
7831 1790015.461870
7825 1790143.230979
7824 1790164.527033
7820 1790249.787067
7819 1790271.102198
7818 1790292.436201
7815 1790356.453436
7813 1790399.132597
7812 1790420.488889
7811 1790441.851302
7810 1790463.219970
7808 1790505.994076
7806 1790548.785399
7804 1790591.588731
7802 1790634.402326
7800 1790677.221235
7799 1790698.635448
7796 1790762.879337
7794 1790805.715728
7793 1790827.169042
7792 1790848.632051
7790 1790891.593115
7789 1790913.099082
7782 1791063.730344
7779 1791128.317777
7776 1791192.932520
7768 1791365.255716
7767 1791386.798772
7759 1791559.151261
7753 1791688.581808
7751 1791731.737829
7750 1791753.316386
7748 1791796.522381
7747 1791818.127554
7743 1791904.579875
7741 1791947.821160
7739 1791991.064159
7738 1792012.690663
7736 1792055.949822
7735 1792077.581227
7734 1792099.226487
7733 1792120.884864
7732 1792142.554889
7731 1792164.242165
7727 1792250.991861
7726 1792272.722423
7721 1792381.417728
7720 1792403.166499
7718 1792446.690644
7717 1792468.457488
7716 1792490.227922
7712 1792577.337303
7711 1792599.116227
7710 1792620.900477
7708 1792664.496184
7703 1792773.912930
7701 1792817.736739
7698 1792883.501827
7695 1792949.270656
7694 1792971.198976
7693 1792993.158327
7689 1793081.030592
7688 1793102.999598
7687 1793124.981382
7686 1793146.965108
7685 1793168.966131
7683 1793212.972714
7679 1793301.080209
7677 1793345.147890
7675 1793389.229497
7673 1793433.340063
7671 1793477.462601
7667 1793565.798255
7665 1793610.037835
7664 1793632.173736
7661 1793698.589332
7660 1793720.756382
7655 1793831.632337
7654 1793853.820931
7653 1793876.028749
7651 1793920.452259
7649 1793964.876916
7647 1794009.310393
7645 1794053.769512
7644 1794076.027838
7643 1794098.286649
7642 1794120.545883
7640 1794165.069419
7637 1794231.923114
7634 1794298.777971
7633 1794321.064900
7632 1794343.357474
7631 1794365.652570
7628 1794432.572801
7627 1794454.892745
7626 1794477.220686
7625 1794499.560116
7619 1794633.626721
7618 1794655.971830
7617 1794678.332158
7615 1794723.075137
7613 1794767.818725
7612 1794790.209444
7610 1794834.995240
7609 1794857.394573
7604 1794969.518968
7601 1795036.806084
7599 1795081.665376
7598 1795104.097916
7597 1795126.532727
7595 1795171.432719
7594 1795193.883713
7591 1795261.295931
7590 1795283.768101
7585 1795396.279106
7583 1795441.300021
7582 1795463.816597
7579 1795531.375886
7578 1795553.909048
7573 1795666.594438
7570 1795734.233812
7563 1795892.063034
7562 1795914.626458
7561 1795937.192538
7556 1796050.136711
7553 1796118.018783
7550 1796185.909078
7549 1796208.546556
7547 1796253.823611
7545 1796299.109798
7544 1796321.756673
7543 1796344.404818
7541 1796389.702444
7537 1796480.469065
7536 1796503.171102
7533 1796571.309488
7531 1796616.735164
7528 1796684.917130
7527 1796707.645759
7525 1796753.124347
7523 1796798.610391
7522 1796821.373972
7521 1796844.147501
7520 1796866.924290
7519 1796889.707785
7512 1797049.361795
7510 1797095.011127
7508 1797140.661601
7506 1797186.410680
7505 1797209.290030
7504 1797232.176009
7502 1797277.988841
7500 1797323.855918
7499 1797346.803432
7494 1797461.622360
7492 1797507.550846
7490 1797553.506503
7489 1797576.498165
7487 1797622.492072
7486 1797645.494211
7483 1797714.526099
7479 1797806.626803
7477 1797852.686944
7476 1797875.722911
7475 1797898.760234
7474 1797921.817187
7473 1797944.882495
7471 1797991.026581
7470 1798014.100167
7469 1798037.178138
7465 1798129.509429
7463 1798175.727215
7462 1798198.850702
7461 1798221.974365
7460 1798245.103959
7458 1798291.382747
7457 1798314.523911
7453 1798407.125401
7452 1798430.310519
7450 1798476.717700
7449 1798499.938840
7447 1798546.426487
7446 1798569.684202
7444 1798616.239925
7439 1798732.699558
7436 1798802.586224
7435 1798825.883606
7432 1798895.798240
7431 1798919.108111
7427 1799012.351823
7423 1799105.665928
7422 1799128.997964
7416 1799269.027477
7414 1799315.712776
7413 1799339.065864
7412 1799362.430331
7411 1799385.800774
7409 1799432.562396
7408 1799455.961110
7406 1799502.780849
7403 1799573.013119
7400 1799643.259893
7399 1799666.682979
7398 1799690.108602
7394 1799783.841698
7392 1799830.745623
7390 1799877.658789
7389 1799901.117405
7388 1799924.651612
7387 1799948.189899
7386 1799971.731887
7384 1800018.852724
7382 1800066.018577
7378 1800160.357775
7377 1800183.951037
7376 1800207.545956
7373 1800278.345378
7372 1800301.945373
7367 1800420.068884
7366 1800443.700050
7365 1800467.333568
7364 1800490.986562
7360 1800585.610598
7358 1800632.922832
7355 1800703.924874
7354 1800727.608284
7353 1800751.291880
7352 1800774.981898
7350 1800822.388230
7348 1800869.801473
7347 1800893.514996
7346 1800917.234654
7345 1800940.963744
7343 1800988.440790
7342 1801012.179497
7341 1801035.923009
7340 1801059.666676
7339 1801083.414225
7336 1801154.698863
7335 1801178.469235
7334 1801202.248745
7333 1801226.053593
7331 1801273.688375
7330 1801297.508256
7328 1801345.168457
7327 1801369.063229
7326 1801392.965650
7323 1801464.681661
7319 1801560.325776
7316 1801632.066074
7311 1801751.832842
7309 1801799.749079
7308 1801823.711233
7303 1801943.575303
7300 1802015.608954
7299 1802039.625737
7295 1802135.716124
7293 1802183.761326
7289 1802279.857569
7287 1802327.922033
7286 1802351.964503
7282 1802448.173827
7279 1802520.346827
7277 1802568.516145
7276 1802592.601915
7275 1802616.716544
7274 1802640.836905
7271 1802713.237241
7262 1802930.647278
7258 1803027.279841
7257 1803051.466803
7256 1803075.658693
7254 1803124.070668
7252 1803172.559767
7250 1803221.064022
7245 1803342.367145
7244 1803366.634951
7243 1803390.921670
7242 1803415.228374
7240 1803463.842236
7238 1803512.482128
7237 1803536.824890
7236 1803561.176091
7235 1803585.541823
7233 1803634.284743
7232 1803658.667223
7231 1803683.054178
7230 1803707.444616
7221 1803927.291206
7220 1803951.727989
7219 1803976.186579
7218 1804000.656206
7214 1804098.555887
7212 1804147.601537
7210 1804196.686560
7207 1804270.338897
7206 1804294.893313
7203 1804368.621405
7202 1804393.203408
7200 1804442.369623
7192 1804639.216166
7191 1804663.831887
7190 1804688.509202
7187 1804762.659740
7186 1804787.377785
7184 1804836.821762
7181 1804911.007424
7179 1804960.472453
7176 1805034.729481
7172 1805133.767614
7171 1805158.528536
7169 1805208.061946
7168 1805232.844135
7163 1805356.781547
7161 1805406.375916
7160 1805431.189967
7158 1805480.828424
7155 1805555.302286
7151 1805654.675364
7150 1805679.525621
7148 1805729.257705
7145 1805803.876224
7144 1805828.760296
7142 1805878.551823
7141 1805903.475321
7138 1805978.327681
7135 1806053.186766
7134 1806078.147631
7132 1806128.077783
7128 1806227.996438
7126 1806278.012058
7125 1806303.047065
7123 1806353.144354
7121 1806403.259529
7119 1806453.411723
7116 1806528.722569
7111 1806654.313957
7109 1806704.551182
7104 1806830.166399
7101 1806905.536332
7100 1806930.663080
7099 1806955.801363
7097 1807006.080500
7095 1807056.365445
7091 1807156.996393
7090 1807182.173896
7088 1807232.539720
7085 1807308.100647
7083 1807358.492056
7081 1807408.910500
7074 1807585.543365
7073 1807610.792224
7072 1807636.099190
7070 1807686.715597
7068 1807737.357729
7066 1807788.000485
7061 1807914.934826
7056 1808041.949185
7055 1808067.354989
7053 1808118.186611
7052 1808143.605756
7050 1808194.446335
7049 1808219.869666
7046 1808296.184456
7043 1808372.594496
7042 1808398.076779
7041 1808423.561986
7040 1808449.071278
7038 1808500.113309
7036 1808551.184359
7034 1808602.256274
7030 1808704.443417
7029 1808729.993939
7028 1808755.550978
7027 1808781.142350
7024 1808857.931982
7022 1808909.132804
7018 1809011.571000
7010 1809216.724691
7009 1809242.377895
7007 1809293.705426
7003 1809396.428250
6999 1809499.159602
6998 1809524.843672
6997 1809550.552115
6995 1809601.988681
6994 1809627.709519
6992 1809679.155406
6990 1809730.654907
6988 1809782.212310
6987 1809808.000082
6986 1809833.789443
6985 1809859.581364
6981 1809962.772566
6980 1809988.595347
6977 1810066.064460
6976 1810091.898319
6974 1810143.659748
6972 1810195.435928
6969 1810273.140292
6968 1810299.054251
6967 1810324.986249
6965 1810376.854079
6964 1810402.793756
6961 1810480.621518
6956 1810610.355333
6954 1810662.273909
6953 1810688.270891
6950 1810766.301693
6948 1810818.398097
6946 1810870.497296
6942 1810974.712418
6939 1811052.883987
6937 1811104.999963
6936 1811131.072796
6933 1811209.295325
6931 1811261.522828
6926 1811392.238124
6925 1811418.385487
6924 1811444.537344
6923 1811470.696277
6920 1811549.406815
6919 1811575.659453
6917 1811628.206299
6916 1811654.526003
6913 1811733.790136
6911 1811786.635230
6909 1811839.490843
6904 1811971.920671
6902 1812024.940656
6900 1812077.981071
6898 1812131.060345
6897 1812157.603644
6886 1812449.744580
6885 1812476.315597
6883 1812529.511109
6882 1812556.211196
6881 1812582.936456
6880 1812609.672544
6879 1812636.452256
6878 1812663.243099
6876 1812716.849929
6874 1812770.472774
6872 1812824.101507
6871 1812850.928860
6869 1812904.646750
6866 1812985.239440
6865 1813012.120170
6864 1813039.007838
6863 1813065.906149
6862 1813092.807911
6861 1813119.728040
6860 1813146.651695
6859 1813173.575996
6856 1813254.363866
6853 1813335.213493
6851 1813389.135432
6850 1813416.145218
6847 1813497.183575
6844 1813578.223204
6843 1813605.258492
6842 1813632.298133
6841 1813659.343761
6840 1813686.404908
6839 1813713.466718
6838 1813740.560001
6837 1813767.684839
6836 1813794.811047
6835 1813821.938272
6833 1813876.202084
6832 1813903.338134
6830 1813957.630266
6820 1814229.125170
6817 1814310.584541
6810 1814500.787942
6805 1814636.766497
6804 1814663.973445
6801 1814745.641105
6798 1814827.321707
6797 1814854.553502
6795 1814909.074862
6793 1814963.621310
6792 1814990.897776
6791 1815018.175320
6788 1815100.014830
6786 1815154.604578
6784 1815209.199010
6779 1815345.733348
6777 1815400.366743
6772 1815536.975950
6770 1815591.653349
6768 1815646.366113
6767 1815673.728014
6766 1815701.116704
6764 1815755.900893
6763 1815783.297996
6762 1815810.718328
6761 1815838.138990
6759 1815892.989466
6757 1815947.927768
6749 1816168.019838
6745 1816278.068915
6739 1816443.172092
6737 1816498.206665
6736 1816525.731934
6732 1816635.858557
6731 1816663.394699
6730 1816690.943470
6727 1816773.627393
6726 1816801.223426
6725 1816828.819741
6721 1816939.266694
6719 1816994.536680
6718 1817022.173298
6717 1817049.827099
6714 1817132.792910
6712 1817188.146428
6709 1817271.189554
6708 1817298.871337
6705 1817381.920703
6703 1817437.289040
6701 1817492.693641
6699 1817548.119879
6695 1817659.045352
6686 1817908.750488
6685 1817936.500828
6682 1818019.770572
6676 1818186.516416
6675 1818214.318912
6674 1818242.134434
6673 1818269.988994
6672 1818297.859692
6669 1818381.471998
6668 1818409.349701
6666 1818465.111638
6660 1818632.471385
6658 1818688.285548
6655 1818772.037588
6653 1818827.885118
6652 1818855.826339
6647 1818995.599314
6643 1819107.443674
6639 1819219.311665
6637 1819275.246790
6633 1819387.119574
6628 1819527.032060
6626 1819583.036335
6623 1819667.086034
6619 1819779.280221
6617 1819835.435770
6616 1819863.517176
6613 1819947.867844
6612 1819975.985181
6611 1820004.105967
6610 1820032.228022
6609 1820060.357598
6605 1820172.944808
6603 1820229.367745
6596 1820427.015340
6592 1820539.974830
6581 1820850.640320
6578 1820935.448663
6576 1820991.992026
6572 1821105.161617
6571 1821133.482998
6569 1821190.159368
6568 1821218.508812
6566 1821275.209630
6565 1821303.580242
6564 1821331.962236
6562 1821388.770720
6561 1821417.180454
6559 1821474.095881
6558 1821502.560244
6557 1821531.029984
6552 1821673.595287
6551 1821702.161059
6549 1821759.299649
6548 1821787.968582
6547 1821816.638614
6546 1821845.352576
6545 1821874.073373
6542 1821960.248161
6540 1822017.711398
6539 1822046.448041
6536 1822132.727874
6535 1822161.490499
6531 1822276.550753
6530 1822305.316084
6525 1822449.178147
6520 1822593.050543
6519 1822621.825477
6516 1822708.251058
6515 1822737.065813
6514 1822765.894409
6513 1822794.728438
6512 1822823.575307
6511 1822852.432772
6509 1822910.159289
6505 1823025.733501
6500 1823170.251931
6498 1823228.064716
6496 1823285.921753
6495 1823314.868994
6488 1823517.599108
6485 1823604.521019
6484 1823633.528201
6481 1823720.553916
6480 1823749.593121
6477 1823836.769831
6476 1823865.930764
6475 1823895.110284
6473 1823953.473962
6472 1823982.700675
6470 1824041.196502
6469 1824070.459850
6462 1824275.330352
6459 1824363.232722
6458 1824392.535302
6457 1824421.850186
6456 1824451.181111
6455 1824480.540871
6453 1824539.273712
6452 1824568.640712
6451 1824598.039063
6450 1824627.465004
6448 1824686.325312
6446 1824745.250599
6443 1824833.685184
6441 1824892.669465
6437 1825010.650365
6435 1825069.648724
6432 1825158.193688
6431 1825187.715632
6428 1825276.302384
6427 1825305.836997
6425 1825364.923172
6424 1825394.485409
6416 1825631.415539
6414 1825690.659923
6413 1825720.339230
6409 1825839.099038
6408 1825868.795159
6406 1825928.251524
6404 1825987.718080
6401 1826077.003778
6400 1826106.786416
6396 1826225.959873
6395 1826255.756819
6394 1826285.558187
6393 1826315.364386
6390 1826404.959576
6389 1826434.839923
6387 1826494.668786
6385 1826554.588639
6377 1826794.284649
6376 1826824.254015
6374 1826884.212394
6373 1826914.226831
6371 1826974.257025
6363 1827214.756974
6362 1827244.845110
6359 1827335.137042
6358 1827365.287004
6355 1827455.816148
6353 1827516.185231
6347 1827697.471259
6346 1827727.692441
6339 1827939.291277
6338 1827969.535576
6336 1828030.101498
6335 1828060.406530
6333 1828121.041183
6332 1828151.384797
6325 1828363.835647
6324 1828394.194458
6317 1828606.710228
6316 1828637.069740
6314 1828697.793523
6313 1828728.186573
6312 1828758.588106
6311 1828789.071913
6308 1828880.553100
6303 1829033.227579
6301 1829094.401095
6300 1829124.992503
6295 1829277.955568
6294 1829308.549918
6291 1829400.406371
6289 1829461.675805
6286 1829553.628087
6285 1829584.295680
6281 1829707.014697
6280 1829737.728585
6277 1829829.914760
6275 1829891.419187
6274 1829922.179592
6272 1829983.817776
6270 1830045.505322
6268 1830107.199394
6266 1830168.899586
6265 1830199.752122
6263 1830261.475678
6262 1830292.350916
6261 1830323.251244
6260 1830354.177048
6259 1830385.107699
6258 1830416.053902
6257 1830447.012799
6255 1830508.939262
6252 1830601.928883
6249 1830694.934769
6246 1830788.009514
6245 1830819.043000
6244 1830850.092011
6241 1830943.330917
6235 1831129.893693
6234 1831161.010179
6233 1831192.178107
6232 1831223.352288
6231 1831254.531743
6229 1831316.938773
6228 1831348.153298
6227 1831379.395214
6226 1831410.670773
6225 1831441.956540
6223 1831504.530947
6221 1831567.161035
6212 1831849.010452
6209 1831943.034178
6208 1831974.375885
6204 1832099.747088
6203 1832131.111102
6201 1832193.858541
6198 1832288.018990
6197 1832319.425001
6196 1832350.873965
6194 1832413.944562
6193 1832445.482223
6190 1832540.219897
6189 1832571.826679
6188 1832603.439212
6186 1832666.671096
6185 1832698.290227
6182 1832793.166351
6179 1832888.064739
6168 1833236.296862
6166 1833299.640650
6161 1833458.070707
6157 1833584.869610
6156 1833616.570259
6149 1833838.651120
6148 1833870.389708
6147 1833902.135438
6145 1833965.630029
6144 1833997.414429
6143 1834029.204682
6138 1834188.265385
6134 1834315.603930
6132 1834379.307227
6131 1834411.176530
6125 1834602.489790
6117 1834857.640070
6116 1834889.562441
6113 1834985.376722
6112 1835017.340455
6111 1835049.304745
6110 1835081.273730
6108 1835145.215578
6107 1835177.197925
6106 1835209.184766
6105 1835241.210027
6103 1835305.312050
6101 1835369.415760
6100 1835401.488446
6099 1835433.582685
6096 1835529.934640
6094 1835594.234882
6093 1835626.439594
6091 1835690.916539
6090 1835723.172388
6088 1835787.686717
6087 1835819.949844
6086 1835852.249880
6085 1835884.557606
6084 1835916.907961
6081 1836013.960347
6072 1836305.240518
6070 1836370.009437
6069 1836402.401660
6065 1836531.998810
6061 1836661.653332
6060 1836694.067203
6058 1836758.964041
6057 1836791.423614
6055 1836856.345023
6054 1836888.808453
6050 1837018.776365
6047 1837116.333014
6040 1837343.989758
6039 1837376.525341
6038 1837409.087621
6037 1837441.689514
6034 1837539.512722
6033 1837572.136779
6031 1837637.410834
6029 1837702.773400
6027 1837768.144154
6025 1837833.520693
6019 1838029.776118
6018 1838062.499636
6016 1838128.096534
6014 1838193.731133
6010 1838325.012631
6008 1838390.653911
6007 1838423.476721
6006 1838456.307175
6005 1838489.143422
6000 1838653.391281
5998 1838719.104256
5996 1838784.837856
5992 1838916.453395
5990 1838982.283823
5989 1839015.206779
5983 1839212.820250
5981 1839278.700203
5977 1839410.518045
5976 1839443.475450
5970 1839641.354102
5969 1839674.359831
5968 1839707.425781
5967 1839740.522347
5963 1839872.935687
5962 1839906.055839
5958 1840038.564500
5957 1840071.695701
5956 1840104.834741
5955 1840138.068128
5953 1840204.643956
5951 1840271.250326
5947 1840404.467130
5944 1840504.519265
5940 1840638.002146
5939 1840671.380402
5938 1840704.773361
5937 1840738.181086
5936 1840771.607441
5935 1840805.039028
5934 1840838.477030
5932 1840905.402584
5928 1841039.316438
5925 1841139.809679
5923 1841206.824643
5921 1841273.846575
5919 1841340.898773
5918 1841374.471016
5917 1841408.075650
5911 1841609.858412
5910 1841643.507730
5909 1841677.159150
5908 1841710.821209
5907 1841744.488365
5905 1841811.866243
5904 1841845.640253
5902 1841913.232122
5901 1841947.038329
5896 1842116.329421
5894 1842184.080192
5893 1842217.973995
5890 1842319.657898
5884 1842523.089683
5881 1842624.870065
5880 1842658.835058
5878 1842726.777616
5876 1842794.726060
5874 1842862.690891
5872 1842930.670760
5869 1843032.691490
5868 1843066.726962
5867 1843100.785497
5862 1843271.168289
5860 1843339.333166
5858 1843407.601976
5857 1843441.757646
5855 1843510.101057
5848 1843749.499012
5847 1843783.700829
5844 1843886.371372
5841 1843989.139869
5839 1844057.734029
5836 1844160.636557
5835 1844194.973998
5834 1844229.316421
5832 1844298.025945
5831 1844332.382428
5829 1844401.097835
5828 1844435.513675
5827 1844469.946601
5824 1844573.274560
5822 1844642.165745
5820 1844711.224515
5815 1844883.963462
5814 1844918.530520
5811 1845022.350815
5809 1845091.587548
5808 1845126.209128
5806 1845195.560386
5805 1845230.276052
5803 1845299.838915
5795 1845578.190492
5792 1845682.710186
5789 1845787.448126
5788 1845822.383671
5787 1845857.359170
5785 1845927.311858
5784 1845962.317975
5783 1845997.336038
5780 1846102.438934
5779 1846137.549500
5775 1846278.037266
5773 1846348.317024
5770 1846453.821034
5768 1846524.158308
5767 1846559.327534
5765 1846629.688525
5764 1846664.871614
5763 1846700.055074
5762 1846735.259426
5759 1846840.909279
5758 1846876.174898
5755 1846981.995713
5753 1847052.624760
5751 1847123.258874
5748 1847229.216386
5746 1847299.887097
5744 1847370.576693
5743 1847405.935634
5742 1847441.297981
5740 1847512.198647
5738 1847583.099466
5737 1847618.586920
5736 1847654.074802
5735 1847689.564605
5734 1847725.057390
5733 1847760.597507
5732 1847796.145788
5731 1847831.700245
5730 1847867.276703
5729 1847902.872757
5728 1847938.512620
5727 1847974.229437
5724 1848081.409355
5721 1848188.642098
5719 1848260.160685
5718 1848295.926437
5717 1848331.722609
5715 1848403.380993
5708 1848654.857797
5707 1848690.797094
5705 1848762.683423
5704 1848798.643491
5703 1848834.633463
5702 1848870.674238
5694 1849159.327100
5690 1849303.685055
5687 1849412.134284
5686 1849448.289789
5682 1849593.160279
5681 1849629.391693
5679 1849701.854811
5678 1849738.115914
5677 1849774.402441
5676 1849810.699413
5674 1849883.330006
5673 1849919.653597
5668 1850101.321634
5665 1850210.349216
5662 1850319.512522
5661 1850355.900318
5658 1850465.079166
5654 1850610.796898
5650 1850756.524775
5649 1850792.980348
5647 1850865.960920
5645 1850938.979455
5642 1851048.566279
5638 1851194.961256
5635 1851304.780385
5631 1851451.352208
5628 1851561.345703
5627 1851598.020853
5625 1851671.399915
5623 1851744.881906
5622 1851781.623507
5621 1851818.373164
5619 1851891.883337
5617 1851965.417439
5615 1852038.981551
5614 1852075.765175
5613 1852112.557179
5611 1852186.186050
5609 1852259.888639
5607 1852333.599799
5606 1852370.462260
5605 1852407.335617
5602 1852518.029906
5601 1852554.928425
5600 1852591.849201
5598 1852665.696456
5596 1852739.578411
5595 1852776.525872
5594 1852813.473850
5592 1852887.373518
5591 1852924.346914
5588 1853035.277842
5587 1853072.307040
5580 1853331.537117
5579 1853368.571185
5574 1853553.816913
5572 1853627.924954
5565 1853887.444688
5564 1853924.523839
5561 1854036.026703
5559 1854110.435549
5558 1854147.650598
5557 1854184.913771
5551 1854408.642537
5548 1854520.528726
5547 1854557.830896
5540 1854818.962477
5536 1854968.261022
5534 1855042.944454
5532 1855117.649935
5527 1855304.458022
5526 1855341.892405
5525 1855379.341192
5522 1855491.768032
5521 1855529.292814
5516 1855717.381824
5513 1855830.251429
5512 1855867.875670
5511 1855905.562550
5510 1855943.259197
5508 1856018.656585
5506 1856094.077031
5505 1856131.949475
5504 1856169.830193
5503 1856207.714358
5502 1856245.610467
5500 1856321.509098
5497 1856435.474906
5496 1856473.483930
5494 1856549.688940
5492 1856625.927704
5490 1856702.176558
5487 1856816.672093
5482 1857007.507241
5479 1857122.073429
5477 1857198.463074
5475 1857274.889754
5473 1857351.332650
5470 1857466.076520
5469 1857504.357628
5468 1857542.723993
5467 1857581.151427
5462 1857773.537925
5459 1857889.014838
5457 1857966.031412
5454 1858081.572368
5453 1858120.099624
5452 1858158.634211
5450 1858235.712388
5437 1858736.819095
5436 1858775.369557
5433 1858891.052955
5431 1858968.184641
5429 1859045.326365
5428 1859083.917324
5427 1859122.544492
5424 1859238.464096
5423 1859277.117196
5421 1859354.433718
5420 1859393.097613
5416 1859547.754177
5413 1859663.752116
5412 1859702.424079
5409 1859818.457681
5406 1859934.531959
5400 1860166.696027
5399 1860205.446496
5396 1860321.757709
5385 1860748.511381
5383 1860826.111189
5381 1860903.719995
5379 1860981.374935
5378 1861020.213826
5377 1861059.108380
5375 1861136.899735
5370 1861331.439616
5367 1861448.192012
5364 1861564.944513
5362 1861642.800118
5359 1861759.622394
5357 1861837.513947
5355 1861915.445138
5354 1861954.437394
5353 1861993.441917
5350 1862110.604192
5348 1862188.736036
5345 1862305.953291
5342 1862423.225515
5341 1862462.350219
5340 1862501.489385
5336 1862658.057567
5333 1862775.533491
5330 1862893.050440
5326 1863050.019453
5325 1863089.266446
5316 1863442.597598
5315 1863481.856950
5313 1863560.507151
5303 1863953.813569
5301 1864032.565828
5300 1864071.962852
5297 1864190.237584
5286 1864623.938261
5285 1864663.392319
5280 1864860.667871
5277 1864979.314178
5276 1865018.866539
5275 1865058.495174
5273 1865137.954086
5268 1865336.805736
5267 1865376.600882
5264 1865496.109097
5261 1865615.659629
5260 1865655.517398
5259 1865695.379995
5249 1866094.238507
5241 1866414.918476
5232 1866775.789601
5230 1866856.024374
5229 1866896.145137
5225 1867056.714685
5217 1867378.386817
5216 1867418.617971
5215 1867458.856743
5214 1867499.107565
5210 1867660.304066
5204 1867902.173581
5202 1867982.839450
5201 1868023.175538
5199 1868103.916290
5196 1868225.072390
5193 1868346.364548
5189 1868508.309251
5186 1868629.791151
5183 1868751.375107
5180 1868873.066335
5178 1868954.226769
5177 1868994.816869
5176 1869035.409088
5175 1869076.019086
5173 1869157.253193
5171 1869238.675248
5168 1869360.928623
5166 1869442.445167
5163 1869564.729744
5162 1869605.502085
5160 1869687.074193
5155 1869891.004905
5153 1869972.596546
5151 1870054.249631
5150 1870095.130806
5148 1870176.903736
5147 1870217.794875
5146 1870258.702619
5144 1870340.583803
5140 1870504.353667
5139 1870545.299862
5134 1870750.323172
5133 1870791.341740
5132 1870832.364850
5131 1870873.409428
5128 1870996.545899
5127 1871037.664061
5126 1871078.812029
5123 1871202.341770
5120 1871325.880619
5119 1871367.061816
5117 1871449.467794
5116 1871490.693149
5115 1871531.947135
5113 1871614.486440
5110 1871738.300609
5109 1871779.585164
5108 1871820.899789
5107 1871862.251777
5106 1871903.611085
5104 1871986.356692
5103 1872027.730260
5102 1872069.106931
5094 1872400.202415
5093 1872441.602407
5091 1872524.413613
5090 1872565.841008
5087 1872690.197511
5086 1872731.714735
5083 1872856.292743
5082 1872897.836035
5080 1872981.048024
5078 1873064.332380
5074 1873231.009211
5070 1873398.013835
5065 1873607.056814
5061 1873774.313010
5060 1873816.138564
5059 1873858.024648
5058 1873899.922673
5054 1874067.518258
5048 1874319.198123
5047 1874361.191956
5046 1874403.187282
5034 1874908.074296
5033 1874950.197575
5031 1875034.502196
5029 1875118.844138
5025 1875287.699907
5022 1875414.452775
5021 1875456.742663
5018 1875583.863165
5017 1875626.253039
5012 1875838.261768
5006 1876092.693937
5005 1876135.105058
5002 1876262.377609
4998 1876432.133283
4997 1876474.574174
4995 1876559.504210
4994 1876601.988704
4992 1876686.958952
4990 1876772.009704
4989 1876814.536445
4988 1876857.087728
4984 1877027.295992
4982 1877112.449917
4980 1877197.631321
4979 1877240.246066
4969 1877666.428886
4968 1877709.055713
4967 1877751.718036
4963 1877922.573954
4959 1878093.432975
4958 1878136.181545
4951 1878435.620424
4948 1878564.081525
4946 1878649.836079
4942 1878821.445567
4941 1878864.367377
4937 1879036.170935
4936 1879079.131213
4935 1879122.119941
4934 1879165.151510
4929 1879380.436585
4928 1879423.521551
4927 1879466.648989
4925 1879552.951247
4921 1879725.572376
4916 1879941.557411
4909 1880244.146858
4906 1880373.978741
4905 1880417.271360
4904 1880460.570119
4899 1880677.123151
4898 1880720.454090
4894 1880894.008968
4890 1881067.628862
4889 1881111.034160
4887 1881197.845685
4886 1881241.262650
4884 1881328.134775
4883 1881371.591041
4882 1881415.090018
4881 1881458.631407
4879 1881545.732670
4878 1881589.313068
4876 1881676.493976
4871 1881894.585664
4870 1881938.238015
4866 1882112.987803
4864 1882200.498316
4862 1882288.053921
4859 1882419.391914
4857 1882506.970135
4856 1882550.762906
4855 1882594.571811
4851 1882770.188095
4850 1882814.098118
4848 1882901.935067
4843 1883121.574992
4837 1883385.268685
4833 1883561.198673
4830 1883693.160376
4827 1883825.282665
4819 1884177.625402
4818 1884221.685965
4813 1884442.309260
4811 1884530.569290
4808 1884662.973128
4806 1884751.449800
4802 1884928.424349
4801 1884972.675611
4798 1885105.619166
4796 1885194.285406
4791 1885416.068597
4790 1885460.443857
4789 1885504.833348
4788 1885549.297380
4787 1885593.809224
4786 1885638.420908
4783 1885772.310386
4777 1886040.100358
4776 1886084.739413
4772 1886263.449477
4771 1886308.162759
4770 1886352.995169
4759 1886846.283478
4757 1886936.024841
4755 1887025.796718
4752 1887160.515828
4749 1887295.255804
4747 1887385.126631
4745 1887475.037952
4742 1887609.912387
4740 1887699.848408
4739 1887744.890167
4735 1887925.311844
4734 1887970.463263
4733 1888015.633738
4731 1888106.049146
4730 1888151.286869
4723 1888467.956470
4720 1888604.048914
4714 1888876.481815
4711 1889012.725785
4710 1889058.171322
4709 1889103.626883
4702 1889421.820201
4701 1889467.316156
4700 1889512.829090
4697 1889649.573395
4696 1889695.178167
4692 1889877.626788
4691 1889923.241457
4689 1890014.588189
4688 1890060.270729
4687 1890105.994890
4680 1890426.302809
4677 1890563.596303
4675 1890655.127787
4662 1891250.872474
4661 1891296.748848
4658 1891434.481694
4656 1891526.313568
4653 1891664.163676
4648 1891894.068992
4647 1891940.073975
4646 1891986.091680
4645 1892032.160790
4644 1892078.270495
4643 1892124.421816
4642 1892170.602347
4637 1892401.607524
4635 1892494.123123
4634 1892540.391108
4633 1892586.661436
4632 1892632.952810
4630 1892725.589814
4629 1892771.916743
4628 1892818.251035
4627 1892864.621465
4625 1892957.454839
4622 1893096.707089
4619 1893236.027429
4617 1893329.011652
4616 1893375.537853
4613 1893515.299059
4611 1893608.625792
4610 1893655.306391
4607 1893795.385801
4606 1893842.165680
4605 1893888.959559
4602 1894029.446869
4598 1894216.814198
4595 1894357.874561
4594 1894404.901817
4593 1894451.965486
4587 1894734.396311
4582 1894969.921344
4580 1895064.133646
4572 1895441.214129
4566 1895724.458933
4561 1895960.543116
4558 1896102.632514
4553 1896339.525153
4550 1896481.700615
4548 1896576.500835
4544 1896766.280779
4542 1896861.204256
4539 1897003.672478
4537 1897098.867735
4535 1897194.147368
4534 1897241.788731
4533 1897289.461561
4530 1897432.593464
4526 1897623.960087
4525 1897671.808692
4514 1898198.356306
4510 1898389.851788
4505 1898629.454884
4504 1898677.524824
4502 1898773.728491
4500 1898869.933090
4499 1898918.048255
4497 1899014.300038
4496 1899062.437106
4494 1899158.766695
4493 1899206.963641
4492 1899255.199723
4490 1899351.797936
4485 1899593.474490
4483 1899690.163548
4482 1899738.509812
4480 1899835.269038
4478 1899932.041478
4474 1900125.597245
4472 1900222.521766
4471 1900271.005247
4470 1900319.492116
4466 1900513.444769
4465 1900561.963107
4463 1900659.195584
4461 1900756.506950
4460 1900805.204228
4459 1900853.957425
4455 1901049.344627
4454 1901098.196739
4453 1901147.116962
4452 1901196.056996
4449 1901342.880859
4446 1901489.776023
4444 1901587.783718
4437 1901931.850772
4432 1902177.630983
4431 1902226.966206
4429 1902325.723759
4427 1902424.481414
4425 1902523.298408
4424 1902572.869459
4421 1902721.645819
4420 1902771.285865
4417 1902920.626444
4399 1903816.813469
4398 1903866.690107
4393 1904116.181946
4391 1904216.003770
4383 1904615.383679
4375 1905015.361765
4374 1905065.363949
4369 1905316.127749
4366 1905466.642311
4365 1905516.830427
4364 1905567.129993
4358 1905869.630205
4354 1906071.532878
4352 1906172.522834
4348 1906374.660688
4347 1906425.198679
4345 1906526.466788
4344 1906577.165972
4341 1906729.325975
4340 1906780.099737
4339 1906830.878495
4337 1906932.483774
4335 1907034.143097
4330 1907288.463704
4329 1907339.400086
4327 1907441.336838
4326 1907492.310051
4323 1907645.679417
4322 1907696.885479
4321 1907748.102641
4320 1907799.403803
4318 1907902.121066
4316 1908004.908032
4312 1908210.513263
4311 1908262.032644
4310 1908313.566657
4308 1908416.680427
4306 1908519.864653
4303 1908674.691951
4302 1908726.314571
4300 1908829.561760
4297 1908984.750812
4296 1909036.528643
4295 1909088.313570
4294 1909140.102109
4289 1909399.403059
4288 1909451.331591
4283 1909711.087117
4281 1909815.128571
4280 1909867.182978
4278 1909971.569567
4277 1910023.784929
4273 1910232.675983
4271 1910337.210371
4268 1910494.050935
4266 1910598.647482
4265 1910651.156840
4257 1911071.237735
4256 1911123.781568
4251 1911386.559884
4250 1911439.156197
4249 1911491.804212
4248 1911544.456933
4246 1911649.862449
4240 1911967.312054
4238 1912073.353597
4226 1912710.703147
4222 1912923.176918
4221 1912976.415003
4219 1913082.893750
4218 1913136.156145
4216 1913242.711793
4215 1913296.042163
4213 1913402.752795
4212 1913456.132962
4208 1913669.833317
4204 1913883.619708
4197 1914258.348324
4194 1914418.968529
4192 1914526.073212
4181 1915115.409630
4180 1915169.056729
4179 1915222.706646
4174 1915491.373024
4172 1915598.865915
4170 1915706.473497
4163 1916083.396064
4160 1916245.266898
4159 1916299.431396
4156 1916461.962770
4155 1916516.168022
4152 1916678.886484
4150 1916787.799544
4149 1916842.297264
4147 1916951.315400
4145 1917060.494565
4144 1917115.197546
4142 1917224.646443
4140 1917334.113062
4139 1917389.012894
4135 1917608.661571
4133 1917718.498020
4132 1917773.479531
4131 1917828.499745
4130 1917883.530961
4128 1917993.675070
4126 1918103.875895
4124 1918214.081756
4123 1918269.196557
4119 1918489.700824
4118 1918544.845408
4117 1918600.005086
4111 1918931.162584
4110 1918986.406264
4106 1919207.408899
4105 1919262.695684
4101 1919484.054346
4100 1919539.398187
4095 1919816.669486
4092 1919983.113585
4090 1920094.259228
4089 1920149.902316
4087 1920261.222074
4085 1920372.726717
4084 1920428.750084
4083 1920484.867064
4082 1920541.139319
4079 1920710.090627
4078 1920766.417477
4074 1920991.757955
4073 1921048.227719
4069 1921274.290049
4067 1921387.358355
4065 1921500.604322
4063 1921613.850360
4062 1921670.511801
4061 1921727.197367
4060 1921783.889916
4059 1921840.598414
4058 1921897.330654
4057 1921954.086292
4053 1922181.199551
4052 1922238.002156
4050 1922351.703732
4043 1922750.069530
4042 1922807.036767
4039 1922977.987702
4035 1923205.922781
4034 1923262.957136
4033 1923320.008141
4030 1923491.314081
4029 1923548.429739
4027 1923662.768465
4026 1923720.047857
4022 1923949.191495
4018 1924178.389616
4017 1924235.711196
4016 1924293.104271
4015 1924350.517326
4013 1924465.483649
4011 1924580.622354
4008 1924753.498351
4007 1924811.168778
4004 1924984.257473
4002 1925099.673191
4001 1925157.424405
4000 1925215.186876
3998 1925330.874050
3989 1925851.476080
3988 1925909.337798
3987 1925967.202201
3984 1926141.159901
3983 1926199.154126
3981 1926315.246430
3980 1926373.377945
3974 1926722.341795
3973 1926780.536332
3970 1926955.227769
3966 1927188.731259
3962 1927422.311729
3961 1927480.777005
3954 1927890.687528
3952 1928007.930891
3951 1928066.612455
3943 1928536.136171
3937 1928888.876931
3936 1928947.689093
3934 1929065.379767
3933 1929124.265099
3932 1929183.155965
3931 1929242.194323
3929 1929360.422800
3927 1929478.771617
3926 1929537.970230
3923 1929715.691445
3922 1929775.037035
3920 1929893.896740
3919 1929953.330981
3918 1930012.794316
3917 1930072.297848
3915 1930191.469573
3914 1930251.086846
3912 1930370.342256
3909 1930549.462484
3903 1930907.778702
3901 1931027.269818
3900 1931087.053394
3899 1931146.859534
3897 1931266.564157
3896 1931326.508732
3895 1931386.472388
3894 1931446.510246
3893 1931506.556093
3892 1931566.622573
3891 1931626.757291
3889 1931747.083276
3888 1931807.272750
3887 1931867.491597
3886 1931927.727691
3881 1932229.119717
3877 1932470.607659
3875 1932591.365321
3869 1932953.827370
3867 1933074.693716
3866 1933135.145137
3862 1933377.151055
3860 1933498.337712
3858 1933619.768672
3854 1933862.690656
3853 1933923.444462
3852 1933984.209075
3850 1934105.821768
3848 1934227.797043
3836 1934959.898775
3833 1935142.943964
3831 1935264.993974
3828 1935448.117361
3823 1935753.529441
3820 1935936.891408
3819 1935998.026266
3818 1936059.187000
3817 1936120.404365
3816 1936181.627774
3815 1936242.863232
3811 1936488.434468
3809 1936611.305373
3805 1936857.208080
3799 1937226.196929
3797 1937349.215742
3794 1937533.846734
3793 1937595.392684
3787 1937965.060262
3785 1938088.295969
3783 1938211.533356
3782 1938273.197610
3779 1938458.253793
3775 1938705.088362
3774 1938766.839608
3769 1939075.903796
3767 1939199.571516
3766 1939261.414353
3764 1939385.327115
3762 1939509.403804
3761 1939571.461411
3758 1939757.664251
3757 1939819.750852
3756 1939881.909466
3754 1940006.331129
3753 1940068.728413
3750 1940255.949590
3749 1940318.402714
3747 1940443.842461
3746 1940506.605091
3743 1940695.059022
3741 1940820.778544
3739 1940946.644241
3737 1941072.629666
3734 1941261.859824
3730 1941514.218720
3727 1941703.653375
3726 1941766.832416
3725 1941830.018697
3724 1941893.280628
3719 1942209.886419
3718 1942273.252468
3716 1942399.997575
3712 1942653.578740
3710 1942780.407876
3708 1942907.320330
3707 1942970.817091
3706 1943034.355592
3705 1943097.906013
3702 1943288.584687
3699 1943479.444509
3698 1943543.103627
3696 1943670.423227
3695 1943734.151355
3692 1943925.612486
3688 1944180.992744
3686 1944308.689504
3683 1944500.246713
3682 1944564.153057
3677 1944883.953525
3675 1945011.976351
3674 1945076.012848
3672 1945204.195120
3669 1945396.811118
3666 1945589.829881
3663 1945783.050435
3662 1945847.569878
3658 1946105.687631
3657 1946170.232817
3654 1946364.033407
3651 1946557.958961
3645 1946946.114611
3643 1947075.512530
3642 1947140.262439
3641 1947205.081996
3640 1947269.929448
3638 1947399.676476
3636 1947529.753444
3635 1947594.887813
3633 1947725.164548
3632 1947790.366597
3631 1947855.651093
3625 1948247.541776
3623 1948378.219353
3622 1948443.709244
3621 1948509.217674
3620 1948574.765139
3613 1949033.743217
3611 1949165.061647
3610 1949230.811664
3609 1949296.588046
3605 1949559.730507
3602 1949757.319809
3599 1949954.924283
3597 1950086.678140
3596 1950152.639262
3595 1950218.676411
3593 1950350.753149
3592 1950416.809321
3591 1950482.885546
3590 1950548.964130
3589 1950615.053727
3588 1950681.283553
3585 1950879.985986
3584 1950946.303121
3582 1951078.986523
3581 1951145.500249
3579 1951278.714353
3576 1951478.716251
3573 1951679.461259
3572 1951746.416495
3569 1951947.343381
3567 1952081.518106
3566 1952148.668513
3565 1952215.826729
3564 1952283.147941
3563 1952350.536351
3562 1952417.988496
3557 1952755.331445
3555 1952890.330802
3553 1953025.536614
3552 1953093.186206
3550 1953228.578320
3546 1953499.578446
3545 1953567.335309
3544 1953635.153865
3541 1953839.034250
3539 1953975.215811
3538 1954043.426237
3536 1954179.912148
3535 1954248.319332
3533 1954385.319847
3516 1955551.480054
3514 1955688.800736
3511 1955894.938742
3510 1955963.722003
3501 1956583.372675
3499 1956721.077430
3498 1956789.977968
3495 1956997.013658
3486 1957618.372650
3485 1957687.464154
3482 1957895.249365
3480 1958034.005781
3479 1958103.557592
3477 1958242.827926
3476 1958312.481604
3475 1958382.162157
3474 1958451.853588
3462 1959289.594153
3461 1959359.405995
3459 1959499.123587
3447 1960338.288091
3446 1960408.377470
3444 1960548.632591
3443 1960618.765020
3442 1960688.900701
3438 1960969.684611
3437 1961039.915481
3436 1961110.206343
3433 1961321.309427
3432 1961391.806227
3430 1961532.937410
3426 1961815.949204
3425 1961886.712181
3424 1961957.519042
3422 1962099.231866
3421 1962170.142383
3416 1962525.207038
3408 1963093.594612
3405 1963306.817619
3403 1963449.131904
3398 1963805.407494
3396 1963947.951840
3395 1964019.268136
3393 1964161.978750
3377 1965303.886084
3376 1965375.271562
3374 1965518.239381
3372 1965661.465304
3370 1965804.884042
3368 1965948.471633
3366 1966092.109355
3364 1966235.966901
3360 1966523.770893
3359 1966595.844413
3358 1966667.976011
3356 1966812.438499
3353 1967029.187483
3351 1967173.717029
3349 1967318.317860
3348 1967390.635107
3347 1967462.991061
3346 1967535.370718
3344 1967680.138199
3337 1968187.312504
3336 1968259.769688
3335 1968332.294282
3331 1968622.647322
3330 1968695.378517
3324 1969132.267975
3321 1969350.948042
3315 1969790.711366
3313 1969937.715717
3306 1970452.517883
3302 1970746.756111
3300 1970893.891540
3297 1971114.600405
3295 1971261.972239
3294 1971335.722006
3292 1971483.350237
3290 1971631.001022
3289 1971704.852750
3287 1971852.642717
3286 1971926.659983
3285 1972000.679358
3284 1972074.701162
3283 1972148.764046
3282 1972223.039756
3280 1972371.703002
3277 1972594.725600
3271 1973041.655625
3270 1973116.335963
3269 1973191.053767
3265 1973490.017993
3264 1973564.799901
3261 1973789.180664
3259 1973939.089999
3254 1974314.036178
3252 1974464.058389
3251 1974539.182476
3249 1974689.502332
3248 1974764.693481
3247 1974839.921317
3240 1975367.561231
3238 1975518.345426
3235 1975744.706608
3234 1975820.201417
3233 1975895.747617
3228 1976273.496022
3222 1976727.339326
3220 1976878.854639
3219 1976954.972564
3218 1977031.108497
3217 1977107.259062
3216 1977183.514092
3215 1977259.774273
3213 1977412.345355
3212 1977488.719392
3208 1977794.552656
3207 1977871.016211
3205 1978023.957622
3204 1978100.433847
3201 1978330.268224
3199 1978484.257015
3197 1978638.296489
3196 1978715.329588
3194 1978869.738694
3192 1979024.248609
3191 1979101.557698
3190 1979178.954864
3189 1979256.384973
3188 1979333.827886
3187 1979411.281169
3186 1979488.861211
3185 1979566.447650
3180 1979955.388684
3179 1980033.195443
3178 1980111.035724
3173 1980500.790796
3170 1980734.807955
3167 1980968.829563
3164 1981203.130197
3159 1981594.090927
3156 1981829.471658
3155 1981908.004089
3152 1982143.753228
3146 1982615.426299
3144 1982772.847588
3143 1982851.624864
3140 1983087.981017
3139 1983166.900930
3138 1983245.974717
3137 1983325.082153
3135 1983483.772348
3132 1983722.026598
3131 1983801.573841
3129 1983960.926637
3126 1984200.017582
3124 1984359.759186
3123 1984439.667248
3122 1984519.626824
3120 1984679.695263
3119 1984759.742952
3118 1984839.802042
3111 1985401.617775
3110 1985481.914843
3108 1985642.525438
3106 1985803.153896
3104 1985963.899688
3103 1986044.431364
3102 1986124.992376
3100 1986286.274071
3094 1986770.663623
3092 1986932.336000
3089 1987175.461102
3085 1987500.617087
3075 1988314.038809
3074 1988395.427413
3073 1988476.959849
3072 1988558.509773
3070 1988722.049603
3069 1988803.853061
3068 1988885.672339
3066 1989049.352803
3065 1989131.205369
3051 1990277.243663
3050 1990359.174892
3049 1990441.222062
3048 1990523.315197
3042 1991016.830985
3038 1991346.303584
3037 1991428.679755
3027 1992252.741884
3026 1992335.153765
3025 1992417.583339
3024 1992500.075739
3021 1992747.596141
3013 1993408.281439
3012 1993491.138591
3009 1993740.017510
3006 1993988.934178
3000 1994487.477154
2997 1994736.880801
2996 1994820.213533
2993 1995070.411870
2992 1995153.864627
2989 1995404.324644
2985 1995738.748306
2983 1995906.606247
2980 1996158.423189
2979 1996242.604013
2978 1996326.812816
2977 1996411.040298
2975 1996579.831399
2973 1996748.623104
2972 1996833.028219
2971 1996917.666682
2967 1997257.053833
2965 1997426.837252
2964 1997511.798769
2961 1997767.020528
2960 1997852.214617
2959 1997937.424544
2958 1998022.657997
2957 1998107.939084
2954 1998363.793977
2951 1998620.238239
2950 1998705.803545
2947 1998962.644400
2944 1999219.636103
2943 1999305.484325
2935 1999992.756331
2934 2000078.699721
2931 2000337.505610
2930 2000423.793583
2923 2001028.320855
2922 2001114.698418
2919 2001374.117948
2918 2001460.624895
2917 2001547.137294
2915 2001720.218519
2913 2001893.535905
2912 2001980.227237
2909 2002240.889720
2908 2002327.866027
2907 2002414.934365
2906 2002502.010811
2903 2002763.396871
2901 2002937.768959
2896 2003374.060373
2892 2003723.264974
2891 2003810.574547
2890 2003898.007829
2888 2004072.887240
2886 2004247.850598
2883 2004510.921599
2879 2004862.373039
2877 2005038.279248
2874 2005302.682519
2870 2005655.273492
2868 2005831.692510
2867 2005919.950344
2865 2006096.615116
2862 2006362.371693
2857 2006806.655028
2854 2007073.653156
2852 2007251.732019
2851 2007340.954565
2850 2007430.329823
2849 2007519.962863
2847 2007699.506485
2844 2007968.829185
2843 2008058.925412
2842 2008149.070132
2840 2008329.493707
2838 2008509.937021
2836 2008690.387878
2834 2008870.987672
2832 2009051.875778
2823 2009866.000147
2818 2010318.409892
2816 2010499.458175
2813 2010771.236574
2812 2010861.898530
2810 2011043.277382
2808 2011224.722932
2807 2011315.758527
2805 2011497.955892
2803 2011680.675262
2800 2011954.794428
2799 2012046.250376
2795 2012412.439973
2794 2012504.009861
2789 2012962.019737
2788 2013053.672024
2787 2013145.405457
2785 2013329.007083
2784 2013420.963720
2783 2013512.985694
2780 2013789.803117
2779 2013882.267343
2778 2013974.899912
2777 2014067.596044
2768 2014902.559301
2767 2014995.336035
2766 2015088.116013
2762 2015460.013167
2761 2015553.324719
2757 2015926.612593
2754 2016206.707340
2751 2016486.807341
2743 2017234.561216
2742 2017328.159577
2741 2017421.855294
2740 2017515.586443
2727 2018737.078195
2723 2019112.995161
2718 2019583.348920
2716 2019771.664682
2713 2020054.339380
2712 2020148.571599
2707 2020620.277435
2706 2020714.717275
2705 2020809.233534
2704 2020903.862220
2699 2021377.073140
2695 2021756.283154
2692 2022041.591705
2690 2022231.936695
2689 2022327.167980
2684 2022804.399957
2683 2022899.981089
2682 2022995.571481
2681 2023091.336944
2678 2023379.447840
2677 2023475.584803
2676 2023571.756111
2671 2024054.196709
2670 2024151.290987
2669 2024248.537285
2668 2024345.785818
2667 2024443.182620
2666 2024540.689693
2665 2024638.334496
2664 2024736.031009
2662 2024931.432349
2660 2025127.018795
2659 2025224.898705
2653 2025812.537787
2650 2026106.942038
2649 2026205.313746
2648 2026303.691702
2647 2026402.160136
2645 2026599.172572
2644 2026697.739211
2637 2027388.874047
2636 2027487.653551
2628 2028278.092414
2626 2028475.882552
2624 2028673.770278
2623 2028772.942435
2622 2028872.116926
2619 2029171.049409
2618 2029270.716727
2617 2029370.459087
2616 2029470.309992
2615 2029570.252414
2613 2029770.563767
2608 2030271.420845
2607 2030371.711004
2604 2030672.608456
2598 2031274.617813
2592 2031877.275155
2586 2032481.369858
2584 2032682.740890
2580 2033085.643850
2579 2033186.610383
2578 2033287.774008
2572 2033896.061536
2569 2034200.600221
2566 2034506.736610
2558 2035323.730078
2556 2035528.086371
2555 2035630.571063
2553 2035835.553645
2551 2036040.599199
2550 2036143.365352
2542 2036969.047471
2541 2037072.288186
2540 2037176.038225
2539 2037280.303520
2538 2037385.082536
2537 2037490.018217
2530 2038224.581145
2527 2038539.520835
2525 2038749.599609
2522 2039066.108068
2519 2039382.694072
2518 2039488.352056
2517 2039594.489376
2516 2039700.937533
2511 2040233.898319
2510 2040340.612453
2507 2040660.971424
2503 2041088.241843
2501 2041302.568777
2500 2041409.734621
2498 2041624.250759
2497 2041731.598163
2496 2041839.047980
2495 2041946.633050
2494 2042054.244183
2491 2042378.250715
2487 2042810.476480
2485 2043026.616709
2480 2043567.794119
2478 2043784.413829
2477 2043892.803467
2472 2044436.567447
2468 2044873.257633
2465 2045200.977322
2464 2045310.405620
2459 2045857.768910
2457 2046076.743005
2454 2046405.248046
2453 2046515.037024
2452 2046624.951185
2451 2046734.899348
2450 2046844.874443
2448 2047064.998116
2441 2047835.597338
2440 2047945.696429
2436 2048387.256173
2435 2048497.650696
2431 2048939.651766
2430 2049050.231677
2423 2049824.897430
2421 2050046.492999
2419 2050268.309591
2417 2050490.823621
2416 2050602.080794
2415 2050713.394131
2414 2050824.865189
2413 2050936.386995
2408 2051494.290402
2403 2052054.346878
2402 2052166.562304
2399 2052503.917085
2398 2052616.692800
2394 2053068.360282
2390 2053520.108209
2387 2053858.933387
2385 2054084.823001
2383 2054311.159738
2380 2054650.762019
2378 2054877.682690
2372 2055558.598757
2366 2056240.505421
2365 2056354.505848
2363 2056583.077181
2361 2056812.570314
2352 2057846.364602
2347 2058420.728463
2342 2058995.718107
2336 2059686.194324
2335 2059801.491760
2333 2060032.879660
2331 2060264.766638
2330 2060381.255640
2329 2060497.797534
2328 2060614.694119
2326 2060848.608079
2325 2060965.595579
2324 2061082.641736
2323 2061199.701671
2315 2062136.465563
2314 2062253.575863
2312 2062488.153797
2310 2062722.947363
2309 2062840.387269
2307 2063075.306701
2305 2063311.497882
2304 2063429.771940
2302 2063666.772603
2301 2063785.439365
2300 2063904.247669
2298 2064142.350107
2294 2064618.684536
2286 2065573.608252
2280 2066293.996425
2279 2066414.100221
2273 2067135.501515
2271 2067376.048304
2270 2067496.366368
2268 2067737.003490
2267 2067857.387511
2266 2067977.894910
2265 2068098.463617
2260 2068702.699833
2258 2068944.686560
2257 2069065.682429
2255 2069307.725929
2253 2069550.222078
2251 2069792.775844
2249 2070035.408063
2248 2070156.942220
2247 2070278.546400
2245 2070522.228859
2243 2070766.321561
2242 2070888.991292
2241 2071011.686074
2239 2071257.279220
2236 2071626.949076
2235 2071750.322200
2233 2071997.121410
2232 2072120.573603
2230 2072367.971640
2228 2072615.482140
2226 2072863.440566
2224 2073111.733198
2223 2073235.972572
2217 2073982.125670
2216 2074106.780558
2213 2074480.960497
2210 2074855.408134
2209 2074980.232514
2208 2075105.058320
2207 2075230.056133
2205 2075480.060985
2204 2075605.189711
2201 2075980.639036
2198 2076356.146595
2197 2076481.462658
2196 2076606.867334
2193 2076983.247025
2192 2077108.776898
2191 2077234.609579
2190 2077360.575679
2188 2077613.323955
2187 2077739.965973
2186 2077866.630449
2182 2078373.364711
2181 2078500.114679
2179 2078754.400843
2178 2078881.563280
2177 2079008.769363
2173 2079517.747311
2172 2079645.512912
2169 2080028.830028
2165 2080541.159265
2163 2080797.422138
2161 2081054.784429
2160 2081183.960621
2147 2082863.531194
2144 2083251.649600
2143 2083381.100908
2142 2083510.633032
2141 2083640.201437
2133 2084677.200978
2132 2084806.885741
2129 2085196.482575
2126 2085586.120127
2124 2085846.436545
2123 2085976.603858
2122 2086106.800048
2120 2086368.706751
2116 2086893.663596
2115 2087024.906369
2114 2087156.260958
2108 2087944.703903
2106 2088207.545599
2105 2088339.154223
2104 2088470.953035
2103 2088602.758128
2102 2088734.696267
2094 2089791.711873
2092 2090055.990201
2091 2090188.342845
2089 2090453.531644
2088 2090586.203769
2082 2091383.624255
2080 2091650.406450
2079 2091784.217691
2076 2092186.113279
2074 2092454.435313
2072 2092723.237726
2071 2092857.667424
2069 2093126.698261
2066 2093530.887454
2062 2094069.913711
2060 2094339.812629
2059 2094475.045009
2054 2095151.518509
2049 2095828.437197
2047 2096099.363415
2046 2096235.537277
2045 2096371.790203
2044 2096508.257391
2041 2096919.158003
2037 2097467.159975
2035 2097741.309343
2033 2098016.797728
2032 2098154.894111
2031 2098293.132910
2028 2098708.054382
2026 2098984.749137
2023 2099401.572527
2022 2099540.514682
2019 2099957.725086
2016 2100376.643256
2014 2100656.520149
2009 2101357.152549
2008 2101497.388984
2002 2102340.441302
1999 2102762.943743
1998 2102903.825014
1997 2103045.848343
1996 2103187.983522
1994 2103472.892609
1993 2103615.415651
1985 2104755.678448
1979 2105610.895762
1978 2105753.582581
1975 2106184.277666
1971 2106758.648037
1969 2107046.593272
1967 2107334.582233
1966 2107478.666452
1963 2107912.308487
1961 2108202.023693
1960 2108346.883274
1959 2108492.280291
1953 2109365.085979
1950 2109802.325030
1949 2109948.221147
1945 2110532.109738
1941 2111117.870085
1937 2111703.844410
1931 2112584.377076
1929 2112878.546562
1922 2113909.552921
1921 2114056.869380
1915 2114941.256548
1914 2115088.728111
1906 2116274.679178
1901 2117016.133046
1900 2117164.711888
1899 2117313.370608
1897 2117611.150769
1895 2117910.487491
1893 2118210.110826
1892 2118360.053502
1891 2118510.009098
1890 2118660.174046
1883 2119717.520801
1880 2120170.699952
1878 2120473.024983
1874 2121077.757296
1873 2121229.327640
1872 2121380.907994
1866 2122292.097619
1865 2122444.264409
1862 2122901.241466
1861 2123053.735915
1860 2123206.812815
1856 2123821.354839
1853 2124282.469087
1852 2124436.512271
1851 2124590.921196
1850 2124745.471794
1847 2125209.721918
1846 2125364.656824
1845 2125519.705523
1844 2125674.843075
1841 2126140.424186
1839 2126451.219684
1837 2126763.213320
1836 2126919.275746
1835 2127075.617057
1834 2127232.269319
1832 2127546.525104
1830 2127861.192621
1827 2128333.670577
1826 2128491.291000
1824 2128806.576040
1821 2129282.125833
1820 2129440.643214
1813 2130553.838032
1809 2131190.133132
1804 2131990.978920
1803 2132151.390878
1802 2132312.375235
1793 2133763.595337
1790 2134247.933096
1786 2134894.966876
1784 2135219.004041
1782 2135543.600523
1781 2135706.577305
1780 2135869.731298
1771 2137340.191432
1769 2137667.749416
1767 2137995.515023
1765 2138323.372606
1759 2139310.280719
1754 2140134.067189
1751 2140630.057828
1750 2140795.397781
1748 2141126.152345
1742 2142118.597496
1740 2142450.768066
1739 2142616.931660
1735 2143282.378962
1734 2143449.186008
1732 2143783.643935
1726 2144787.065613
1723 2145289.391701
1721 2145624.353571
1720 2145791.953555
1719 2145959.654723
1718 2146127.633373
1716 2146465.491925
1714 2146803.880427
1712 2147144.015392
1711 2147314.488058
1709 2147656.500044
1703 2148685.718757
1701 2149030.755239
1697 2149721.079202
1696 2149893.713925
1691 2150759.851127
1687 2151454.105737
1686 2151627.974900
1685 2151801.993830
1681 2152498.668570
1676 2153371.044938
1674 2153720.011451
1672 2154069.174699
1669 2154594.462126
1667 2154946.291101
1666 2155122.399374
1665 2155298.844609
1664 2155475.414838
1663 2155652.175431
1661 2156006.280192
1660 2156183.548879
1657 2156715.867324
1656 2156893.504961
1654 2157249.333432
1651 2157783.328255
1648 2158317.391658
1647 2158495.617538
1646 2158674.192324
1645 2158853.258298
1640 2159748.753086
1637 2160287.627453
1635 2160647.726232
1633 2161007.856215
1631 2161369.467283
1623 2162817.663317
1621 2163181.315126
1619 2163545.586666
1618 2163727.831879
1614 2164457.577142
1612 2164824.206290
1610 2165191.055026
1607 2165742.662703
1601 2166848.853522
1599 2167217.590429
1597 2167587.074700
1596 2167772.014996
1595 2167957.719267
1594 2168145.357505
1591 2168709.970237
1590 2168898.839881
1587 2169468.649234
1585 2169849.950140
1583 2170231.282936
1581 2170612.852236
1580 2170804.062116
1579 2170995.712880
1574 2171954.050766
1572 2172337.510307
1565 2173680.464267
1560 2174640.282843
1559 2174832.891774
1558 2175026.098029
1554 2175802.187980
1552 2176191.275704
1547 2177165.043253
1545 2177555.133968
1542 2178144.332989
1541 2178340.971984
1540 2178537.614392
1534 2179722.099653
1533 2179919.587463
1532 2180117.835113
1529 2180712.631709
1525 2181505.987846
1521 2182300.559769
1518 2182896.893379
1513 2183891.108954
1512 2184090.005111
1511 2184289.653827
1509 2184689.665661
1505 2185490.598157
1503 2185892.136354
1501 2186294.013099
1497 2187099.488211
1495 2187503.595888
1494 2187705.764903
1493 2187907.981901
1486 2189327.178938
1484 2189733.000038
1482 2190138.998334
1480 2190544.998252
1479 2190748.216877
1478 2190951.555787
1476 2191359.811783
1472 2192176.772803
1470 2192588.042387
1464 2193827.852930
1458 2195069.533653
1457 2195276.710799
1455 2195692.251520
1452 2196316.919017
1451 2196525.562442
1446 2197572.377659
1441 2198619.416162
1440 2198830.499001
1438 2199253.399804
1437 2199465.149573
1436 2199677.174757
1434 2200102.520589
1433 2200315.337794
1432 2200528.527098
1429 2201168.594447
1425 2202024.196175
1422 2202666.132199
1420 2203094.737539
1419 2203309.068933
1418 2203523.580560
1414 2204381.726118
1409 2205458.182841
1404 2206537.225594
1400 2207406.338915
1394 2208711.887883
1388 2210018.152215
1387 2210236.987484
1385 2210674.714380
1384 2210893.660133
1380 2211769.691016
1379 2211989.588017
1375 2212869.595816
1374 2213091.657400
1368 2214426.623161
1362 2215763.631423
1361 2215986.591269
1360 2216209.602222
1359 2216433.049754
1358 2216656.713756
1357 2216880.693284
1356 2217104.683897
1355 2217328.888542
1353 2217778.247419
1352 2218004.430709
1346 2219364.359390
1345 2219591.781097
1344 2219819.721336
1343 2220047.929853
1340 2220739.315559
1337 2221432.301262
1336 2221663.411928
1335 2221895.368478
1334 2222127.734784
1333 2222360.458647
1331 2222826.572270
1328 2223526.898805
1327 2223761.006092
1320 2225399.837708
1316 2226337.108340
1315 2226571.646690
1313 2227040.993499
1312 2227275.739074
1311 2227510.983681
1310 2227747.142879
1309 2227983.611556
1306 2228693.355312
1302 2229640.867512
1295 2231308.366899
1292 2232023.449120
1291 2232262.646294
1289 2232745.759199
1284 2233968.252677
1282 2234459.769128
1281 2234705.744311
1279 2235197.883110
1277 2235690.088250
1276 2235936.354194
1275 2236182.974894
1273 2236676.488817
1272 2236923.566900
1271 2237170.774926
1270 2237418.246561
1269 2237666.459292
1268 2237915.029570
1266 2238414.008124
1261 2239664.048491
1259 2240164.237953
1257 2240664.443806
1255 2241165.603882
1252 2241917.876027
1251 2242169.001739
1250 2242420.139022
1249 2242671.329375
1248 2242924.579899
1247 2243178.564415
1245 2243686.771324
1243 2244197.566453
1242 2244454.139108
1241 2244711.019990
1239 2245226.338977
1238 2245485.547150
1236 2246005.387091
1235 2246265.524044
1233 2246787.263473
1229 2247831.314130
1228 2248093.586080
1221 2249931.377907
1219 2250457.299214
1216 2251249.701099
1212 2252311.228208
1208 2253373.584618
1206 2253906.427685
1204 2254439.331370
1203 2254706.337864
1195 2256843.062066
1194 2257110.214081
1192 2257646.502329
1190 2258183.523295
1189 2258452.458554
1188 2258721.737398
1187 2258992.386609
1186 2259263.052383
1180 2260887.189168
1179 2261159.821658
1174 2262523.129410
1173 2262796.252803
1172 2263069.738093
1171 2263343.338213
1169 2263891.196095
1168 2264165.856753
1167 2264442.013854
1164 2265270.776523
1163 2265547.504028
1155 2267764.896726
1151 2268874.065494
1150 2269151.937626
1149 2269430.691014
1141 2271661.006779
1138 2272498.660311
1137 2272778.032270
1136 2273057.640140
1135 2273337.512321
1134 2273618.027138
1132 2274183.655319
1131 2274467.401495
1130 2274751.965475
1129 2275036.997966
1126 2275895.789544
1123 2276754.762267
1111 2280202.106787
1107 2281353.244823
1103 2282505.966882
1101 2283082.658319
1095 2284814.141743
1094 2285103.707974
1092 2285682.889914
1090 2286265.240469
1088 2286848.575792
1087 2287140.488695
1084 2288020.044608
1083 2288313.670033
1082 2288607.929282
1081 2288903.051648
1080 2289201.683492
1078 2289799.282880
1077 2290099.892159
1075 2290701.881721
1072 2291605.909508
1071 2291907.917945
1069 2292511.962280
1063 2294325.502318
1062 2294629.398936
1061 2294933.369486
1059 2295547.516764
1056 2296473.060727
1055 2296781.814457
1054 2297090.692323
1053 2297400.708136
1051 2298021.339691
1050 2298332.704061
1049 2298645.823554
1047 2299272.992319
1046 2299587.417150
1044 2300216.615563
1040 2301475.232542
1038 2302104.967846
1037 2302421.202136
1036 2302739.801421
1035 2303058.959315
1034 2303380.828161
1032 2304025.400760
1031 2304348.070423
1016 2309211.416598
1015 2309536.907511
1014 2309862.962421
1013 2310189.528235
1011 2310843.299665
1008 2311824.892055
1007 2312153.856760
1004 2313141.105024
1000 2314462.323284
999 2314794.285513
993 2316791.623094
990 2317793.634176
983 2320144.222884
978 2321831.497631
976 2322514.627302
971 2324224.833143
963 2326965.808670
960 2327995.194425
958 2328682.893754
952 2330751.681126
951 2331098.010661
949 2331790.717238
940 2334910.155860
939 2335257.705771
938 2335610.839428
936 2336320.272626
935 2336676.294872
932 2337748.009540
930 2338463.802066
927 2339537.959877
921 2341693.304511
920 2342052.553591
914 2344209.289967
909 2346010.519227
908 2346372.509761
905 2347460.748075
902 2348553.663740
900 2349283.840279
896 2350744.321325
895 2351118.468380
883 2355663.860394
880 2356801.785790
878 2357561.935206
876 2358323.098467
874 2359087.012972
873 2359473.343431
871 2360250.775833
868 2361418.418310
865 2362594.342456
862 2363782.036772
858 2365375.822718
857 2365775.745873
856 2366175.842096
855 2366576.055594
847 2369778.438410
846 2370178.986693
845 2370580.760771
843 2371387.158233
837 2373813.399188
835 2374629.474024
829 2377080.681609
825 2378719.880969
824 2379130.915745
821 2380364.268045
815 2382840.323292
812 2384080.987975
810 2384913.721393
808 2385750.438817
805 2387010.401413
801 2388700.301699
800 2389123.154518
797 2390391.748390
787 2394643.461441
781 2397202.205945
780 2397631.172172
775 2399790.007608
774 2400223.074789
772 2401091.023111
769 2402396.304026
768 2402833.902980
766 2403719.287057
763 2405058.614310
757 2407741.762223
755 2408636.459783
752 2409981.891578
747 2412236.367351
746 2412687.449197
743 2414041.753618
742 2414493.754401
741 2414946.680503
737 2416771.695912
732 2419058.976194
730 2419975.344990
729 2420433.874242
728 2420895.833757
723 2423213.756325
722 2423677.523790
720 2424609.679404
719 2425077.298775
715 2426948.860235
714 2427420.151921
711 2428846.899957
705 2431702.705508
704 2432179.009476
698 2435039.069269
695 2436477.665161
693 2437437.024924
690 2438876.714441
689 2439363.463637
687 2440340.094059
686 2440830.294844
685 2441323.389239
683 2442310.419950
681 2443300.740975
678 2444788.905981
672 2447804.983947
671 2448310.218615
668 2449827.427390
665 2451345.972738
664 2451856.925059
662 2452882.631674
661 2453399.666070
658 2454951.003435
657 2455468.386118
655 2456505.110906
653 2457549.001935
650 2459115.337330
649 2459637.809980
645 2461731.751119
644 2462255.844999
639 2464885.009182
636 2466491.675746
631 2469175.048448
630 2469715.837328
626 2471882.447192
620 2475137.647608
616 2477311.203983
611 2480049.124142
609 2481148.318493
607 2482263.351386
605 2483392.349987
604 2483957.843558
602 2485092.756843
598 2487363.835629
596 2488500.031430
594 2489638.290999
593 2490209.399213
592 2490783.486491
591 2491361.908925
590 2491942.337077
588 2493113.175269
583 2496089.127289
581 2497282.759750
571 2503281.939975
569 2504496.219004
568 2505107.434557
567 2505719.741923
565 2506951.332216
564 2507570.716189
562 2508811.583475
561 2509434.807651
560 2510058.651695
559 2510683.135585
557 2511933.225256
555 2513189.886834
552 2515076.205838
551 2515706.915785
550 2516337.829900
548 2517602.336215
544 2520132.652827
543 2520765.692228
538 2523945.443931
537 2524585.873564
536 2525233.376784
533 2527184.888513
530 2529145.469997
527 2531111.939852
526 2531772.877718
522 2534418.725746
521 2535090.828011
518 2537111.305587
514 2539816.105124
513 2540494.207539
509 2543241.889520
508 2543933.236234
506 2545323.560078
502 2548107.373258
500 2549520.420789
499 2550234.758969
498 2550953.265955
490 2556728.991583
489 2557457.394692
486 2559655.834677
484 2561121.803028
481 2563331.916899
480 2564072.360680
479 2564817.894284
478 2565568.861597
472 2570076.242378
470 2571579.347629
467 2573842.575299
465 2575361.438293
463 2576884.529347
459 2579952.940412
453 2584566.131677
452 2585335.462503
450 2586891.867933
447 2589237.706378
445 2590813.439406
444 2591602.729380
443 2592394.053716
442 2593185.743417
441 2593981.500100
440 2594779.835714
439 2595580.306795
437 2597181.802927
435 2598787.828089
434 2599592.961838
431 2602023.140868
430 2602839.602134
425 2606946.858049
424 2607774.890590
423 2608604.221136
422 2609455.008592
410 2619694.626646
409 2620553.377865
408 2621418.157245
402 2626609.925281
401 2627479.930057
399 2629240.107215
394 2633685.132650
390 2637273.559121
386 2640863.283524
380 2646262.186732
374 2651678.444447
373 2652591.988845
371 2654421.296774
368 2657175.640066
367 2658094.127811
363 2661816.712995
360 2664620.344229
358 2666498.010333
357 2667440.117756
353 2671248.675461
352 2672205.128192
351 2673162.173113
348 2676046.696925
345 2678952.431387
344 2679929.154624
341 2682881.499643
340 2683868.134741
338 2685847.368241
336 2687850.990424
335 2688868.145950
334 2689889.210085
332 2691953.891181
331 2692991.619223
328 2696117.485596
326 2698239.941565
325 2699301.917506
323 2701429.210128
322 2702510.081621
320 2704715.111868
319 2705818.728689
318 2706942.454174
317 2708074.947800
315 2710361.846371
312 2713869.592179
311 2715040.086947
308 2718559.683623
306 2720937.574602
304 2723338.758787
303 2724539.732620
298 2730555.593182
293 2736579.457836
292 2737784.440968
290 2740228.503872
286 2745232.029099
282 2750247.825817
281 2751506.994917
273 2761614.588977
272 2762883.258309
271 2764163.508260
270 2765454.852409
269 2766747.968471
267 2769354.661078
266 2770664.462908
264 2773300.068691
262 2775952.318332
261 2777301.211477
259 2780064.268695
258 2781465.615892
257 2782871.888072
255 2785720.530704
254 2787165.054467
253 2788615.432165
251 2791530.303948
250 2792995.362978
249 2794460.836051
247 2797397.636504
244 2801846.687246
242 2804845.947569
241 2806389.518384
240 2807939.655131
237 2812618.060585
236 2814190.505660
234 2817357.569400
233 2818953.857225
226 2830234.499590
223 2835293.594624
218 2843880.389153
216 2847366.761274
213 2852736.891163
211 2856364.906303
204 2869084.452873
201 2874691.342110
199 2878457.481560
196 2884236.715795
195 2886174.105144
192 2892224.078993
191 2894271.022834
188 2900426.945650
185 2906632.428153
183 2910855.532985
181 2915194.678805
180 2917395.736477
178 2921833.453917
177 2924064.795203
175 2928548.356868
172 2935439.995292
171 2937753.438379
170 2940072.755019
169 2942401.395089
168 2944758.135404
165 2951880.601583
163 2956746.820494
161 2961625.290480
160 2964089.809986
159 2966580.951650
158 2969086.915166
156 2974179.095702
155 2976746.220758
154 2979339.201790
150 2989891.858307
149 2992547.305103
145 3003378.974778
143 3009113.058486
142 3012106.919468
139 3021327.824353
137 3027587.927781
133 3040235.203728
132 3043493.406989
129 3053435.071083
128 3056809.352134
127 3060243.711570
123 3074276.128328
122 3077813.147028
118 3092032.093688
117 3095672.959426
116 3099415.108503
113 3110644.297030
107 3133410.616598
106 3137214.428190
105 3141194.141742
104 3145268.062657
103 3149532.509654
102 3153924.834008
100 3162735.400271
99 3167331.441738
96 3181173.436836
93 3195103.023672
92 3199880.846629
90 3209636.038386
87 3224353.572980
86 3229268.118906
78 3269583.634422
76 3279666.489590
73 3294857.328752
68 3321055.919296
64 3342781.753197
62 3353769.837303
60 3365190.325532
58 3377409.881382
57 3384211.904571
56 3392179.466612
55 3400213.743920
53 3416820.932785
44 3495620.791529
43 3505332.026513
37 3565219.205603
35 3586207.030177
33 3607333.553587
31 3634873.897196
30 3648666.968290
27 3690478.306794
24 3734157.616925
22 3764576.003758
15 3872324.082795
14 3889213.363262
4 4086312.698939
3 4106348.685602
1 4177033.973190
